Date,Open,High,Low,Close,Volume,Dividends,Stock Splits,Daily Return,30-Day Volatility,YoY Change
2019-12-24 00:00:00-05:00,69.00049581934775,69.04897290437611,68.57150246344902,68.89869689941406,48478800,0.0,0.0,,,
2019-12-26 00:00:00-05:00,69.0320126431219,70.28264612701129,69.00292934758863,70.26567840576172,93121200,0.0,0.0,0.019840455159018777,,
2019-12-27 00:00:00-05:00,70.55892938705581,71.24968709103864,69.83181757161367,70.23899841308594,146266000,0.0,0.0,-0.0003797016307408585,,
2019-12-30 00:00:00-05:00,70.15658572923759,70.93944536220306,69.12893684113479,70.65586853027344,144114400,0.0,0.0,0.005935023656456817,,
2019-12-31 00:00:00-05:00,70.27051535514738,71.17940522249022,70.17114250873013,71.17213439941406,100805600,0.0,0.0,0.007306765593284359,,
2020-01-02 00:00:00-05:00,71.79988841807065,72.85662843705877,71.54540216077686,72.79603576660156,135480400,0.0,0.0,0.022816533196464928,,
2020-01-03 00:00:00-05:00,72.02041625768727,72.8517455706424,71.86287686024052,72.0882797241211,146322800,0.0,0.0,-0.009722453084528904,,
2020-01-06 00:00:00-05:00,71.20606963688756,72.70149228565275,70.95400211001883,72.66271209716797,118387200,0.0,0.0,0.007968457220025371,,
2020-01-07 00:00:00-05:00,72.67241690140098,72.92932920607493,72.10042570127877,72.32098388671875,108872000,0.0,0.0,-0.004702937732247614,,
2020-01-08 00:00:00-05:00,72.02285002693742,73.78730773933461,72.02285002693742,73.48434448242188,132079200,0.0,0.0,0.016086072577847776,,
2020-01-09 00:00:00-05:00,74.46595763529108,75.23912061605091,74.21389747975358,75.04522705078125,170108400,0.0,0.0,0.021241021871437615,,
2020-01-10 00:00:00-05:00,75.2803190714048,75.78202805010778,74.71074661224186,75.21487426757812,140644800,0.0,0.0,0.002260599687200271,,
2020-01-13 00:00:00-05:00,75.5323939772133,76.84846485002203,75.41362732738085,76.8218002319336,121532000,0.0,0.0,0.021364470525321977,,
2020-01-14 00:00:00-05:00,76.758789108947,76.96965039455488,75.66085034178165,75.78445434570312,161954400,0.0,0.0,-0.013503274892004646,,
2020-01-15 00:00:00-05:00,75.58328240864935,76.46793372841316,75.0258255219773,75.45967102050781,121923600,0.0,0.0,-0.004285619366127036,,
2020-01-16 00:00:00-05:00,76.00500479670342,76.51641067102332,75.64144885255202,76.40491485595703,108829200,0.0,0.0,0.01252647702628229,,
2020-01-17 00:00:00-05:00,76.65455638252,77.253212133664,76.34674834560415,77.25079345703125,137816400,0.0,0.0,0.011070997234522428,,
2020-01-21 00:00:00-05:00,76.87752535201018,77.3210602617499,76.58910376824649,76.72725677490234,110843200,0.0,0.0,-0.0067771042690987215,,
2020-01-22 00:00:00-05:00,77.21441667860984,77.5561600864613,76.90660870255334,77.00113677978516,101832400,0.0,0.0,0.003569526872129636,,
2020-01-23 00:00:00-05:00,77.05446622858818,77.45195017577431,76.5042802197772,77.3719711303711,104472000,0.0,0.0,0.004815959427280747,,
2020-01-24 00:00:00-05:00,77.61919405852058,78.36569234251847,76.95751957755354,77.14899444580078,146537600,0.0,0.0,-0.0028818793332097137,,
2020-01-27 00:00:00-05:00,75.14943709018755,75.56388879724423,73.89395899955545,74.88040924072266,161940000,0.0,0.0,-0.029405246580003874,,
2020-01-28 00:00:00-05:00,75.76506778148637,77.17081461349557,75.66569492593983,76.99873352050781,162234000,0.0,0.0,0.028289432459900787,,
2020-01-29 00:00:00-05:00,78.63716113897716,79.46121987792021,77.89308146084672,78.6104965209961,216229200,0.0,0.0,0.02093233130982619,,
2020-01-30 00:00:00-05:00,77.68947591112114,78.54988860150131,77.25563045650009,78.49656677246094,126743200,0.0,0.0,-0.001449294350974184,,
2020-01-31 00:00:00-05:00,77.78402044785376,78.20816913725739,74.72045890317577,75.01615142822266,199588400,0.0,0.0,-0.04433844035914347,,
2020-02-03 00:00:00-05:00,73.75339487793374,75.98078201621831,73.24926711862054,74.81013488769531,173788400,0.0,0.0,-0.002746295785707731,,
2020-02-04 00:00:00-05:00,76.42190524343457,77.47137452225437,76.0147242403826,77.27989959716797,136616400,0.0,0.0,0.03301377163910013,,
2020-02-05 00:00:00-05:00,78.411751069267,78.71229570893303,77.30412280540882,77.91004943847656,118826800,0.0,0.0,0.008154123447278394,,
2020-02-06 00:00:00-05:00,78.18148791656665,78.82376854121485,77.62161241012203,78.82134246826172,105425600,0.0,0.0,0.011696732788043951,,
2020-02-07 00:00:00-05:00,78.3184696356632,78.56870361941783,77.25679722483902,77.7499771118164,117684000,0.1925,0.0,-0.01359232566835189,0.01656742517510752,
2020-02-10 00:00:00-05:00,76.32872251651483,78.11923217773438,76.24855365122801,78.11923217773438,109348800,0.0,0.0,0.004749262696076784,0.01630220298822476,
2020-02-11 00:00:00-05:00,78.61729312283484,78.6901739257034,77.42928413723492,77.64793395996094,94323200,0.0,0.0,-0.006033062597199601,0.016383069521980008,
2020-02-12 00:00:00-05:00,78.09979998299478,79.49673857196723,78.09979998299478,79.49188232421875,113730400,0.0,0.0,0.02374755219126179,0.016792816929035153,
2020-02-13 00:00:00-05:00,78.76062560698541,79.2538054479268,78.55655195702208,78.92582702636719,94747600,0.0,0.0,-0.007120919536699688,0.016903226725233953,
2020-02-14 00:00:00-05:00,78.89423512616942,79.19549303005526,78.43507131238371,78.94525909423828,80113600,0.0,0.0,0.0002462067057542594,0.016515886573203412,
2020-02-18 00:00:00-05:00,76.61539135590418,77.68192708006474,76.43318198824178,77.49971771240234,152531200,0.0,0.0,-0.01831068006389558,0.01681288854580632,
2020-02-19 00:00:00-05:00,77.74265350732433,78.85291755711393,77.74265350732433,78.62211608886719,93984000,0.0,0.0,0.014482612448086796,0.016926921214883546,
2020-02-20 00:00:00-05:00,78.38162741760964,78.87237540713653,77.3078034073495,77.81555938720703,100566000,0.0,0.0,-0.01025864911532648,0.017041502335644197,
2020-02-21 00:00:00-05:00,77.40740945099631,77.85200453086176,75.43469023560293,76.05419921875,129554000,0.0,0.0,-0.02263506401968496,0.01744523629587927,
2020-02-24 00:00:00-05:00,72.21808333283613,73.8992644068107,70.26722851902157,72.44158935546875,222195200,0.0,0.0,-0.04750046546266984,0.0191646852754511,
2020-02-25 00:00:00-05:00,73.11455813124694,73.49840932047712,69.51409877566901,69.98783874511719,230673600,0.0,0.0,-0.03387212555913266,0.020067036426669804,
2020-02-26 00:00:00-05:00,69.6112788668062,72.3687159357965,69.6039907873723,71.09810638427734,198054800,0.0,0.0,0.01586372231329425,0.01986842848510159,
2020-02-27 00:00:00-05:00,68.29207996071155,69.48251314363536,66.31449718169252,66.45054626464844,320605600,0.0,0.0,-0.06536826866399736,0.022895175842175573,
2020-02-28 00:00:00-05:00,62.50025221622377,67.6385554997623,62.2840268493113,66.41167449951172,426510000,0.0,0.0,-0.0005849728455490366,0.02290418611709007,
2020-03-02 00:00:00-05:00,68.57874837854894,73.23359135629464,67.47091599038848,72.59464263916016,341397200,0.0,0.0,0.09310062103153105,0.02885811017956041,
2020-03-03 00:00:00-05:00,73.77535933674136,73.85552819395053,69.43391136932343,70.2890853881836,319475600,0.0,0.0,-0.031759330539535724,0.02928109971920593,
2020-03-04 00:00:00-05:00,72.01886735003644,73.70976836620322,71.21471719102264,73.54942321777344,219178400,0.0,0.0,0.04638469559795899,0.030606527208735593,
2020-03-05 00:00:00-05:00,71.79536491446169,72.77443652965138,70.79686089078,71.16371154785156,187572800,0.0,0.0,-0.032436850835090736,0.031124367220361306,
2020-03-06 00:00:00-05:00,68.51071171959263,70.65349533361479,68.32364613327019,70.21862030029297,226176800,0.0,0.0,-0.013280522150999619,0.031159836218024314,
2020-03-09 00:00:00-04:00,64.07695437979449,67.56079624197245,63.8947450308472,64.66488647460938,286744800,0.0,0.0,-0.07909203857798419,0.0341343775848893,
2020-03-10 00:00:00-04:00,67.33002237477794,69.58941601369386,65.44232820850907,69.32217407226562,285290000,0.0,0.0,0.07202189397618342,0.03659896745466267,
2020-03-11 00:00:00-04:00,67.39075287348057,68.3212322165363,66.04725520576122,66.9145736694336,255598800,0.0,0.0,-0.03473059573005033,0.03661363256863461,
2020-03-12 00:00:00-04:00,62.17956017177718,65.59537815986118,60.25056956905768,60.30644607543945,418474000,0.0,0.0,-0.09875468424321321,0.040150491988183816,
2020-03-13 00:00:00-04:00,64.35391154312393,68.00538633812462,61.45313461530539,67.5316390991211,370732000,0.0,0.0,0.11980797234583163,0.04644422475060465,
2020-03-16 00:00:00-04:00,58.78074574053364,62.942405493904495,58.30700208996455,58.84391403198242,322423600,0.0,0.0,-0.12864673778148739,0.051270884207528455,
2020-03-17 00:00:00-04:00,60.13152785246368,62.58527878886286,57.91829094246008,61.43128967285156,324056000,0.0,0.0,0.04397014854353287,0.05210041108355447,
2020-03-18 00:00:00-04:00,58.25113092125165,60.736466075066666,57.60732215662013,59.92745590209961,300233600,0.0,0.0,-0.024479931623778817,0.05170124484459944,
2020-03-19 00:00:00-04:00,60.10238113169301,61.42643543687088,58.941100121340455,59.468292236328125,271857200,0.0,0.0,-0.007661991634044907,0.05162047621593692,
2020-03-20 00:00:00-04:00,60.05135477378656,61.18105522592207,55.39165504540794,55.692909240722656,401693200,0.0,0.0,-0.06348564678134738,0.052465981790786466,
2020-03-23 00:00:00-04:00,55.41108483288239,55.51312163568075,51.65271258137682,54.5097541809082,336752800,0.0,0.0,-0.02124426746501029,0.05250175926541024,
2020-03-24 00:00:00-04:00,57.422678587356735,60.17525538486383,56.92221075272987,59.97846984863281,287531200,0.0,0.0,0.10032545091975487,0.05622257474262068,
2020-03-25 00:00:00-04:00,60.91866936456952,62.74076316410799,59.3516694383783,59.64806365966797,303602000,0.0,0.0,-0.00550874655186584,0.05622304549268951,
2020-03-26 00:00:00-04:00,59.891008534290606,62.8452270829615,59.85213631083276,62.786922454833984,252087200,0.0,0.0,0.05262297889626888,0.05701319990102267,
2020-03-27 00:00:00-04:00,61.40455808271416,62.16254788050298,60.01976760326953,60.18740081787109,204216800,0.0,0.0,-0.04140227829820575,0.05737338866121124,
2020-03-30 00:00:00-04:00,60.91624540312953,62.07752630082117,60.59069513800199,61.905033111572266,167976400,0.0,0.0,0.028538070598841614,0.05773489330913193,
2020-03-31 00:00:00-04:00,62.09696014187927,63.77085317683828,61.2223536075195,61.7786979675293,197002000,0.0,0.0,-0.00204078953992759,0.057696169178157036,
2020-04-01 00:00:00-04:00,59.886142364607466,60.425482361169855,58.09563292519833,58.528076171875,176218400,0.0,0.0,-0.05261719496520978,0.05817653181837071,
2020-04-02 00:00:00-04:00,58.38960956978753,59.55817861263245,57.55387518294648,59.504730224609375,165934000,0.0,0.0,0.016686932436772883,0.05835071925878749,
2020-04-03 00:00:00-04:00,58.98725744365528,59.6917989774562,58.05677432512775,58.64956283569336,129880000,0.0,0.0,-0.014371418636603517,0.05829511102518528,
2020-04-06 00:00:00-04:00,60.95510987284994,63.92147650814731,60.58583486452881,63.765995025634766,201820400,0.0,0.0,0.0872373457288178,0.06022434550205832,
2020-04-07 00:00:00-04:00,65.78972822133507,66.00838540103557,62.92297037455114,63.027435302734375,202887200,0.0,0.0,-0.0115823445176928,0.059960783293531536,
2020-04-08 00:00:00-04:00,63.83158830415397,64.95642874150907,63.46474512347498,64.6406021118164,168895200,0.0,0.0,0.025594676371228475,0.06008554100915506,
2020-04-09 00:00:00-04:00,65.27954490531218,65.61237949299203,64.3077616237392,65.10704803466797,161834800,0.0,0.0,0.00721598975895521,0.05887105783113458,
2020-04-13 00:00:00-04:00,65.1847957247921,66.49427732074086,64.58228739111088,66.38494873046875,131022800,0.0,0.0,0.019627686009052736,0.05896794456443036,
2020-04-14 00:00:00-04:00,68.02483698264969,70.02914021517418,67.55108961658726,69.73760223388672,194994800,0.0,0.0,0.05050321748428499,0.05717601473629073,
2020-04-15 00:00:00-04:00,68.6078945262973,69.56266976998216,68.17788311628567,69.10107421875,131154400,0.0,0.0,-0.009127472048751084,0.056887716850419365,
2020-04-16 00:00:00-04:00,69.81774912334944,70.01696641289247,68.59573232713251,69.65011596679688,157125200,0.0,0.0,0.00794548788501892,0.05625973104576119,
2020-04-17 00:00:00-04:00,69.16425698531064,69.71331699752928,67.26198676311418,68.70508575439453,215250000,0.0,0.0,-0.013568250379552116,0.055992661668201875,
2020-04-20 00:00:00-04:00,67.52681652344053,68.43299999416364,67.25957454803297,67.27900695800781,130015200,0.0,0.0,-0.020756524509475738,0.05607199785119177,
2020-04-21 00:00:00-04:00,67.12108160089471,67.35673938059448,64.48511754898358,65.19937896728516,180991600,0.0,0.0,-0.030910503658602706,0.0543902891858615,
2020-04-22 00:00:00-04:00,66.4724141891117,67.51465402003916,66.12986704581802,67.07735443115234,116862400,0.0,0.0,0.028803579015829195,0.05301872743121322,
2020-04-23 00:00:00-04:00,67.02146404669297,68.44998669440024,66.77851821991604,66.81739044189453,124814400,0.0,0.0,-0.0038755850087176524,0.05261414980265171,
2020-04-24 00:00:00-04:00,67.34458885914316,68.75610357640764,67.29599672618441,68.74638366699219,126161200,0.0,0.0,0.028869628285994597,0.049300886111364885,
2020-04-27 00:00:00-04:00,68.4621332593315,69.12780988807344,68.01268939638848,68.79497528076172,117087600,0.0,0.0,0.0007068242891861143,0.044327246013939565,
2020-04-28 00:00:00-04:00,69.2589956509729,69.44120502793687,67.58753452748297,67.67984771728516,112004800,0.0,0.0,-0.016209433304185006,0.03710122713704671,
2020-04-29 00:00:00-04:00,69.17397917363517,70.37413234616447,68.9699055356583,69.90281677246094,137280800,0.0,0.0,0.032845361361651504,0.03675565604199155,
2020-04-30 00:00:00-04:00,70.4445760159148,71.55484032075456,70.05343675937974,71.37748718261719,183064000,0.0,0.0,0.021096008404874578,0.036437548661827204,
2020-05-01 00:00:00-04:00,69.54325391781421,72.64081369930636,69.44607705455206,70.22836303710938,240616800,0.0,0.0,-0.016099251891115385,0.03658270122816108,
2020-05-04 00:00:00-04:00,70.25266368795357,71.35077640125569,69.56026644411233,71.22201538085938,133568000,0.0,0.0,0.014148875194840427,0.034148586165248906,
2020-05-05 00:00:00-04:00,71.68359006518509,73.12668876890349,71.53782109644345,72.29095458984375,147751200,0.0,0.0,0.015008550421779399,0.033687739942224994,
2020-05-06 00:00:00-04:00,72.9955230221983,73.67091232748685,72.60923993097663,73.03682708740234,142333600,0.0,0.0,0.010317646264189406,0.029054442892114722,
2020-05-07 00:00:00-04:00,73.66602924556396,74.13977654354584,73.3623469812468,73.7923583984375,115215200,0.0,0.0,0.010344525373905178,0.02896330408586538,
2020-05-08 00:00:00-04:00,74.4549745357271,75.60234489642646,74.12610833613621,75.54875183105469,133838400,0.205,0.0,0.023801833560239904,0.027873084117397917,
2020-05-11 00:00:00-04:00,75.05424011538071,77.23448698795877,74.84473723882499,76.73754119873047,145946400,0.0,0.0,0.015735393886244564,0.026395925599055788,
2020-05-12 00:00:00-04:00,77.42449545855905,77.87760182453242,75.73876343818256,75.86056518554688,162301200,0.0,0.0,-0.011428252710266706,0.026356282605957192,
2020-05-13 00:00:00-04:00,76.04083401805624,76.96653181484587,73.86301804797671,74.94461822509766,200622400,0.0,0.0,-0.01207408563604695,0.02653968726743297,
2020-05-14 00:00:00-04:00,74.17970399208137,75.4659301717339,73.45376288745526,75.405029296875,158929200,0.0,0.0,0.0061433506858956655,0.024055784281865944,
2020-05-15 00:00:00-04:00,73.16631038114848,75.0055137738857,73.13220232382433,74.959228515625,166348400,0.0,0.0,-0.005912082859816259,0.024152457884857412,
2020-05-18 00:00:00-04:00,76.28931972489806,77.100516197736,75.59504818699047,76.7253646850586,135178400,0.0,0.0,0.023561290643025368,0.02393275636524783,
2020-05-19 00:00:00-04:00,76.7424043944102,77.59257816496145,76.25032803863408,76.28199768066406,101729600,0.0,0.0,-0.005778623617032741,0.018999851633107752,
2020-05-20 00:00:00-04:00,77.14435531475209,77.83618836909706,77.10537786228618,77.76554870605469,111504800,0.0,0.0,0.01944824559526026,0.018844391311920613,
2020-05-21 00:00:00-04:00,77.62669752734837,78.1699360459229,76.94704163415062,77.18577575683594,102688800,0.0,0.0,-0.0074553958515772845,0.01869739006081978,
2020-05-22 00:00:00-04:00,76.92266727646846,77.76554065972839,76.82035797924657,77.6827163696289,81803200,0.0,0.0,0.006438240827669084,0.01869632504605695,
2020-05-26 00:00:00-04:00,78.80573295034046,78.98599716300203,77.10050843518626,77.15653991699219,125522000,0.0,0.0,-0.006773404397100058,0.018657550294748658,
2020-05-27 00:00:00-04:00,77.01280695551533,77.6388622427907,76.2698118885285,77.4926986694336,112945200,0.0,0.0,0.004356840687815389,0.01657958464793015,
2020-05-28 00:00:00-04:00,77.16628144944023,78.79112013772229,76.88857731287194,77.52681732177734,133560800,0.0,0.0,0.00044028215470071075,0.016416473752614326,
2020-05-29 00:00:00-04:00,77.77041392140606,78.23325906401446,77.09319651884718,77.4512939453125,153532400,0.0,0.0,-0.0009741580923073867,0.0164228056955814,
2020-06-01 00:00:00-04:00,77.40500989747099,78.52558745206125,77.27346192968375,78.4037857055664,80791200,0.0,0.0,0.012297945092130336,0.016163250955472688,
2020-06-02 00:00:00-04:00,78.1358219826799,78.79111598702812,77.69246183211925,78.76675415039062,87642800,0.0,0.0,0.004629476007539823,0.015441795330030119,
2020-06-03 00:00:00-04:00,79.08831525723531,79.46346673855659,78.51340711651795,79.20037078857422,104491200,0.0,0.0,0.00550507181438098,0.01383845684786824,
2020-06-04 00:00:00-04:00,79.02254872485325,79.32217629393165,78.14313615962425,78.5182876586914,87560400,0.0,0.0,-0.008612120411704116,0.013448658628484652,
2020-06-05 00:00:00-04:00,78.7691804038032,80.81544798423802,78.73994917802648,80.75454711914062,137250400,0.0,0.0,0.028480746678658297,0.013970587289395868,
2020-06-08 00:00:00-04:00,80.4500448415124,81.26611794142813,79.73628846860731,81.23200988769531,95654400,0.0,0.0,0.005912518682697376,0.013312222748021445,
2020-06-09 00:00:00-04:00,80.91048414553676,84.19181672502023,80.87881449555262,83.79718017578125,147712400,0.0,0.0,0.0315783185918006,0.01408654232722234,
2020-06-10 00:00:00-04:00,84.74965447468956,86.423209296877,84.30873274320918,85.95305633544922,166651600,0.0,0.0,0.02572731152940455,0.013813655970758176,
2020-06-11 00:00:00-04:00,85.09313198270294,85.5194380776058,81.72409908659924,81.82640838623047,201662400,0.0,0.0,-0.04801048531786545,0.016452927935360934,
2020-06-12 00:00:00-04:00,83.97501902856774,84.72531471810665,81.41718166294463,82.53288269042969,200146000,0.0,0.0,0.008633817836224411,0.016198192242470228,
2020-06-15 00:00:00-04:00,81.1808627446549,84.20885233004024,81.01764513591078,83.55355834960938,138808800,0.0,0.0,0.012366896997989318,0.01574834044367126,
2020-06-16 00:00:00-04:00,85.61688845940762,86.04076362659309,83.97500316337461,85.7679214477539,165428800,0.0,0.0,0.026502319492834436,0.016127631243209876,
2020-06-17 00:00:00-04:00,86.5157952019366,86.5766960865549,85.5267654304704,85.64856719970703,114406400,0.0,0.0,-0.0013915954360580463,0.016101612298908167,
2020-06-18 00:00:00-04:00,85.6047156809937,86.10166895396527,85.07122336608076,85.68267059326172,96820400,0.0,0.0,0.0003981782144137913,0.016107357408802238,
2020-06-19 00:00:00-04:00,86.39154080283116,86.85925531634406,84.07973874680876,85.19300842285156,264476000,0.0,0.0,-0.005714833198122382,0.0162060890920363,
2020-06-22 00:00:00-04:00,85.58767026765868,87.5657299019409,85.54138499847603,87.42200469970703,135445200,0.0,0.0,0.026164075176121848,0.016306384164838577,
2020-06-23 00:00:00-04:00,88.67167780071613,90.7130764076864,88.25024105134418,89.28799438476562,212155600,0.0,0.0,0.021344622460537588,0.016465033970206735,
2020-06-24 00:00:00-04:00,88.91527780438203,89.83853715411549,87.33672444267022,87.71187591552734,192623200,0.0,0.0,-0.017652076072471434,0.01671894367085923,
2020-06-25 00:00:00-04:00,87.86777486464669,88.91526681509454,87.10529481180333,88.87628936767578,137522400,0.0,0.0,0.013275436649762717,0.01646565535187223,
2020-06-26 00:00:00-04:00,88.77155327311752,88.99323335258256,85.99690581013819,86.1455078125,205256800,0.0,0.0,-0.03072564769078856,0.017766102027001403,
2020-06-29 00:00:00-04:00,86.05293705962484,88.22588356795558,85.57303786343928,88.13087463378906,130646000,0.0,0.0,0.023046666874496857,0.017960781867763075,
2020-06-30 00:00:00-04:00,87.71673790659106,89.15400438756762,87.69725289921185,88.86654663085938,140223200,0.0,0.0,0.008347494565636104,0.01764724488825099,
2020-07-01 00:00:00-04:00,88.9445053445153,89.49017478480187,88.64974720230927,88.6984634399414,110737200,0.0,0.0,-0.0018914113048205117,0.017579056299386442,
2020-07-02 00:00:00-04:00,89.60954555050597,90.2477855067387,88.58397693612106,88.6984634399414,114041600,0.0,0.0,0.0,0.017392720959991937,
2020-07-06 00:00:00-04:00,90.13331471340702,91.5413429539948,90.1016450620102,91.0711898803711,118655600,0.0,0.0,0.026750479640904823,0.017697659202728613,
2020-07-07 00:00:00-04:00,91.4511912983208,92.23315645577712,90.67653394853455,90.78858947753906,112424400,0.0,0.0,-0.0031030713796893483,0.017769183321125693,
2020-07-08 00:00:00-04:00,91.77032125487872,92.93474581994715,91.6826201191258,92.903076171875,117092000,0.0,0.0,0.0232902251979481,0.017908289954087307,
2020-07-09 00:00:00-04:00,93.79953525982644,93.85312833322664,92.25022039383914,93.3025894165039,125642800,0.0,0.0,0.004300323101140258,0.01790851154945869,
2020-07-10 00:00:00-04:00,92.89577365848908,93.52427495894224,92.28189540998636,93.46580505371094,90257200,0.0,0.0,0.001749315192941081,0.0178951706392341,
2020-07-13 00:00:00-04:00,94.77638589183748,97.39756217350656,92.82024990306108,93.0346221923828,191649200,0.0,0.0,-0.004613268575393459,0.017959152948610474,
2020-07-14 00:00:00-04:00,92.41342642632009,94.76663728718364,91.47555883539732,94.5741958618164,170989200,0.0,0.0,0.016548394921731102,0.018024861386536143,
2020-07-15 00:00:00-04:00,96.45723479721514,96.7081460918901,94.02119992301604,95.22460174560548,153198000,0.0,0.0,0.006877202368597457,0.01802179936645501,
2020-07-16 00:00:00-04:00,94.0918491550775,94.91279173687622,93.45117077912744,94.05287170410156,110577600,0.0,0.0,-0.012304908815835458,0.01834622451548856,
2020-07-17 00:00:00-04:00,94.50598610723088,94.66188849020998,93.38783943733658,93.86286926269533,92186800,0.0,0.0,-0.0020201662954428823,0.01820524060451883,
2020-07-20 00:00:00-04:00,93.9505614633719,95.9797752684357,93.60464123577772,95.8409194946289,90318000,0.0,0.0,0.021073830871263688,0.017939947604435357,
2020-07-21 00:00:00-04:00,96.63508076807028,96.710597264398,94.26725426060209,94.5181655883789,103433200,0.0,0.0,-0.013801556926049008,0.018296312508138308,
2020-07-22 00:00:00-04:00,94.21852946338672,95.4682166933375,94.13083576579898,94.78369140625,89001600,0.0,0.0,0.0028092569953954705,0.017608421171552896,
2020-07-23 00:00:00-04:00,94.51570967602892,94.59366457206065,89.65582482110416,90.4694595336914,197004400,0.0,0.0,-0.04551660532050261,0.019333866447109476,
2020-07-24 00:00:00-04:00,88.65950740859365,90.59128161056452,86.86414315402308,90.245361328125,185438800,0.0,0.0,-0.002477059183524255,0.016917606079930335,
2020-07-27 00:00:00-04:00,91.31233191463268,92.4767563073094,91.0882208654685,92.38418579101562,121214000,0.0,0.0,0.02370010415398549,0.01729742247313739,
2020-07-28 00:00:00-04:00,91.9530007505373,92.1308339572998,90.86165454486256,90.86653137207033,103625600,0.0,0.0,-0.016427642955888833,0.01760813842236935,
2020-07-29 00:00:00-04:00,91.35131946620248,92.79345556721894,91.31478042525389,92.60831451416016,90329200,0.0,0.0,0.019168588431726974,0.017318423827054202,
2020-07-30 00:00:00-04:00,91.77762295924212,93.83363719107348,91.3683708441203,93.72888946533205,158130000,0.0,0.0,0.012100154905643423,0.01738338156966992,
2020-07-31 00:00:00-04:00,100.2525895272056,103.69226986257458,98.24529157077608,103.5412368774414,374336800,0.0,0.0,0.10468861274344565,0.025394732539485966,
2020-08-03 00:00:00-04:00,105.43158191778792,108.781129727995,105.131954398828,106.15021514892578,308151200,0.0,0.0,0.02519748025197477,0.02550335102455642,
2020-08-04 00:00:00-04:00,106.3402465319621,107.95533909311013,105.61430535073688,106.85912322998048,173071600,0.0,0.0,0.00667834803782652,0.02526292178222594,
2020-08-05 00:00:00-04:00,106.57896588535844,107.5679954655589,106.11124391089764,107.2464370727539,121776800,0.0,0.0,0.003624527612301698,0.025123068274063305,
2020-08-06 00:00:00-04:00,107.58016424017666,111.48512760350664,106.98820958673392,110.98817443847656,202428800,0.0,0.0,0.0348891531304143,0.02521806334449471,
2020-08-07 00:00:00-04:00,110.50743450078213,110.96623604021984,107.6643380902287,108.4647979736328,198045600,0.205,0.0,-0.022735543472178987,0.02581683087721004,
2020-08-10 00:00:00-04:00,109.91684136955703,111.06384515107564,107.37879853018045,110.0413055419922,212403600,0.0,0.0,0.014534739360715365,0.024841818173007253,
2020-08-11 00:00:00-04:00,109.3018488792543,109.8021334499174,106.50755690311216,106.76868438720705,187902400,0.0,0.0,-0.02973993391541785,0.025631574763588086,
2020-08-12 00:00:00-04:00,107.8644362745087,110.5757546871502,107.66920508325636,110.31707000732422,165598000,0.0,0.0,0.033234329339945745,0.026084680304672515,
2020-08-13 00:00:00-04:00,111.70322831118776,113.27730675270328,111.21270008616256,112.2694091796875,210082000,0.0,0.0,0.01769752561624105,0.026085296051918803,
2020-08-14 00:00:00-04:00,112.09369702768127,112.259644279629,110.35122853945316,112.16934967041016,165565200,0.0,0.0,-0.0008912446409795605,0.02609546925563345,
2020-08-17 00:00:00-04:00,113.2968411430322,113.32124690635658,111.2468836328708,111.8765106201172,119561600,0.0,0.0,-0.002610686886867164,0.025924851910550696,
2020-08-18 00:00:00-04:00,111.62758802659576,113.23582875245064,111.29080786153608,112.80875396728516,105633600,0.0,0.0,0.008332788911637135,0.025852147081656177,
2020-08-19 00:00:00-04:00,113.21874298963276,114.37062498380035,112.85512170179622,112.9502944946289,145538000,0.0,0.0,0.0012546945371350038,0.025702958611046493,
2020-08-20 00:00:00-04:00,112.99177868647467,115.57131200892078,112.97469390875426,115.45661163330078,126907200,0.0,0.0,0.022189558246712204,0.025849009742550583,
2020-08-21 00:00:00-04:00,116.4205737619534,121.8920146880567,116.40837460528758,121.4063720703125,338054800,0.0,0.0,0.05153243588949774,0.027041527274813813,
2020-08-24 00:00:00-04:00,125.63075077449842,125.716174666539,120.9841825886312,122.85842895507812,345937600,0.0,0.0,0.011960302083029672,0.02692073987150307,
2020-08-25 00:00:00-04:00,121.7260758033708,122.19707648647878,120.12027046376028,121.85053253173828,211495600,0.0,0.0,-0.008203722218427245,0.027080923527633527,
2020-08-26 00:00:00-04:00,123.17323105412804,123.9663698240554,122.10188003313584,123.507568359375,163022400,0.0,0.0,0.013598921508243045,0.027092038265053298,
2020-08-27 00:00:00-04:00,124.11280434438925,124.4471416696021,120.8816737597356,122.03112030029295,155552400,0.0,0.0,-0.011954312425502267,0.027082582294205695,
2020-08-28 00:00:00-04:00,123.00972286968064,123.429476621527,121.60892012172948,121.83344268798828,187630000,0.0,0.0,-0.0016198950875664364,0.0270770319153498,
2020-08-31 00:00:00-04:00,124.53987915778784,127.8783816861412,122.9975274233114,125.96508026123048,225702700,0.0,4.0,0.03391217946474012,0.027373024540303804,
2020-09-01 00:00:00-04:00,129.59645917907037,131.5878564000405,127.41960197636358,130.9826202392578,151948100,0.0,0.0,0.039832785146659555,0.027549310135372155,
2020-09-02 00:00:00-04:00,134.31136056792818,134.69206665149915,123.97371354118889,128.26885986328125,200119000,0.0,0.0,-0.020718476779739925,0.028127929312456296,
2020-09-03 00:00:00-04:00,123.88582730489964,125.7698296091478,117.62856953330486,117.99951171875,257599600,0.0,0.0,-0.08006111659117499,0.03105525924314305,
2020-09-04 00:00:00-04:00,117.208837599474,120.75233522289194,108.24758859749826,118.07762908935548,332607200,0.0,0.0,0.0006620143547007018,0.031019281390207105,
2020-09-08 00:00:00-04:00,111.23466984997847,116.15457202546442,109.99493609758322,110.13159942626952,231366600,0.0,0.0,-0.06729496285086134,0.033894552940094684,
2020-09-09 00:00:00-04:00,114.46580041608054,116.30099900444924,112.51345864001443,114.5243682861328,176940500,0.0,0.0,0.03988654375989631,0.034143609756403785,
2020-09-10 00:00:00-04:00,117.49193388065343,117.62859721522052,109.81922976524736,110.78563690185548,182274400,0.0,0.0,-0.032645728068425584,0.03487773510559209,
2020-09-11 00:00:00-04:00,111.8399052801646,112.4841816810679,107.37880434308732,109.33114624023438,180860300,0.0,0.0,-0.013128873943376251,0.0350437516307816,
2020-09-14 00:00:00-04:00,111.98631998364144,113.16748580661752,110.11207375780796,112.61106872558594,140150100,0.0,0.0,0.02999989113938817,0.030071841037935327,
2020-09-15 00:00:00-04:00,115.510291072481,115.9983764662318,110.90276376385894,112.78677368164062,184642000,0.0,0.0,0.0015602814007817933,0.029785182890045267,
2020-09-16 00:00:00-04:00,112.48418186302024,113.23583021769664,109.37019414880372,109.45804595947266,154679000,0.0,0.0,-0.02951345812554096,0.030336245438254812,
2020-09-17 00:00:00-04:00,107.10546458227437,109.52636406828354,106.11952995935675,107.71068572998048,178011000,0.0,0.0,-0.015963744046181283,0.0304938326445234,
2020-09-18 00:00:00-04:00,107.76926356908416,108.23782140747392,103.5619621318686,104.2940902709961,287104900,0.0,0.0,-0.0317201161224564,0.030335637395483103,
2020-09-21 00:00:00-04:00,102.04889902285991,107.56426567814933,100.64321065047814,107.4568862915039,195713800,0.0,0.0,0.030325745325450848,0.030607715846480647,
2020-09-22 00:00:00-04:00,109.99493172137502,110.17064277235136,106.55881360489528,109.14566040039062,183055400,0.0,0.0,0.015715829549587834,0.030627611890121607,
2020-09-23 00:00:00-04:00,108.96019760104794,109.43851925260384,104.2257628187344,104.5674285888672,150718700,0.0,0.0,-0.041946072750200125,0.031116073971912496,
2020-09-24 00:00:00-04:00,102.66389575309547,107.62284590512591,102.4979484810723,105.64122009277344,167743300,0.0,0.0,0.010268890785563034,0.03054187169529843,
2020-09-25 00:00:00-04:00,105.84620539299118,109.76065258051484,105.10431346285972,109.60446166992188,149981400,0.0,0.0,0.03751605267023561,0.031167823350227563,
2020-09-28 00:00:00-04:00,112.2694154661134,112.57202605695592,110.09255111762091,112.2206039428711,137672400,0.0,0.0,0.02386893957681968,0.03147856957447187,
2020-09-29 00:00:00-04:00,111.82037541240004,112.56225990652231,110.863724689063,111.37133026123048,99382200,0.0,0.0,-0.007567894413337495,0.031508464912514196,
2020-09-30 00:00:00-04:00,111.07848448876676,114.46579860836158,110.91253722784415,113.05034637451172,142675200,0.0,0.0,0.01507583782417754,0.031591419758872835,
2020-10-01 00:00:00-04:00,114.83673221514206,114.91482766649548,113.0698654519263,114.00698852539062,116120400,0.0,0.0,0.008462089516380278,0.03162426736806529,
2020-10-02 00:00:00-04:00,110.199943712716,112.620851072261,109.54591092943504,110.32684326171876,144712000,0.0,0.0,-0.03227999714115992,0.03191622559819425,
2020-10-05 00:00:00-04:00,111.1956210076637,113.87032695294032,110.84419891878449,113.7238998413086,106243800,0.0,0.0,0.030790843634774356,0.0309486620461521,
2020-10-06 00:00:00-04:00,112.9429762724622,113.35297373285464,109.5751894639656,110.46350860595705,161498200,0.0,0.0,-0.028669358331020356,0.031217809193890157,
2020-10-07 00:00:00-04:00,111.88871555827578,112.79655482822402,111.41038643654436,112.33775329589844,96849000,0.0,0.0,0.016967093600359417,0.03141245227427993,
2020-10-08 00:00:00-04:00,113.4798516996223,113.62627880423696,111.85940465104596,112.23035430908205,83477200,0.0,0.0,-0.0009560364495940776,0.03127176839950059,
2020-10-09 00:00:00-04:00,112.53297757392214,114.21199267494644,112.1815554621918,114.18270874023438,100506900,0.0,0.0,0.017395957120259542,0.031431180243043415,
2020-10-12 00:00:00-04:00,117.19906101538244,122.19705807100242,116.43764900150892,121.4356460571289,240226800,0.0,0.0,0.06352045241276394,0.0336132060454289,
2020-10-13 00:00:00-04:00,122.28492529686822,122.4020684859354,116.7988496084318,118.21429443359376,262330500,0.0,0.0,-0.02652723255591416,0.03334823932451013,
2020-10-14 00:00:00-04:00,118.11667206811924,120.09829768888692,116.76955898516984,118.3021469116211,150712000,0.0,0.0,0.0007431629013079366,0.03242559628553316,
2020-10-15 00:00:00-04:00,115.89100965397932,118.31190929891578,115.33459254265505,117.83358764648438,112559200,0.0,0.0,-0.003960699593108519,0.03225147382473352,
2020-10-16 00:00:00-04:00,118.38999361678148,118.65356390384362,115.9788505454113,116.18384552001952,115393800,0.0,0.0,-0.014000610177586137,0.02883443276496918,
2020-10-19 00:00:00-04:00,117.10144897143915,117.5504866484014,112.90391897500494,113.21629333496094,120639300,0.0,0.0,-0.02554186575402384,0.029204632000204997,
2020-10-20 00:00:00-04:00,113.43105753145504,116.14481893561882,112.87464040688904,114.70984649658205,124423700,0.0,0.0,0.01319203374025224,0.02647237622448502,
2020-10-21 00:00:00-04:00,113.88984438108716,115.88123368813292,113.67508561548536,114.0850830078125,89946000,0.0,0.0,-0.0054464678303632885,0.025492914819583695,
2020-10-22 00:00:00-04:00,114.6512629731536,115.22720764549128,111.85941375560704,112.99177551269533,101988000,0.0,0.0,-0.00958326422957767,0.024807276921045392,
2020-10-23 00:00:00-04:00,113.61651989893868,113.7727108032714,111.55679889550252,112.29869079589844,82572600,0.0,0.0,-0.006133939515969633,0.024703008173096928,
2020-10-26 00:00:00-04:00,111.29323786895584,113.77271265873236,110.1901600699952,112.30845642089844,111850700,0.0,0.0,8.696116518169816e-05,0.024096133499385677,
2020-10-27 00:00:00-04:00,112.73797527774974,114.48532208435296,111.81061590078274,113.82152557373048,92276800,0.0,0.0,0.013472441889518239,0.024217347581728728,
2020-10-28 00:00:00-04:00,112.30846534999785,112.679407611941,108.45258581525088,108.55020141601562,143937800,0.0,0.0,-0.04631219034487666,0.025114899447598815,
2020-10-29 00:00:00-04:00,109.6923204722767,114.14365713975116,109.52636576854944,112.572021484375,146129200,0.0,0.0,0.0370503234070092,0.02580656641181423,
2020-10-30 00:00:00-04:00,108.41352582835944,109.32136496325914,105.15311895635772,106.26595306396484,190272600,0.0,0.0,-0.05601807924614233,0.02723633909509089,
2020-11-02 00:00:00-05:00,106.51001785576123,108.0426060199428,104.76267088107376,106.17811584472656,122866900,0.0,0.0,-0.0008265791319389537,0.02666697244600323,
2020-11-03 00:00:00-05:00,107.04689181264476,108.83327868826883,106.13905268507524,107.8083038330078,107624400,0.0,0.0,0.01535333317333687,0.026659661255871485,
2020-11-04 00:00:00-05:00,111.4201347222438,112.83557940582456,109.67278809330136,112.21083068847656,138235500,0.0,0.0,0.040836621103770954,0.026458935551140393,
2020-11-05 00:00:00-05:00,115.13935243550635,116.76956346695528,114.08509354419144,116.19361877441406,126387100,0.0,0.0,0.035493793794243,0.02710101989663703,
2020-11-06 00:00:00-05:00,115.6998059462053,116.56031568011556,113.55830105991429,116.06161499023438,114457900,0.205,0.0,-0.001136067415508979,0.026337776780635074,
2020-11-09 00:00:00-05:00,117.8315370062038,119.28853898482558,113.48008488932167,113.74410247802734,154515300,0.0,0.0,-0.0199679498893931,0.026312734260082092,
2020-11-10 00:00:00-05:00,112.99115052154735,114.98596819674148,111.60259072350205,113.40184783935548,138023400,0.0,0.0,-0.003008987993359691,0.026275976695440406,
2020-11-11 00:00:00-05:00,114.5948179100593,116.98077878862294,113.86142673639227,116.84387969970705,112295000,0.0,0.0,0.030352520050886067,0.02670400171922489,
2020-11-12 00:00:00-05:00,116.97103068156063,117.8608749502344,115.94427983418694,116.57010650634766,103162300,0.0,0.0,-0.002343068323843678,0.026678949796703506,
2020-11-13 00:00:00-05:00,116.79500223348673,117.01990470303244,115.25977019970036,116.61898803710938,81581900,0.0,0.0,0.00041933161276697106,0.02592616704684691,
2020-11-16 00:00:00-05:00,116.28651871988076,118.31067833952989,115.53357362715566,117.6359634399414,91183000,0.0,0.0,0.008720495863919098,0.025393827143945325,
2020-11-17 00:00:00-05:00,116.90257703096904,117.9977699386985,116.32563865812544,116.7461166381836,74271000,0.0,0.0,-0.007564411220316369,0.024816738749499384,
2020-11-18 00:00:00-05:00,115.98338696209944,117.16659066596934,115.38689479049964,115.41622924804688,76322100,0.0,0.0,-0.011391277315529691,0.02477264692876235,
2020-11-19 00:00:00-05:00,114.98595232862463,116.4234002030262,114.22322671211133,116.01270294189452,74113000,0.0,0.0,0.005168022709923559,0.024779522139304157,
2020-11-20 00:00:00-05:00,116.01271532465954,116.13983378749968,114.6926125812959,114.7415008544922,73604300,0.0,0.0,-0.010957438755986981,0.024688986873803984,
2020-11-23 00:00:00-05:00,114.58503980139255,115.01529835344871,111.2309971280372,111.32878112792967,127959300,0.0,0.0,-0.029742679859925514,0.022222849157999505,
2020-11-24 00:00:00-05:00,111.38747584073998,113.28450962449006,110.09669997199228,112.61956787109376,113874200,0.0,0.0,0.011594366973988857,0.021898134915200974,
2020-11-25 00:00:00-05:00,112.99113645130517,114.16455934476237,112.61954681537244,113.46050262451172,76499200,0.0,0.0,0.007467039425870459,0.021954969372064363,
2020-11-27 00:00:00-05:00,113.9885714852941,114.8881964087024,113.64632368404556,114.00812530517578,46691300,0.0,0.0,0.0048265490456742555,0.02197489061532738,
2020-11-30 00:00:00-05:00,114.37969515914972,118.29111497501631,114.22323478550324,116.41363525390624,169410200,0.0,0.0,0.021099460606789355,0.022184791201660285,
2020-12-01 00:00:00-05:00,118.33023398098608,120.73575635202906,117.35237899468692,120.00236511230467,127728200,0.0,0.0,0.030827401365580265,0.022306941840003838,
2020-12-02 00:00:00-05:00,119.3178540874022,120.63796419810456,118.21288071326836,120.35438537597656,89004200,0.0,0.0,0.0029334443812207844,0.0222108023975238,
2020-12-03 00:00:00-05:00,120.78463369128563,121.03887805363206,119.5036461625339,120.2174835205078,78967600,0.0,0.0,-0.0011374895483957648,0.02217594724324641,
2020-12-04 00:00:00-05:00,119.88501813402208,120.1392625157906,118.8289329732372,119.5427703857422,78260400,0.0,0.0,-0.005612437683829019,0.02211628327777476,
2020-12-07 00:00:00-05:00,119.60145354527566,121.81140813528457,119.54278462727864,121.0095672607422,86712000,0.0,0.0,0.012270059245464315,0.022134726569010988,
2020-12-08 00:00:00-05:00,121.61583717242658,122.21232935917,120.36417642191368,121.6256103515625,82225500,0.0,0.0,0.00509086268768244,0.022132962640386215,
2020-12-09 00:00:00-05:00,121.77227679520644,123.1608290458489,118.32044998517723,119.08317565917967,115089200,0.0,0.0,-0.020903777461291573,0.022454189300026607,
2020-12-10 00:00:00-05:00,117.83153582797534,121.12691009664135,117.48928804587464,120.51085662841795,81312200,0.0,0.0,0.011988939338705151,0.02059693092387764,
2020-12-11 00:00:00-05:00,119.71878019553394,120.04147411514256,117.8804156003438,119.69922637939452,86939800,0.0,0.0,-0.006734913946599974,0.01968297732188046,
2020-12-14 00:00:00-05:00,119.88501642677728,120.61840764569368,118.84849255805,119.08317565917967,79184500,0.0,0.0,-0.005146655821001156,0.01641048111362634,
2020-12-15 00:00:00-05:00,121.58648808049752,125.067656981127,121.3811394241266,125.048095703125,157243700,0.0,0.0,0.050090367601693275,0.018412249408154044,
2020-12-16 00:00:00-05:00,124.58850113943828,125.5272335235299,123.7573184744002,124.9796371459961,98208600,0.0,0.0,-0.0005474578140832742,0.018351445906160967,
2020-12-17 00:00:00-05:00,126.04549017527584,126.71043926367398,125.20453436755214,125.84992218017578,94359800,0.0,0.0,0.006963414633401888,0.01707445819750902,
2020-12-18 00:00:00-05:00,126.10417951258236,126.2410786072222,123.32706760608566,123.85511016845705,192541500,0.0,0.0,-0.01585072105855434,0.016364229150668368,
2020-12-21 00:00:00-05:00,122.25142905164114,125.46857290305822,120.71619699711728,125.39034271240234,121251600,0.0,0.0,0.012395391210400675,0.01645366664151928,
2020-12-22 00:00:00-05:00,128.69550863998023,131.43350586867354,126.77890610362954,128.95953369140625,168904800,0.0,0.0,0.02846464011339589,0.01652771752278098,
2020-12-23 00:00:00-05:00,129.23331370225134,129.49732379557145,127.88386909730784,128.0598907470703,88223700,0.0,0.0,-0.0069761646819282985,0.016604109636776727,0.8586692711188182
2020-12-24 00:00:00-05:00,128.41194650241343,130.50455594356484,128.1968171739963,129.04754638671875,54930100,0.0,0.0,0.00771245105619478,0.015872485424070833,0.8365658642262106
2020-12-28 00:00:00-05:00,131.0227740686404,134.29857879724767,130.5533930071153,133.66297912597656,124486200,0.0,0.0,0.03576536608783454,0.016886445015342682,0.9029738769890312
2020-12-29 00:00:00-05:00,134.99291871746365,135.7165220448989,131.36506921587002,131.88333129882812,121047300,0.0,0.0,-0.013314440833098073,0.017190143578912173,0.8665587734205118
2020-12-30 00:00:00-05:00,132.57756925747154,132.97849334786102,130.44583781460372,130.75875854492188,96452100,0.0,0.0,-0.008527027205266213,0.017323374092396197,0.837218451411208
2020-12-31 00:00:00-05:00,131.11078939653768,131.75617722441677,128.8030511896917,129.75157165527344,99116600,0.0,0.0,-0.007702634231590899,0.0173264845866612,0.7823988667636044
2021-01-04 00:00:00-05:00,130.56320464420665,130.65120801377864,123.95290271141998,126.54421997070312,143301900,0.0,0.0,-0.024719174062042715,0.017887771068299068,0.7554062942683983
2021-01-05 00:00:00-05:00,126.03571704206242,128.8226094660816,125.58589722438096,128.1087646484375,97664900,0.0,0.0,0.012363620227747951,0.017962791752377246,0.7630605980839869
2021-01-06 00:00:00-05:00,124.89164039803204,128.14789930215,123.5813108332451,123.79644012451172,155088000,0.0,0.0,-0.03366143242236297,0.019037552327658677,0.7117637713339529
2021-01-07 00:00:00-05:00,125.51746094781775,128.7150507858994,125.02853347683389,128.02076721191406,109578200,0.0,0.0,0.03412317093410455,0.018853494596224235,0.7421502241547218
2021-01-08 00:00:00-05:00,129.49735301668466,129.69293598741686,127.34607462660249,129.1257781982422,105158200,0.0,0.0,0.008631497923293985,0.018824620201680412,0.7206394500061406
2021-01-11 00:00:00-05:00,126.32908963536808,127.2873833559887,125.65436729910552,126.1237335205078,100384500,0.0,0.0,-0.023248995821155582,0.019494543127872868,0.6768456339077373
2021-01-12 00:00:00-05:00,125.65435630124593,126.8180060348787,124.05067484100692,125.94771575927734,91951100,0.0,0.0,-0.0013955958669891189,0.019515402237115263,0.6394788377651541
2021-01-13 00:00:00-05:00,125.90860390334043,128.5390362297107,125.64459379747748,127.99143981933594,88636800,0.0,0.0,0.016226765588704728,0.019383776777651452,0.6888877926795138
2021-01-14 00:00:00-05:00,127.90344329592908,128.09901132140328,125.90861064179391,126.0552978515625,90221800,0.0,0.0,-0.015127120770782487,0.01894801671391333,0.6704989055319923
2021-01-15 00:00:00-05:00,125.92817513139498,127.33628882412624,124.18759429479226,124.32449340820312,111598500,0.0,0.0,-0.013730517263919384,0.01915716186643129,0.6271792677550503
2021-01-19 00:00:00-05:00,124.95032606157234,125.85973908219006,124.12893134164248,124.9992218017578,90757300,0.0,0.0,0.005427155784494486,0.01916634200036008,0.6180962836489876
2021-01-20 00:00:00-05:00,125.81081955583028,129.55600574850897,125.70325491611274,129.10618591308594,104319500,0.0,0.0,0.03285591743796279,0.019946608565453945,0.6826639103213301
2021-01-21 00:00:00-05:00,130.83699752771275,136.57700140751876,130.6316414195188,133.83900451660156,120150900,0.0,0.0,0.0366583411169914,0.020825222014935377,0.7381432289677294
2021-01-22 00:00:00-05:00,133.26205678423892,136.7530057350872,132.0299650538176,135.9902801513672,114459400,0.0,0.0,0.016073607559586867,0.02094900260308852,0.7576168496757665
2021-01-25 00:00:00-05:00,139.90172260354075,141.8769789688564,133.51631569933016,139.75503540039062,157611700,0.0,0.0,0.027684002451005885,0.020840098533859725,0.8114952295142648
2021-01-26 00:00:00-05:00,140.41995882769103,141.10445422096296,138.2393318250726,139.9897003173828,98390600,0.0,0.0,0.0016791160069467015,0.020815385899143255,0.8695103530664385
2021-01-27 00:00:00-05:00,140.25371891703733,141.10446281272274,137.3006079089825,138.9140625,140843800,0.0,0.0,-0.007683692549838583,0.020834878824842685,0.8041084073545401
2021-01-28 00:00:00-05:00,136.43031805990591,138.84562082531298,133.67276011557627,134.0541229248047,142621100,0.0,0.0,-0.03498522386957992,0.022023315209982266,0.7052954612619722
2021-01-29 00:00:00-05:00,132.822059963538,133.71191168514858,127.3265190787023,129.0377655029297,177523800,0.0,0.0,-0.037420388962515094,0.021523645830213097,0.6438650861887145
2021-02-01 00:00:00-05:00,130.7880708438256,132.38197883701486,128.03051332831137,131.16943359375,106239800,0.0,0.0,0.016519722598357545,0.021698764696481458,0.7485492270188803
2021-02-02 00:00:00-05:00,132.72424395973647,133.29140160318417,131.6290512252896,132.00064086914062,83305400,0.0,0.0,0.006336897649226625,0.021693964647746363,0.7644753757936606
2021-02-03 00:00:00-05:00,132.7535804324545,132.76336853115643,130.6511982932754,130.97389221191406,89880900,0.0,0.0,-0.00777836115390107,0.021516577987862353,0.6947989437697688
2021-02-04 00:00:00-05:00,133.28163010930348,134.35726158111493,131.60949161173116,134.3474884033203,84183100,0.0,0.0,0.025757776106613894,0.021872663452930624,0.7243922879218663
2021-02-05 00:00:00-05:00,134.50911296207428,134.57765733933653,133.04992615255156,133.93130493164062,75693800,0.205,0.0,-0.0030978135626196224,0.021334834050541547,0.6991756386992463
2021-02-08 00:00:00-05:00,133.2163526662309,134.1271243056185,132.12931132170925,134.07815551757812,71297200,0.0,0.0,0.0010964619960394106,0.02127530713069319,0.7244783921254812
2021-02-09 00:00:00-05:00,133.794160762308,135.02810861159247,133.04009812460947,133.19677734375,76774200,0.0,0.0,-0.006573614996609689,0.021297133792652547,0.7050446302480926
2021-02-10 00:00:00-05:00,133.65709666400645,134.1565575863222,131.6201167805253,132.5896453857422,73046600,0.0,0.0,-0.004558158013395097,0.020294100968446305,0.7075746722908542
2021-02-11 00:00:00-05:00,133.08906945057942,133.56893978199793,131.00313604563317,132.3350067138672,64280000,0.0,0.0,-0.0019205019451872252,0.020143741860486883,0.6647612667431924
2021-02-12 00:00:00-05:00,131.57117629949693,132.72676258400895,130.92482383026964,132.570068359375,60145100,0.0,0.0,0.0017762620136942964,0.020075594567272263,0.6796791792259154
2021-02-16 00:00:00-05:00,132.68756527135056,133.1967989667869,130.04339941830557,130.4351348876953,80576300,0.0,0.0,-0.016104189264595115,0.02025398972149171,0.6522225195561484
2021-02-17 00:00:00-05:00,128.53525125572466,129.48518916522133,126.79206961510138,128.13372802734375,97918500,0.0,0.0,-0.017644071609486778,0.019991222783657295,0.6533444483351765
2021-02-18 00:00:00-05:00,126.52766922562904,127.31112529299143,124.77469953697928,127.02713012695312,96856700,0.0,0.0,-0.008636273348376133,0.019933025521640255,0.6156666399486548
2021-02-19 00:00:00-05:00,127.54614162419251,128.00642141328152,126.13592396767972,127.18378448486328,87668800,0.0,0.0,0.0012332354336714868,0.018897734248379185,0.6344261415895243
2021-02-22 00:00:00-05:00,125.36225709015602,127.03689430981674,123.00210901419216,123.39383697509766,103916400,0.0,0.0,-0.02979898361348643,0.0186446890307518,0.6224460745446492
2021-02-23 00:00:00-05:00,121.20017424260932,124.08915402582352,115.94124359187607,123.2567367553711,158273000,0.0,0.0,-0.001111078341410443,0.01855472482244936,0.7014637289437964
2021-02-24 00:00:00-05:00,122.3557703088022,122.96294158036312,119.7018242624004,122.75728607177734,111039900,0.0,0.0,-0.004052116717847332,0.018100080127299002,0.7539802381787608
2021-02-25 00:00:00-05:00,122.10116765867502,123.8443496353448,118.04679840662992,118.48748779296876,148199500,0.0,0.0,-0.03478244278153875,0.01913821814446409,0.6665350713077658
2021-02-26 00:00:00-05:00,120.05438475371218,122.26764174133282,118.69313565902812,118.75189971923828,164560400,0.0,0.0,0.002231559898809854,0.018850650733308567,0.7870718360431908
2021-03-01 00:00:00-05:00,121.19037427317316,125.28391610304168,120.25023166025078,125.14681243896484,116307900,0.0,0.0,0.05385103509792999,0.02128458226658858,0.884409832790543
2021-03-02 00:00:00-05:00,125.75401025440044,126.05759591790384,122.42433332459191,122.53205871582033,102260900,0.0,0.0,-0.020893490390893943,0.021482902477122316,0.687893958303228
2021-03-03 00:00:00-05:00,122.22845904908286,123.10984517040184,119.31988858452522,119.53533935546876,112966300,0.0,0.0,-0.02445661479745176,0.021898814439096838,0.7006244809605111
2021-03-04 00:00:00-05:00,119.2317432928742,121.043476706908,116.16648638094868,117.64524841308594,178155000,0.0,0.0,-0.015811984577733584,0.021071537506930308,0.5995400543760703
2021-03-05 00:00:00-05:00,118.47767529541257,119.41781793599816,115.13820351970436,118.9085693359375,153766600,0.0,0.0,0.01073839309187985,0.019892857441431436,0.6709157905006342
2021-03-08 00:00:00-05:00,118.42872233332336,118.49727417654536,113.80634812866808,113.9532470703125,154376600,0.0,0.0,-0.0416733822742863,0.020687118069765913,0.6228351765242113
2021-03-09 00:00:00-05:00,116.56802181848973,119.53534910940212,116.33298799082289,118.58541107177734,129525800,0.0,0.0,0.04064968853942941,0.02152636724389285,0.8338455000356311
2021-03-10 00:00:00-05:00,119.17299720542609,119.64306482272416,116.97932341940152,117.49836730957033,111943300,0.0,0.0,-0.009166757971172834,0.02149726344811445,0.6949607954748063
2021-03-11 00:00:00-05:00,120.00542132871762,120.66156146216822,118.75189764941184,119.43741607666016,103026500,0.0,0.0,0.01650277200857664,0.02186672913046047,0.7849238144547706
2021-03-12 00:00:00-05:00,117.90966013264828,118.66373024341756,116.69531025865058,118.52662658691406,88105100,0.0,0.0,-0.0076256630431581485,0.02112192033508294,0.9654055959232772
2021-03-15 00:00:00-04:00,118.8987923610434,121.43521792323804,117.92926387065968,121.42542266845705,92403800,0.0,0.0,0.024456918795519256,0.020751714887545118,0.7980523542488305
2021-03-16 00:00:00-04:00,123.10004095769754,124.58860573684278,122.14031528444951,122.97273254394533,115227900,0.0,0.0,0.012742882351030271,0.020647826560641534,1.089812252752393
2021-03-17 00:00:00-04:00,121.48418312807976,123.25674313985049,119.80954577485848,122.17949676513672,111932600,0.0,0.0,-0.0064505013623661345,0.020602930289861918,0.9888805430554344
2021-03-18 00:00:00-04:00,120.3383712370296,120.6321690838852,117.8313241711299,118.03697967529295,121229700,0.0,0.0,-0.033905173940983246,0.02137707942931594,0.9696644534372338
2021-03-19 00:00:00-04:00,117.4199980747924,118.91835046372626,117.20454734432816,117.50813293457033,185549500,0.0,0.0,-0.00448034795686425,0.020663597396973765,0.9759796105728205
2021-03-22 00:00:00-04:00,117.84110942248935,121.30788935180465,117.77255759358718,120.83781433105467,111912300,0.0,0.0,0.028335752712013162,0.02150383769391726,1.1697163243664432
2021-03-23 00:00:00-04:00,120.77907762160508,121.6702515439178,119.6136888669905,120.0054168701172,95467100,0.0,0.0,-0.006888551117425701,0.021498227940037813,1.201540232081042
2021-03-24 00:00:00-04:00,120.27960781745544,120.35795490170756,117.58648843689951,117.60607147216795,88530500,0.0,0.0,-0.01999364245820734,0.02170373487568389,0.9608047982712706
2021-03-25 00:00:00-04:00,117.06745614451854,119.14360911976512,116.53862451483528,118.09573364257812,98844700,0.0,0.0,0.004163579008130025,0.021753174011862986,0.9798753957277329
2021-03-26 00:00:00-04:00,117.86069887793693,118.96733092540138,116.4602764641392,118.70291137695312,94071200,0.0,0.0,0.005141402789474503,0.02181037547086716,0.8905674420074103
2021-03-29 00:00:00-04:00,119.1338128322556,120.0445771635424,118.23284375465283,118.87918853759766,80819200,0.0,0.0,0.0014850281143041766,0.021808062106235378,0.9751507279294169
2021-03-30 00:00:00-04:00,117.62566893236144,117.90967152587208,116.40152368701725,117.42001342773438,85671900,0.0,0.0,-0.012274436996192906,0.021742229186989624,0.8967765224534607
2021-03-31 00:00:00-04:00,119.13381602601892,120.9651325197814,118.64415793094412,119.62347412109376,118323800,0.0,0.0,0.018765631420366802,0.021927631603922446,0.9363223579747102
2021-04-01 00:00:00-04:00,121.10226976961216,121.61151101078168,119.95646390169613,120.45591735839844,75089100,0.0,0.0,0.006958861907504943,0.021951117400404258,1.0580877629509744
2021-04-05 00:00:00-04:00,121.30789545708804,123.55053036059856,120.52443954027072,123.29590606689452,88651200,0.0,0.0,0.023576996222162583,0.02242234869024501,1.0720353760364252
2021-04-06 00:00:00-04:00,123.8835051715278,124.50047171699698,123.05108785639284,123.59950256347656,80171300,0.0,0.0,0.002462340448005751,0.021746654496140702,1.107424106633844
2021-04-07 00:00:00-04:00,123.22736282501452,125.27413015621104,122.55163223644252,125.25454711914062,83466700,0.0,0.0,0.013390382010753488,0.021875380823273054,0.9642843661231453
2021-04-08 00:00:00-04:00,126.28284137909016,127.69305932555974,125.86174251786532,127.66368103027344,88844600,0.0,0.0,0.019233903810623953,0.022110367960928915,1.0255255575143938
2021-04-09 00:00:00-04:00,127.1152749025522,130.2882505546401,126.79209868925014,130.24908447265625,106686700,0.0,0.0,0.020251675508007105,0.0212592556300792,1.0149732554679671
2021-04-12 00:00:00-04:00,129.7789904931529,130.1021666410129,127.9280834231761,128.5254669189453,91420000,0.0,0.0,-0.013233241221536463,0.021474401070739998,0.9740638041292937
2021-04-13 00:00:00-04:00,129.7006152759875,131.87469802236942,129.20115454524952,131.64944458007812,91266500,0.0,0.0,0.024306293032982706,0.01965584396719346,0.9831218837660243
2021-04-14 00:00:00-04:00,132.14891620504176,132.20767277981324,128.93676060999385,129.29910278320312,87222800,0.0,0.0,-0.017853032379831713,0.019541895682810458,0.8540801324020062
2021-04-15 00:00:00-04:00,131.05208979209115,132.20767563603624,130.87580512079057,131.718017578125,89347100,0.0,0.0,0.018707900850462034,0.019112780885984303,0.9061645432768746
2021-04-16 00:00:00-04:00,131.5221744771299,131.88451670536998,130.52326772477247,131.38507080078125,84922400,0.0,0.0,-0.002527723871536991,0.018803295423805474,0.8863582490431781
2021-04-19 00:00:00-04:00,130.74853273019744,132.66799953061252,130.58205072831794,132.051025390625,94264200,0.0,0.0,0.005068723453774515,0.018760220281393934,0.9219978250617162
2021-04-20 00:00:00-04:00,132.22727854894646,132.72672443533338,129.08366694720192,130.35678100585938,94812300,0.0,0.0,-0.012830225132700157,0.01701407115309889,0.9375550695512131
2021-04-21 00:00:00-04:00,129.62227353323007,130.9835222508577,128.58420090667366,130.7386932373047,68847100,0.0,0.0,0.002929745798403438,0.015595209219811676,1.0052137812985142
2021-04-22 00:00:00-04:00,130.2882221426105,131.37526373459914,128.69194687996696,129.2109832763672,84566500,0.0,0.0,-0.01168521669529421,0.015671640575028525,0.9262981429744415
2021-04-23 00:00:00-04:00,129.42646668740596,132.32523503516677,129.42646668740596,131.5417938232422,78657500,0.0,0.0,0.01803879583432688,0.01571873123455926,0.9686760131351289
2021-04-26 00:00:00-04:00,132.04121232414715,132.2664508784838,130.79747649743766,131.93348693847656,66905100,0.0,0.0,0.002977708482223562,0.015582224392561133,0.9191334860254323
2021-04-27 00:00:00-04:00,132.21747705876876,132.60921251142065,131.3360984408663,131.6103057861328,66015800,0.0,0.0,-0.0024495763724827757,0.015113333449482264,0.9130802104225364
2021-04-28 00:00:00-04:00,131.53195903398662,132.22728012474528,130.3274042682398,130.8170623779297,107760100,0.0,0.0,-0.00602721347287305,0.015075951239940327,0.9328805662267994
2021-04-29 00:00:00-04:00,133.64727689450586,134.23487256489253,129.71042176654404,130.7191162109375,151101000,0.0,0.0,-0.0007487262380898585,0.014999230649697047,0.8700121432364922
2021-04-30 00:00:00-04:00,129.05427915465984,130.79746068058364,128.35897306655968,128.74090576171875,109839500,0.0,0.0,-0.015133291186168796,0.013775684223835483,0.8036626230948556
2021-05-03 00:00:00-04:00,129.30891060237565,131.29693633033506,129.10326255880813,129.79856872558594,75135100,0.0,0.0,0.008215438268119435,0.013733255581752455,0.8482357143508965
2021-05-04 00:00:00-04:00,128.47650966956627,128.7703075525054,124.07937403862104,125.2055892944336,137564700,0.0,0.0,-0.035385439733643054,0.01464309997919728,0.757961897383798
2021-05-05 00:00:00-04:00,126.5276323804021,127.75177745943692,125.32307780672149,125.4503936767578,84000900,0.0,0.0,0.0019552192813734326,0.014561605916476593,0.7353539511066642
2021-05-06 00:00:00-04:00,125.24474710595688,127.06627581947774,124.50046470853376,127.05648803710938,78128300,0.0,0.0,0.012802625111643096,0.014109975234801892,0.739622230372389
2021-05-07 00:00:00-04:00,128.36120963640974,128.76339996833426,127.01725716509183,127.73338317871094,78973300,0.22,0.0,0.0053275133923413875,0.014115805260248035,0.7309838843884355
2021-05-10 00:00:00-04:00,126.94857640908702,127.07609358125876,124.39802340579638,124.43726348876952,88071200,0.0,0.0,-0.025804684788860888,0.015033275468020062,0.6471121027524238
2021-05-11 00:00:00-04:00,121.15099489943694,123.8683054190774,120.4348764138302,123.5151596069336,126142800,0.0,0.0,-0.007410190934640237,0.015124766512872399,0.6095793229426147
2021-05-12 00:00:00-04:00,121.05290516296166,122.26931798264616,119.924776930157,120.43488311767578,112172300,0.0,0.0,-0.024938448843528804,0.01568553479297829,0.5875822019398993
2021-05-13 00:00:00-04:00,122.2104513572427,123.75058916840922,121.89653815637696,122.59303283691406,105861300,0.0,0.0,0.017919639753621652,0.01565315558662661,0.6357816710561317
2021-05-14 00:00:00-04:00,123.84869096467756,125.45749712381284,123.45629757565597,125.02586364746094,81918000,0.0,0.0,0.019844772204822503,0.015997127581366368,0.6580573578882274
2021-05-17 00:00:00-04:00,124.40785087407944,124.51575924469611,122.7892327991109,123.8683090209961,74244600,0.0,0.0,-0.00925852133866345,0.015541882816899508,0.6524757721482708
2021-05-18 00:00:00-04:00,124.15278563025984,124.57460719109478,122.40664300122052,122.47531127929688,63342900,0.0,0.0,-0.011245796061227442,0.015676184488528908,0.5962819047134171
2021-05-19 00:00:00-04:00,120.8174767252882,122.54399579839296,120.5231797892252,122.31837463378906,92612000,0.0,0.0,-0.0012813737223327237,0.015465495503476187,0.60350250849283
2021-05-20 00:00:00-04:00,122.8480947680338,125.29073219788916,122.72056261331096,124.8885269165039,76857100,0.0,0.0,0.02101198851284325,0.01554761160545366,0.6059621386916325
2021-05-21 00:00:00-04:00,125.38881405695588,125.56539068698066,122.82845666373672,123.04427337646484,79295400,0.0,0.0,-0.014767197480614613,0.015238445992731421,0.5941314597148097
2021-05-24 00:00:00-04:00,123.61325372798002,125.50654484276669,123.54458544855382,124.6825180053711,63092900,0.0,0.0,0.01331426960354265,0.015321153838756199,0.6050226335045794
2021-05-25 00:00:00-04:00,125.38881998762746,125.87931730247864,123.91735049591648,124.48632049560548,72009500,0.0,0.0,-0.001573576736372595,0.014562935278140204,0.6134253898571969
2021-05-26 00:00:00-04:00,124.54517184587554,124.96699338248618,124.0154419521589,124.43726348876952,56575900,0.0,0.0,-0.00039407548267678116,0.014242989621041422,0.6057933924793466
2021-05-27 00:00:00-04:00,124.03506519253624,125.21223773945265,122.70093231441471,122.89712524414062,94625600,0.0,0.0,-0.012376825087992094,0.013872276281973126,0.5852208240930681
2021-05-28 00:00:00-04:00,123.18161536711064,123.40724398155514,122.18101940894144,122.23987579345705,71311100,0.0,0.0,-0.005347964400126748,0.01388402383802314,0.5782806143919206
2021-06-01 00:00:00-04:00,122.70093201022608,122.96579321312744,121.58261584814376,121.91614532470705,67637100,0.0,0.0,-0.0026483213161717645,0.013813943446656452,0.5549777887326097
2021-06-02 00:00:00-04:00,121.91614963197536,122.85788919730132,121.69052850380685,122.68131256103516,59278900,0.0,0.0,0.00627617641855549,0.01376473903018999,0.5575265717665319
2021-06-03 00:00:00-04:00,122.3085475666937,122.4753123171092,120.78802605947187,121.1902313232422,76229200,0.0,0.0,-0.012154102419234647,0.013856334163566146,0.5301725246559783
2021-06-04 00:00:00-04:00,121.71013896844204,123.76039022925092,121.49432225843265,123.49552154541016,75169300,0.0,0.0,0.01902207956035018,0.01427698689473325,0.5728249459823784
2021-06-07 00:00:00-04:00,123.77019414528634,123.91734258191596,122.455685075764,123.50533294677734,71057600,0.0,0.0,7.944742646870395e-05,0.013802077212428838,0.5293916857036505
2021-06-08 00:00:00-04:00,124.19202440720812,126.01665467176042,123.80944293563002,124.32936096191406,74403800,0.0,0.0,0.006672003511717373,0.01386442077190283,0.5305464081684252
2021-06-09 00:00:00-04:00,124.79042475105548,125.32015467873096,124.11354637386772,124.71194458007812,56877900,0.0,0.0,0.00307717835275656,0.013893327776726533,0.48825944164791735
2021-06-10 00:00:00-04:00,124.6040371146966,125.75178904174489,123.54458473598592,123.71134948730467,71186400,0.0,0.0,-0.008023249867064375,0.013919523697941147,0.43928970954210245
2021-06-11 00:00:00-04:00,124.12335424741364,125.01604932374462,123.70153269741957,124.9277572631836,53522400,0.0,0.0,0.009832628784020692,0.014079328944544325,0.5267413018240956
2021-06-14 00:00:00-04:00,125.3888203369956,128.05707873593678,124.65308558909015,127.99822235107422,96906500,0.0,0.0,0.024577925315845794,0.01460198249595477,0.5508754593145524
2021-06-15 00:00:00-04:00,127.46849885575232,128.11594902096468,126.92895705140872,127.17420196533205,62746300,0.0,0.0,-0.006437748670306109,0.014559620588172444,0.5220680540402933
2021-06-16 00:00:00-04:00,127.89033152363446,128.40044520998504,126.01667148485512,127.6745147705078,91815000,0.0,0.0,0.003934074658570541,0.013004966183171596,0.4886045110499917
2021-06-17 00:00:00-04:00,127.33116988532254,130.02886409912782,127.18401394706837,129.28330993652344,96721700,0.0,0.0,0.012600754104352019,0.013183480550247493,0.5094626117337508
2021-06-18 00:00:00-04:00,128.22386736954957,129.00863918038294,127.76280569797542,127.97862243652344,108953300,0.0,0.0,-0.0100916932018571,0.013144539083873846,0.4936348453007715
2021-06-21 00:00:00-04:00,127.82165574543257,129.89152347622513,126.75239148294212,129.7836151123047,79663300,0.0,0.0,0.014103860796568002,0.013355691677800999,0.5234068794487186
2021-06-22 00:00:00-04:00,129.61685242173547,131.5297598411162,129.11654319535432,131.43165588378906,74783600,0.0,0.0,0.012698373134838903,0.012555107078532282,0.5034161746262211
2021-06-23 00:00:00-04:00,131.2256581855365,131.76520001229738,130.69592076705774,131.156982421875,60214200,0.0,0.0,-0.00208985772922865,0.012456241713412015,0.46892069113664725
2021-06-24 00:00:00-04:00,131.89269442179855,132.07908292691275,130.40160134944472,130.8724822998047,68711000,0.0,0.0,-0.002169157271057043,0.011402441795078433,0.49207254928447797
2021-06-25 00:00:00-04:00,130.92156545642365,131.3433795686376,130.28391963079545,130.57821655273438,70783700,0.0,0.0,-0.0022484921344748665,0.011072280826615277,0.46921318927414113
2021-06-28 00:00:00-04:00,130.8725235954171,132.67752290233537,130.81366720019045,132.21646118164062,62111300,0.0,0.0,0.012546079063996407,0.010745772857355992,0.534803897951549
2021-06-29 00:00:00-04:00,132.23605611036993,133.89391406741058,131.79461827394496,133.73695373535156,64556100,0.0,0.0,0.011500024581826196,0.0106691259440589,0.5174812946208671
2021-06-30 00:00:00-04:00,133.5799829862064,134.7964030119609,133.28568612868645,134.35496520996094,63261400,0.0,0.0,0.004621097290972598,0.010346819643126143,0.5118733685922872
2021-07-01 00:00:00-04:00,134.00183352943276,134.71794452202494,133.17779920211535,134.65908813476562,52485800,0.0,0.0,0.0022635778612976054,0.010314751913041847,0.5181670900752933
2021-07-02 00:00:00-04:00,135.27708203046927,137.3371451958311,135.1299410766124,137.29791259765625,78852600,0.0,0.0,0.019596333967817348,0.010233659621322637,0.5479175993913581
2021-07-06 00:00:00-04:00,137.40581837883465,140.4272223441988,137.40581837883465,139.3187255859375,108181800,0.0,0.0,0.014718453835515621,0.009856219133214274,0.5297782511565206
2021-07-07 00:00:00-04:00,140.80984368835666,142.1341724977877,139.9465915830071,141.8202667236328,104911600,0.0,0.0,0.01795552699161229,0.010039011040109453,0.5620935135105156
2021-07-08 00:00:00-04:00,138.8871488469963,141.31997503216363,137.9944534632124,140.5155792236328,105575500,0.0,0.0,-0.009199584305834563,0.010287664048793875,0.5124965180234988
2021-07-09 00:00:00-04:00,140.0348326995922,142.8796674465206,139.93672875581112,142.34994506835938,99890800,0.0,0.0,0.01305453711867166,0.010377857170868763,0.5256805406858267
2021-07-12 00:00:00-04:00,143.42905358767305,143.5369619572258,141.26108178795414,141.75157165527344,76299700,0.0,0.0,-0.004203538068094037,0.01001940084277786,0.5166142481072586
2021-07-13 00:00:00-04:00,141.29048015004943,144.6552477130662,140.89809432646857,142.86985778808594,100827100,0.0,0.0,0.007889056324060117,0.009846280832325515,0.5356633307184364
2021-07-14 00:00:00-04:00,145.28309368305997,146.72513498123757,144.8710690533849,146.3131103515625,127050800,0.0,0.0,0.024100622880046663,0.010305988359588961,0.5470722115929223
2021-07-15 00:00:00-04:00,146.4014227172949,147.14696193575338,144.29230728174466,145.65586853027344,106820300,0.0,0.0,-0.0044920227566063176,0.01048736808513637,0.5296033363247465
2021-07-16 00:00:00-04:00,145.63622560435655,146.9114870009467,143.10529665558374,143.6055908203125,93251400,0.0,0.0,-0.014076176474378088,0.010605979417347266,0.526860245927504
2021-07-19 00:00:00-04:00,141.01586220515162,141.32978296158063,138.97542219405963,139.74058532714844,121434600,0.0,0.0,-0.026914032184165992,0.011861941394868614,0.488773850882978
2021-07-20 00:00:00-04:00,140.7313553838291,144.3021209193644,140.24086553021954,143.37017822265625,96350000,0.0,0.0,0.02597379198756422,0.012478183036419677,0.49591822552047793
2021-07-21 00:00:00-04:00,142.761962071439,143.35055582744278,141.87908640599437,142.63442993164062,74993500,0.0,0.0,-0.005131808442568775,0.012610960260984195,0.509068960910702
2021-07-22 00:00:00-04:00,143.16418458989693,145.38119339718892,143.03665243470164,144.00782775878906,77338200,0.0,0.0,0.009628795991309058,0.01263920191065509,0.5193312860285293
2021-07-23 00:00:00-04:00,144.74356035611945,145.891304829726,144.12553834396107,145.73434448242188,71447400,0.0,0.0,0.011989047751797877,0.01246134804220309,0.6108678578780442
2021-07-26 00:00:00-04:00,145.44988229601935,146.98020842228414,144.89071661296498,146.15618896484375,72434100,0.0,0.0,0.0028946126866666866,0.012443514274471806,0.6195423987880264
2021-07-27 00:00:00-04:00,146.28368684924823,146.37198639761627,142.78159713322313,143.9783935546875,104818600,0.0,0.0,-0.014900466587016048,0.012424140296947297,0.5584744544957543
2021-07-28 00:00:00-04:00,142.05566262166082,144.17458228645816,139.82883459517765,142.22242736816406,118931200,0.0,0.0,-0.012196039580456008,0.012633729099742237,0.5651794474888365
2021-07-29 00:00:00-04:00,141.9379302306616,143.76255275057608,141.8300218838929,142.86985778808594,56699500,0.0,0.0,0.004552238573779288,0.012634439395647205,0.5427325131399579
2021-07-30 00:00:00-04:00,141.63386276227044,143.54677030357678,141.3689940354547,143.08570861816406,70440600,0.0,0.0,0.001510821340623858,0.012530858824190734,0.5265913149551171
2021-08-02 00:00:00-04:00,143.57617073717145,144.1549450921184,142.48728281365686,142.7521514892578,62880000,0.0,0.0,-0.0023311701226317316,0.012319718637240138,0.37869853397858444
2021-08-03 00:00:00-04:00,143.03665309613856,145.22423371904952,142.41863107171932,144.5571746826172,64786600,0.0,0.0,0.012644455264096077,0.012280125832166129,0.3618170672551866
2021-08-04 00:00:00-04:00,144.4688736680631,144.97897229606318,143.4976984499379,144.1549530029297,56368300,0.0,0.0,-0.002782440100746242,0.012212860652928067,0.3490186766054755
2021-08-05 00:00:00-04:00,144.18441349289415,145.02805675872287,143.3898222130508,144.2628936767578,46397700,0.0,0.0,0.0007487822761520491,0.012181766301037835,0.3451532527732615
2021-08-06 00:00:00-04:00,143.7814857794398,144.52814197909717,143.0741209625058,143.57516479492188,54126800,0.22,0.0,-0.004767191786523406,0.01223076676932347,0.2936077696683719
2021-08-09 00:00:00-04:00,143.6341015294713,144.12532623715828,142.96604312269145,143.52603149414062,48908700,0.0,0.0,-0.0003422130899269904,0.012206601072809065,0.3232498854516008
2021-08-10 00:00:00-04:00,143.869916511282,145.11763165469733,142.7499246082686,143.04466247558594,69023100,0.0,0.0,-0.0033538795265466437,0.01213304352459076,0.29991789693007154
2021-08-11 00:00:00-04:00,143.48676242099202,144.14500183270837,142.97588444809625,143.3000946044922,48493500,0.0,0.0,0.001785680950869839,0.012019136961580532,0.342154728485746
2021-08-12 00:00:00-04:00,143.62427568758085,146.43408148324338,143.2804124119522,146.27688598632812,72282600,0.0,0.0,0.020773129215663655,0.012476314136428222,0.32596783051450196
2021-08-13 00:00:00-04:00,146.35547686412104,146.8172292452653,145.66776533613606,146.4832000732422,59375000,0.0,0.0,0.0014104353228667765,0.012478817425457114,0.3047472249434877
2021-08-16 00:00:00-04:00,145.93303676307946,148.53653683685468,143.89937416824054,148.46775817871094,103296000,0.0,0.0,0.01354802533311994,0.012246198465370032,0.32360362804061227
2021-08-17 00:00:00-04:00,147.59336852823333,149.0179171538943,146.47337681670123,147.5540771484375,92229700,0.0,0.0,-0.006154070361685138,0.012131219300175047,0.3189013165548702
2021-08-18 00:00:00-04:00,147.17093412941145,148.07478584611837,143.58498455652062,143.7913055419922,86326000,0.0,0.0,-0.025500966690740867,0.012738061085351497,0.2746466961570382
2021-08-19 00:00:00-04:00,142.48466194604296,145.40253840934764,141.96396486588336,144.12535095214844,86960300,0.0,0.0,0.002323126623665628,0.012607351458425852,0.2760068629923049
2021-08-20 00:00:00-04:00,144.852335346792,145.89372926487215,144.20391517444446,145.58917236328125,60549600,0.0,0.0,0.010156585232661941,0.012522004450095927,0.260986012872817
2021-08-23 00:00:00-04:00,145.7070812526452,147.55409108829102,145.29445426636062,147.08251953125,60131800,0.0,0.0,0.010257268062781932,0.01259980330678063,0.2114892902496679
2021-08-24 00:00:00-04:00,146.8270497434487,148.21230690010609,146.53231194550222,146.9940643310547,48606400,0.0,0.0,-0.0006013984563034702,0.012542109888887194,0.1964507895897114
2021-08-25 00:00:00-04:00,147.18075912259354,147.68181796838428,145.20604099850672,145.75621032714844,58991300,0.0,0.0,-0.008421115570479087,0.011866103643757384,0.19618853770034583
2021-08-26 00:00:00-04:00,145.7463580400682,146.50283319919447,144.92108924404226,144.9505615234375,48597200,0.0,0.0,-0.005527372054354829,0.011880937862064607,0.1736168353802332
2021-08-27 00:00:00-04:00,144.89162045275756,146.13933527747687,144.25303439583894,145.99197387695312,55802400,0.0,0.0,0.007184603788839006,0.011649966673013261,0.1963503532352857
2021-08-30 00:00:00-04:00,146.38499066056846,150.79619476917733,146.00183591552607,150.43267822265625,90956700,0.0,0.0,0.030417455342071742,0.011680631981127692,0.2347404366460344
2021-08-31 00:00:00-04:00,149.98073328612602,150.11827560641547,148.63476737580575,149.16529846191406,86453100,0.0,0.0,-0.008424896609673715,0.010966058304318103,0.18417975960139277
2021-09-01 00:00:00-04:00,150.1477344904575,152.2599945758974,149.66632891691185,149.83334350585938,80313700,0.0,0.0,0.0044785553398392075,0.010909508272216782,0.1439177444470734
2021-09-02 00:00:00-04:00,151.169478682178,152.00456663709258,149.7252769193417,150.95333862304688,71115500,0.0,0.0,0.007474939095540423,0.010862515882722069,0.1768510204576892
2021-09-03 00:00:00-04:00,151.06138796700714,151.91612898961347,150.4031487828757,151.5919189453125,57808700,0.0,0.0,0.004230315990958244,0.010698454306910039,0.2846825951842027
2021-09-07 00:00:00-04:00,152.25017314379147,154.4999755027351,151.68035073618864,153.9399871826172,82278300,0.0,0.0,0.015489402427524945,0.011003144541730509,0.3037184805440394
2021-09-08 00:00:00-04:00,154.2249168391998,154.28386141007834,151.27756836735605,152.3877410888672,74420200,0.0,0.0,-0.010083449545234768,0.010784161064902825,0.3836877143592847
2021-09-09 00:00:00-04:00,152.7610583660542,153.3701721800447,151.24807793706208,151.36598205566406,57305700,0.0,0.0,-0.006704994941865272,0.010580462404204417,0.3216923552678721
2021-09-10 00:00:00-04:00,152.27966839354465,152.75123994335087,146.0902337122543,146.35549926757812,140893200,0.0,0.0,-0.03310177570970574,0.012366273507860978,0.3210692591606783
2021-09-13 00:00:00-04:00,147.98638609807605,148.76251467582847,146.13937607725978,146.9253387451172,102404300,0.0,0.0,0.0038935296616169346,0.012378124668928554,0.34385620015614515
2021-09-14 00:00:00-04:00,147.71127396657656,148.4186387371129,144.33164561645594,145.52040100097656,109296300,0.0,0.0,-0.009562256287037552,0.012514027144375554,0.2922388771177111
2021-09-15 00:00:00-04:00,145.9526610961483,146.8172212505292,143.8010947971233,146.41441345214844,83281300,0.0,0.0,0.006143554065425327,0.012355636077928897,0.29815233358325677
2021-09-16 00:00:00-04:00,145.83478635987686,146.35548332483592,144.6361969334838,146.1786346435547,68034100,0.0,0.0,-0.0016103524443705775,0.012346750113110889,0.33547637692781396
2021-09-17 00:00:00-04:00,146.20815244313624,146.20815244313624,143.20184416156792,143.49658203125,129868800,0.0,0.0,-0.01834777441207236,0.012818792479189814,0.3322409105349218
2021-09-20 00:00:00-04:00,141.27622727741362,142.2979680614232,138.79063148485392,140.4313201904297,123478900,0.0,0.0,-0.021361218486394162,0.013373248347479287,0.3464935532352331
2021-09-21 00:00:00-04:00,141.4039444596108,142.062198793966,140.27413356999537,140.9127197265625,75834000,0.0,0.0,0.003428006910993986,0.013393949717981109,0.31134192130135996
2021-09-22 00:00:00-04:00,141.91482962696435,143.86007547170124,141.17799248976206,143.29026794433594,76404300,0.0,0.0,0.01687248832033772,0.013750970706689887,0.31283522788436136
2021-09-23 00:00:00-04:00,144.07620306491208,144.4986641155713,143.08393453632246,144.2530517578125,64838200,0.0,0.0,0.006719115172920009,0.013800630364749695,0.3795218425517488
2021-09-24 00:00:00-04:00,143.1035803589877,144.88181133910382,143.00532942454424,144.34146118164062,53477900,0.0,0.0,0.0006128773204503446,0.01324985580916162,0.36633655929835807
2021-09-27 00:00:00-04:00,142.91690021793838,143.3983057694962,141.2958648767322,142.8186492919922,74150700,0.0,0.0,-0.010550065637288442,0.013374147792156519,0.30303682091059514
2021-09-28 00:00:00-04:00,140.73588172272164,142.20955587688627,139.20326300094865,139.41940307617188,108972300,0.0,0.0,-0.02380113684502483,0.013730204996438287,0.24236903186822145
2021-09-29 00:00:00-04:00,139.96954460221633,141.91478990244383,139.5372645375023,140.32322692871094,74602000,0.0,0.0,0.006482769489733586,0.013792145774423385,0.25995825496177005
2021-09-30 00:00:00-04:00,141.13868054759757,141.8460452955598,138.8004462423343,139.01658630371094,89056700,0.0,0.0,-0.00931164892369396,0.013124524869513658,0.2296873982427139
2021-10-01 00:00:00-04:00,139.40954063624275,140.41164305475672,136.66851386296668,140.14637756347656,94639600,0.0,0.0,0.008127024909799996,0.013218273246575716,0.22927883085223688
2021-10-04 00:00:00-04:00,139.27204156530894,139.71415585164613,135.84330226071648,136.69802856445312,98322000,0.0,0.0,-0.02460533806848897,0.01373390964593152,0.2390278242637316
2021-10-05 00:00:00-04:00,137.04187484873813,139.7436107509028,136.91415162715586,138.63343811035156,80861100,0.0,0.0,0.014158284257814957,0.01387180591494251,0.2190352098705899
2021-10-06 00:00:00-04:00,137.0222167582579,139.65517391117527,135.94151643967965,139.5078125,83221100,0.0,0.0,0.006307095903893334,0.013950825700490435,0.26293120923443736
2021-10-07 00:00:00-04:00,140.5492025885712,141.68884744032314,140.21517340508834,140.77516174316406,61732700,0.0,0.0,0.009084432050456392,0.014023602494177204,0.25314204364014015
2021-10-08 00:00:00-04:00,141.50217079173365,141.64953218962253,140.05796912847646,140.39199829101562,58773200,0.0,0.0,-0.00272181148580386,0.01400214224990223,0.25092715919239184
2021-10-11 00:00:00-04:00,139.77308801685626,142.2685030339597,139.321154671985,140.30360412597656,64452200,0.0,0.0,-0.0006296239537515458,0.013917654088505076,0.2287640192979412
2021-10-12 00:00:00-04:00,140.71622717692813,140.73588036293728,138.56466053407794,139.0264129638672,73035900,0.0,0.0,-0.009103053125867011,0.01262960694574492,0.14485669964207037
2021-10-13 00:00:00-04:00,138.76117608402888,138.918356614623,136.75697066130587,138.4369659423828,78762700,0.0,0.0,-0.004239820397564098,0.012585481885865227,0.17106790346872147
2021-10-14 00:00:00-04:00,139.61588767122242,141.3548273420417,139.02641202284653,141.23692321777344,69907100,0.0,0.0,0.020225503039094095,0.013196150264268595,0.19386610391175751
2021-10-15 00:00:00-04:00,141.24679081693952,142.3569487310151,140.9913443129108,142.29800415039062,67940300,0.0,0.0,0.007512772923983224,0.013197077179632184,0.2076183624087098
2021-10-18 00:00:00-04:00,140.9323820290934,144.26288533494363,140.64747826153257,143.9779815673828,85589200,0.0,0.0,0.011806050457437767,0.01338914293259944,0.23922547857631482
2021-10-19 00:00:00-04:00,144.42988344158726,146.55197778080822,143.97796510457945,146.149169921875,76378900,0.0,0.0,0.015080002725806008,0.01337129033379143,0.29088460341550904
2021-10-20 00:00:00-04:00,146.09021163590805,147.1217864254021,145.52038922846384,146.640380859375,58418800,0.0,0.0,0.0033610244776798304,0.013303767238485434,0.2783591412420239
2021-10-21 00:00:00-04:00,146.19829754485934,147.0137323721567,145.2747926804265,146.85653686523438,61421000,0.0,0.0,0.00147405513128529,0.013270713056901166,0.28725450333570524
2021-10-22 00:00:00-04:00,147.06286328651325,147.54425393167557,146.03128834675385,146.08041381835938,58883400,0.0,0.0,-0.005284906368091868,0.011839359078826436,0.2928411218916225
2021-10-25 00:00:00-04:00,146.07057189816248,146.74846439340308,145.02917791630992,146.03128051757812,50720600,0.0,0.0,-0.0003363442058861299,0.011816622480595137,0.3003827514159383
2021-10-26 00:00:00-04:00,146.7091751766454,148.19266841914728,146.3947841633798,146.69935607910156,60893400,0.0,0.0,0.004574879841877655,0.011709134980605888,0.3062182559905937
2021-10-27 00:00:00-04:00,146.73868431924538,147.1021859025259,145.88395789758914,146.23764038085938,56094900,0.0,0.0,-0.0031473600878876296,0.011673034076509298,0.28479775370899074
2021-10-28 00:00:00-04:00,147.1905677733736,150.48176407804232,147.0923168426724,149.89230346679688,100077900,0.0,0.0,0.02499126132245677,0.012523822349452547,0.3808569814839753
2021-10-29 00:00:00-04:00,144.6361926076438,147.30845600384407,143.84041104314798,147.17091369628906,124953200,0.0,0.0,-0.018155633795504666,0.012513677970081813,0.307348946529457
2021-11-01 00:00:00-04:00,146.375129628963,147.0726602514267,145.2060125392424,146.3456573486328,74588300,0.0,0.0,-0.005607469077478888,0.011859938742586229,0.37716411634253855
2021-11-02 00:00:00-04:00,146.05093785943228,148.90986933767618,146.04110377076503,147.38706970214844,69122000,0.0,0.0,0.007116113811527214,0.011900258771022267,0.3881115569773841
2021-11-03 00:00:00-04:00,147.75056795013293,149.3028398355509,147.19057957500098,148.83126831054688,54511500,0.0,0.0,0.009798679160369916,0.011654071275347328,0.3805176690385794
2021-11-04 00:00:00-04:00,148.91970658341225,149.75477971750777,147.996201595479,148.3105926513672,60394600,0.0,0.0,-0.0034984292285493712,0.011640477635651306,0.3217137039392568
2021-11-05 00:00:00-04:00,149.44201197709307,149.74701335342064,147.6415039999154,148.8418426513672,65463900,0.22,0.0,0.003582009824806054,0.01164977328115407,0.28098121240494733
2021-11-08 00:00:00-05:00,148.9697486989551,149.12717360324703,147.73989478329673,148.015380859375,55020900,0.0,0.0,-0.005552617310227825,0.011512517355665764,0.27531726033477355
2021-11-09 00:00:00-05:00,147.77925568798562,148.98942783717524,147.64151263858898,148.37942504882812,56787900,0.0,0.0,0.002459502433730165,0.010494978623137353,0.30450213959437145
2021-11-10 00:00:00-05:00,147.60217160362046,147.71039936327392,145.46714672033556,145.5360107421875,65187100,0.0,0.0,-0.019163130640955983,0.01115223935147908,0.28336542582933144
2021-11-11 00:00:00-05:00,146.55929133816423,147.02170276681915,145.2999066585896,145.48684692382812,41000000,0.0,0.0,-0.0003378120515236116,0.01097742153450866,0.24513878944908818
2021-11-12 00:00:00-05:00,146.03777668648874,147.97602779837536,145.10309064575517,147.57264709472656,63804000,0.0,0.0,0.014336692388353667,0.011162198617743101,0.2659561830861903
2021-11-15 00:00:00-05:00,147.94656690506886,149.43224069685985,147.02171395165846,147.58253479003906,59222800,0.0,0.0,6.70022223436817e-05,0.00999924707348404,0.2655103364734803
2021-11-16 00:00:00-05:00,147.52347700617935,149.04849925402718,146.9331409706031,148.56639099121094,59256200,0.0,0.0,0.006666481251129008,0.009792173756125457,0.26293343163768923
2021-11-17 00:00:00-05:00,148.56639084071062,152.50192437291489,148.55655741151296,151.01626586914062,88807000,0.0,0.0,0.016490101574013538,0.010105355981238455,0.29354423271453345
2021-11-18 00:00:00-05:00,151.2327099234506,156.1127627253802,150.58334333688865,155.32565307617188,137827700,0.0,0.0,0.028535914209171676,0.011104125114545501,0.34578693211639777
2021-11-19 00:00:00-05:00,155.10917788012807,158.42487441741085,154.007233518679,157.9624481201172,117305600,0.0,0.0,0.016975914742507037,0.011313516699356683,0.3615961365819862
2021-11-22 00:00:00-05:00,159.0742478210408,163.02946296730474,158.40521437024992,158.42489624023438,117467900,0.0,0.0,0.0029275826351180534,0.011281919536512794,0.3807113821976118
2021-11-23 00:00:00-05:00,158.52327444107468,159.19232289999246,156.49647722021214,158.80860900878906,96041900,0.0,0.0,0.0024220484132293496,0.011009103523237371,0.42648295795405833
2021-11-24 00:00:00-05:00,158.15925449217465,159.5268517998659,157.0671433318694,159.330078125,69463600,0.0,0.0,0.0032836325402363364,0.010888112207238843,0.41476371412978486
2021-11-26 00:00:00-05:00,156.99822642732548,157.86403330772137,153.8399552124036,154.28269958496094,76959800,0.0,0.0,-0.031678755194478825,0.012368059710472935,0.3597921392570149
2021-11-29 00:00:00-05:00,156.8014668186211,158.59214151775933,156.23081273910012,157.65745544433594,88748200,0.0,0.0,0.02187384501602252,0.01281756725091718,0.38286157256178077
2021-11-30 00:00:00-05:00,157.41147742358555,162.85235027883988,157.34259839391257,162.63589477539062,174048100,0.0,0.0,0.031577569972974784,0.013734753774403165,0.39705193829460295
2021-12-01 00:00:00-05:00,164.78075601319688,167.55531387504132,161.87830354264165,162.11444091796875,152052500,0.0,0.0,-0.0032062654934941204,0.0136389002048909,0.3509270485315297
2021-12-02 00:00:00-05:00,156.1816292767735,161.55362330337118,155.2567766388586,161.12071228027344,136739200,0.0,0.0,-0.006129797148658356,0.013753065422921972,0.33871908179287735
2021-12-03 00:00:00-05:00,161.37654765598526,162.30140038632877,157.14584634317362,159.23167419433594,118023100,0.0,0.0,-0.011724365286143179,0.01401985871547069,0.32453008939563066
2021-12-06 00:00:00-05:00,161.64218026428557,165.17433271042214,161.63234683594757,162.6555938720703,107497000,0.0,0.0,0.021502754995564644,0.014336956463326543,0.360647685738009
2021-12-07 00:00:00-05:00,166.35498150462607,168.81468962656658,165.62690249589954,168.42112731933594,120405400,0.0,0.0,0.035446266003001714,0.01543686140762236,0.39180009590840803
2021-12-08 00:00:00-05:00,169.35583286489788,173.12410760824633,167.9488719754966,172.25828552246094,116998900,0.0,0.0,0.022783116727686625,0.01577858529565453,0.4162994539105962
2021-12-09 00:00:00-05:00,172.09100817967558,173.9013496021491,171.11695844063868,171.74664306640625,108923700,0.0,0.0,-0.0029702052037895443,0.01577527492531116,0.44224103964065686
2021-12-10 00:00:00-05:00,172.38619070089263,176.73495286088573,171.87456720769728,176.55784606933594,115402700,0.0,0.0,0.028013374334597163,0.015913121740777015,0.4650783423914473
2021-12-13 00:00:00-05:00,178.20093567002317,179.19466739552252,172.70103171320386,172.90765380859375,153237000,0.0,0.0,-0.020674200223923855,0.016048804909893754,0.4445177219487755
2021-12-14 00:00:00-05:00,172.4255259415604,174.87540044516206,169.434527703499,171.52035522460938,139380400,0.0,0.0,-0.008023349767501298,0.016112451198711773,0.4403407893278459
2021-12-15 00:00:00-05:00,172.28781980216436,176.60706725313293,169.5329433271183,176.41029357910156,131063300,0.0,0.0,0.028509376324977298,0.016653963801034732,0.4107395445502413
2021-12-16 00:00:00-05:00,176.39059919327553,178.22062275638177,167.99807573252775,169.48373413085938,150185800,0.0,0.0,-0.03926391883213065,0.018580186649943684,0.3560907840760925
2021-12-17 00:00:00-05:00,167.19128474267674,170.67424008979302,166.95516235498613,168.3817901611328,195432700,0.0,0.0,-0.0065017682987544845,0.01863282812021383,0.33795704633067114
2021-12-20 00:00:00-05:00,165.56788101747895,167.8308156168113,164.76110451576054,167.01419067382812,107499100,0.0,0.0,-0.008122015367552304,0.018772714031137984,0.3484642696346547
2021-12-21 00:00:00-05:00,168.7950499046516,170.40861823502397,166.39437177615036,170.20201110839844,91185900,0.0,0.0,0.01908712320617112,0.018878286622582736,0.3573773500147215
2021-12-22 00:00:00-05:00,170.25116250826932,173.02572066741223,169.37550695696137,172.80926513671875,92135300,0.0,0.0,0.015318585317183997,0.01896817256735832,0.3400270626772173
2021-12-23 00:00:00-05:00,173.01587174407524,173.99975497261622,172.4452176699775,173.43893432617188,68356600,0.0,0.0,0.0036437235524089395,0.018403900383316497,0.3543579751190731
2021-12-27 00:00:00-05:00,174.23587328734808,177.51220616374184,174.2162064324986,177.4236602783203,74919600,0.0,0.0,0.022974806479465038,0.01861680304558789,0.37487046632124343
2021-12-28 00:00:00-05:00,177.25640977812765,178.4075513781422,175.65267527782174,176.40042114257812,79144300,0.0,0.0,-0.005767207903033089,0.018697985700959624,0.31974030727178215
2021-12-29 00:00:00-05:00,176.4397859889544,177.71883722352266,175.26896251299274,176.48898315429688,62348900,0.0,0.0,0.0005020510220163921,0.01869328570540864,0.3382205424762812
2021-12-30 00:00:00-05:00,176.57750820256155,177.6597856608847,175.21974466627708,175.32797241210938,59773000,0.0,0.0,-0.006578375156552796,0.018836503327646414,0.3408506960692492
2021-12-31 00:00:00-05:00,175.21972298386285,176.34134902330072,174.4030982777925,174.70811462402344,64062300,0.0,0.0,-0.0035354186759711803,0.01879600559144245,0.3464816833833153
2022-01-03 00:00:00-05:00,174.96395910795226,179.9325724934608,174.8458979227722,179.0765838623047,104487900,0.0,0.0,0.025004386588924676,0.018654303806849314,0.4151304888027567
2022-01-04 00:00:00-05:00,179.68661899764498,179.9916204306624,176.23317886967382,176.8038330078125,99310400,0.0,0.0,-0.012691502180093739,0.018779234074255188,0.380107235387106
2022-01-05 00:00:00-05:00,176.71529122366078,177.26626350424175,171.82538971420172,172.1008758544922,94537600,0.0,0.0,-0.02659985970503531,0.019590055053976905,0.3901924456098813
2022-01-06 00:00:00-05:00,169.91666645266596,172.4747693922877,168.87375241220892,169.2279510498047,96904000,0.0,0.0,-0.01669326080081368,0.01991594886607789,0.32187890086363846
2022-01-07 00:00:00-05:00,170.10356923829096,171.33342326280658,168.27354584929702,169.39517211914062,86709100,0.0,0.0,0.0009881409560217325,0.01991649680210861,0.3118617713890892
2022-01-10 00:00:00-05:00,166.3549934911358,169.71987264285875,165.4596560671489,169.4148712158203,106765600,0.0,0.0,0.00011629077991570647,0.018867921739277087,0.3432433887494566
2022-01-11 00:00:00-05:00,169.54277308913493,172.35666484220278,168.06694817720108,172.25828552246094,76138300,0.0,0.0,0.016783735018269796,0.01871737885193616,0.3676967818272825
2022-01-12 00:00:00-05:00,173.28152209013933,174.32443598667186,172.00248580970825,172.70103454589844,74805200,0.0,0.0,0.0025702625687620273,0.017929572630834514,0.34931706987335676
2022-01-13 00:00:00-05:00,172.9470087303428,173.7734671157762,169.021308880232,169.4148712158203,84505800,0.0,0.0,-0.0190280465818794,0.018321242914673113,0.34397263822514024
2022-01-14 00:00:00-05:00,168.5785414453837,170.97921882070173,168.33257064894323,170.28067016601562,80440800,0.0,0.0,0.005110525091344353,0.01827191921646713,0.3696470059758976
2022-01-18 00:00:00-05:00,168.7458170220669,169.75921560588677,166.67967112863838,167.06338500976562,90956700,0.0,0.0,-0.01889401276793956,0.018503124204946323,0.3365154006696087
2022-01-19 00:00:00-05:00,167.26014726021518,168.32274293847112,163.2655837924122,163.5509033203125,94815000,0.0,0.0,-0.02102484448790387,0.018567944246856177,0.26679370290138293
2022-01-20 00:00:00-05:00,164.2888511126298,166.94533337388285,161.53397450312417,161.85865783691406,91420500,0.0,0.0,-0.010346903924365325,0.017430664532367312,0.20935341996538015
2022-01-21 00:00:00-05:00,161.77009582238404,163.6493165916426,159.68426796038625,159.79249572753906,122848900,0.0,0.0,-0.01276522452976736,0.01694727349807816,0.17502880021776757
2022-01-24 00:00:00-05:00,157.44099364386307,159.6842461356459,152.20672782112572,159.01519775390625,162294600,0.0,0.0,-0.0048644210110978525,0.01695314554615261,0.13781372741480324
2022-01-25 00:00:00-05:00,156.41773971689992,160.13681684031084,154.48933714106155,157.20484924316406,115798400,0.0,0.0,-0.01138475149742546,0.016013897152620474,0.1229743965931156
2022-01-26 00:00:00-05:00,160.86492613213542,161.74058170445005,155.27647596564844,157.1163330078125,108275300,0.0,0.0,-0.0005630630084104693,0.01569831869431443,0.13103259799786282
2022-01-27 00:00:00-05:00,159.83183900024744,161.19943618602957,155.72904744290105,156.65390014648438,121954600,0.0,0.0,-0.002943251363339394,0.015670396590116206,0.16858696121085837
2022-01-28 00:00:00-05:00,163.03930297240717,167.60452073615352,160.17619905897428,167.5848388671875,179935700,0.0,0.0,0.06977763535080705,0.019791922849852057,0.29872706811078986
2022-01-31 00:00:00-05:00,167.41758353014143,172.17957503076116,166.77805038659238,171.96311950683594,115541600,0.0,0.0,0.02612575617964019,0.019080083856557666,0.3109999395089993
2022-02-01 00:00:00-05:00,171.20553191997683,172.0221568809913,169.53293327062335,171.79586791992188,86213900,0.0,0.0,-0.0009726014938186145,0.01903520422820277,0.3014775291146685
2022-02-02 00:00:00-05:00,171.93359808137038,173.04539095891812,170.53648566674534,173.0060272216797,84914300,0.0,0.0,0.007044170016486717,0.018990296365721263,0.32091995053302824
2022-02-03 00:00:00-05:00,171.6679560130524,173.3996002497915,169.34599079704418,170.11341857910156,89418100,0.0,0.0,-0.01671969866617251,0.01896205667931716,0.26621956689215875
2022-02-04 00:00:00-05:00,169.1282897421516,171.51233418324563,168.14315287730125,169.82774353027344,82465400,0.22,0.0,-0.0016793210742237497,0.018745994498519755,0.2680212711804353
2022-02-07 00:00:00-05:00,170.2907733914622,171.3645690568438,168.40915821355705,169.10861206054688,77251200,0.0,0.0,-0.00423447579752112,0.018742376964625537,0.2612689323457775
2022-02-08 00:00:00-05:00,169.1775156317006,172.74372058834862,168.88197162517284,172.2314453125,74829200,0.0,0.0,0.01846643535123471,0.01856341995812297,0.2930601531597914
2022-02-09 00:00:00-05:00,173.43333485667165,174.0244079113753,172.30041852916588,173.659912109375,71285000,0.0,0.0,0.00829387917103741,0.018611822568965142,0.30975470674310457
2022-02-10 00:00:00-05:00,171.5517329947236,172.8718127855668,169.00023212316947,169.56175231933594,90865900,0.0,0.0,-0.023598766924734726,0.01908749090088413,0.28130686301289787
2022-02-11 00:00:00-05:00,169.7686258092335,170.507478406019,165.54238053770345,166.1334686279297,98670700,0.0,0.0,-0.0202184964740737,0.019381175924842856,0.2531747979307817
2022-02-14 00:00:00-05:00,164.88235253436352,167.05951162338678,164.08439407762512,166.3699188232422,86185500,0.0,0.0,0.0014232544307013484,0.01938538520055976,0.2754992661025477
2022-02-15 00:00:00-05:00,168.4288452823497,170.37941199974065,167.7195455611175,170.22178649902344,62527400,0.0,0.0,0.023152428654326762,0.019301000507078586,0.32846978792889003
2022-02-16 00:00:00-05:00,169.2957588343913,170.7636029916525,167.5225096535446,169.9853515625,61177400,0.0,0.0,-0.0013889816420461498,0.019185225237809213,0.3381814687351723
2022-02-17 00:00:00-05:00,168.48795707339963,169.35488232615032,165.9660091003019,166.3699188232422,69589300,0.0,0.0,-0.02126908410651196,0.018964662589915443,0.30810637139864805
2022-02-18 00:00:00-05:00,167.29594937351246,168.0052340857905,163.71989774879913,164.8134002685547,82772700,0.0,0.0,-0.009355769154045235,0.018801340962472775,0.33566962750186624
2022-02-22 00:00:00-05:00,162.52784908789482,164.21243946447404,159.73991041394962,161.87767028808594,91162800,0.0,0.0,-0.017812447141343668,0.019054301575150378,0.3133373034965725
2022-02-23 00:00:00-05:00,163.0795572535836,163.68049136917583,157.37562116623778,157.6908721923828,90009200,0.0,0.0,-0.02586396312877548,0.019569267846432384,0.28457444147290345
2022-02-24 00:00:00-05:00,150.31217357463046,160.42953264062146,149.74079243125084,160.3211669921875,141147500,0.0,0.0,0.01668007008418182,0.019565807901194363,0.3530641081049337
2022-02-25 00:00:00-05:00,161.40479781703053,162.66577162560156,158.4789405339572,162.39979553222656,91974200,0.0,0.0,0.01296540300346205,0.019744604690065875,0.36755534788229705
2022-02-28 00:00:00-05:00,160.6364073011417,162.96133079526325,160.0157662949329,162.66578674316406,95056600,0.0,0.0,0.0016378789767916846,0.01948386808976847,0.29979967985598943
2022-03-01 00:00:00-05:00,162.25201230848918,164.12378106720112,159.56259331277428,160.77430725097656,83474400,0.0,0.0,-0.011628010598036753,0.019537286371784753,0.31209994295328625
2022-03-02 00:00:00-05:00,161.94662101610797,164.8724782087133,160.52802176733047,164.08436584472656,79724800,0.0,0.0,0.02058823110699426,0.019670703537673955,0.3726849877991305
2022-03-03 00:00:00-05:00,165.9660199986933,166.39948265353257,163.08942196348315,163.75930786132812,76678400,0.0,0.0,-0.001981041775217296,0.019286224673449044,0.39197553722121103
2022-03-04 00:00:00-05:00,162.04513861522074,163.08938109548046,159.690662540977,160.7447509765625,83737200,0.0,0.0,-0.01840846132128482,0.01949356246009871,0.35183487509996425
2022-03-07 00:00:00-05:00,160.93194979420673,162.56728050558442,156.67615156199415,156.9322967529297,96418800,0.0,0.0,-0.023717441474581547,0.01983939414808984,0.3771638877135097
2022-03-08 00:00:00-05:00,156.45945409783195,160.45910761981767,153.4843363667405,155.09996032714844,131148300,0.0,0.0,-0.0116759676860273,0.01993083836104639,0.3079177187594313
2022-03-09 00:00:00-05:00,159.07987817054388,160.98119991455522,157.04065291481524,160.5280303955078,91454900,0.0,0.0,0.03499723698774693,0.020846691201860293,0.36621498724802026
2022-03-10 00:00:00-05:00,157.81890189348016,158.00608027819325,153.66162367046195,156.16387939453125,105342000,0.0,0.0,-0.02718622405211224,0.02146869108078021,0.30749546100610914
2022-03-11 00:00:00-05:00,156.56779334744132,156.91259725992478,152.2036442896399,152.4302215576172,96970100,0.0,0.0,-0.02390858789747008,0.021905155364167744,0.28604201390851247
2022-03-14 00:00:00-04:00,149.1989825809233,151.8292963367942,147.86905676655965,148.38131713867188,108732100,0.0,0.0,-0.026562346873023945,0.017918442442005036,0.22199547572353007
2022-03-15 00:00:00-04:00,148.65714063785396,153.2577428312749,148.14488031272373,152.7848663330078,92964300,0.0,0.0,0.029677248317054206,0.018134047070434582,0.24242881468384758
2022-03-16 00:00:00-04:00,154.71573104732855,157.62188148073074,152.1642304485378,157.2179718017578,102300200,0.0,0.0,0.029015344092311324,0.01909491217819779,0.2867786818927145
2022-03-17 00:00:00-04:00,156.25256155188856,158.60703810004415,155.28713161589062,158.23268127441406,75615400,0.0,0.0,0.00645415699634988,0.019084750554715812,0.340534819763223
2022-03-18 00:00:00-04:00,158.12431372385774,162.03530830357423,157.38546107074248,161.54273986816406,123511700,0.0,0.0,0.02091893133005529,0.01937279764118582,0.3747366742531144
2022-03-21 00:00:00-04:00,161.07968974301923,163.8774892796134,160.58712141339248,162.92190551757812,95811400,0.0,0.0,0.008537466001502736,0.019459881557200735,0.3482692187002596
2022-03-22 00:00:00-04:00,163.05000571125407,166.9018946641694,162.4589325802878,166.31082153320312,81532000,0.0,0.0,0.020800861645086544,0.019857999189917177,0.38586095420344746
2022-03-23 00:00:00-04:00,165.49315537373704,170.0740360049311,165.15819739910637,167.68016052246094,98062700,0.0,0.0,0.008233613282851993,0.01960970486755836,0.4257780948166716
2022-03-24 00:00:00-04:00,168.51748639470068,171.551709322727,167.68012919455944,171.48275756835938,90131400,0.0,0.0,0.022677680138486478,0.020009132587663188,0.45206564436408336
2022-03-25 00:00:00-04:00,171.29559658174085,172.67478212909984,170.18238715508997,172.12310791015625,80546200,0.0,0.0,0.0037341966672166382,0.019524657551047604,0.450032740676106
2022-03-28 00:00:00-04:00,169.6109938547052,173.11807830876265,169.4435224096512,172.99002075195312,90371900,0.0,0.0,0.005036586036137436,0.019132865819326356,0.45517497957383823
2022-03-29 00:00:00-04:00,174.0638297800986,176.34933942064572,173.71902587505284,176.3000946044922,100589400,0.0,0.0,0.019134478614146744,0.01940096951985071,0.5014484282357479
2022-03-30 00:00:00-04:00,175.8961519669219,176.9403944114148,174.07364315055753,175.12774658203125,92633200,0.0,0.0,-0.0066497299680465805,0.01904643954834103,0.4639914771640139
2022-03-31 00:00:00-04:00,175.196727695979,175.38390609608072,171.80785464486016,172.01473999023438,103049300,0.0,0.0,-0.01777563323090392,0.019353451969072108,0.4280306336336339
2022-04-01 00:00:00-04:00,171.4433554045636,172.28072769395772,169.38442310861137,171.7191925048828,78751300,0.0,0.0,-0.001718152091898295,0.018916715833107337,0.3927404240958019
2022-04-04 00:00:00-04:00,171.97535163864862,175.83708638827937,171.84727903454487,175.78782653808594,76468400,0.0,0.0,0.02369353112982653,0.019238686799781003,0.422237330185105
2022-04-05 00:00:00-04:00,174.86178989450815,175.6499023764881,171.8275666096823,172.4580535888672,73401800,0.0,0.0,-0.018941999652617114,0.01928052608996077,0.37686062147370314
2022-04-06 00:00:00-04:00,169.7981986309309,171.04932671722602,167.60134752771697,169.2760772705078,89058800,0.0,0.0,-0.01845072614553034,0.018951926310360696,0.3259532852602507
2022-04-07 00:00:00-04:00,168.61602154238474,170.7833195377172,167.32549471465475,169.58145141601562,77594700,0.0,0.0,0.0018040006032264966,0.018762850415329938,0.3019780684263971
2022-04-08 00:00:00-04:00,169.2268038174018,169.2268038174018,166.68514898671697,167.56192016601562,76575500,0.0,0.0,-0.011908915940610165,0.01881309664925955,0.30372543421054976
2022-04-11 00:00:00-04:00,166.2024497694503,166.51768575466014,163.04015376808778,163.28643798828125,72246700,0.0,0.0,-0.025515834227122447,0.019434937704199084,0.24031239561333173
2022-04-12 00:00:00-04:00,165.52269490513837,167.34518902716218,164.16320126523246,165.1680450439453,79265200,0.0,0.0,0.011523351717667385,0.019404215370277686,0.27741060447174126
2022-04-13 00:00:00-04:00,164.9020531279272,168.4977965392979,164.2912731044712,167.8673095703125,70618900,0.0,0.0,0.01634253481446124,0.01927206660967862,0.27444454947666164
2022-04-14 00:00:00-04:00,168.08403280084593,168.72438072783297,162.586967757821,162.833251953125,75329400,0.0,0.0,-0.029988314163568286,0.0200798476440775,0.2393588629261274
2022-04-18 00:00:00-04:00,161.4836150845622,164.12378940474295,161.13882623948976,162.6165313720703,69023900,0.0,0.0,-0.0013309356562938301,0.019779639372911374,0.23146738839042236
2022-04-19 00:00:00-04:00,162.5672803691689,165.32566643973334,161.47377791030922,164.91189575195312,67723800,0.0,0.0,0.014115197025270199,0.01937941743523722,0.26508106812288146
2022-04-20 00:00:00-04:00,166.25168871376107,166.36991535703385,163.63123612780706,164.7444305419922,67929800,0.0,0.0,-0.001015482898897857,0.01922019421461575,0.26010461373484484
2022-04-21 00:00:00-04:00,166.39945283983835,168.98050632684885,163.44404257581323,163.9464569091797,87227800,0.0,0.0,-0.004843706280007409,0.018225998793897948,0.2688275621161196
2022-04-22 00:00:00-04:00,163.98587104446065,165.37490244633076,159.09958611983004,159.38526916503906,84882400,0.0,0.0,-0.0278212035205333,0.018260033220943397,0.2116701812597388
2022-04-25 00:00:00-04:00,158.72524075058578,160.74477425226587,156.10478821517142,160.45909118652344,96046400,0.0,0.0,0.006737272692198815,0.01767550130919893,0.21621200886890057
2022-04-26 00:00:00-04:00,159.83844441124967,159.92710311480064,154.3906391571423,154.46945190429688,95623200,0.0,0.0,-0.03732813914086042,0.01836824051368059,0.17368811645579063
2022-04-27 00:00:00-04:00,153.59269545207738,157.4150163467095,153.07057410523336,154.24288940429688,88063200,0.0,0.0,-0.001466713950279086,0.01758447068527848,0.17907317746281537
2022-04-28 00:00:00-04:00,156.88302915217585,162.07470409037728,156.5677781733732,161.20777893066406,130216800,0.0,0.0,0.04515533619258805,0.018699582846699866,0.2332379808208611
2022-04-29 00:00:00-04:00,159.43453401469895,163.7297310076839,154.91275976964212,155.3068084716797,131747600,0.0,0.0,-0.03660475008170916,0.019882011599587017,0.20635168404928472
2022-05-02 00:00:00-04:00,154.38079215381563,155.87818924361486,150.99191920912216,155.61221313476562,123055300,0.0,0.0,0.0019664602350104587,0.01947722889332436,0.19887464601981608
2022-05-03 00:00:00-04:00,155.79933994408847,158.32130214825847,153.99655327909406,157.1095733642578,88966500,0.0,0.0,0.009622382455260148,0.01949666506976605,0.2548127783241272
2022-05-04 00:00:00-04:00,157.29677464148807,164.0055531444463,156.892864987949,163.55239868164062,108256500,0.0,0.0,0.041008483311485655,0.020594907744414127,0.3037216854261813
2022-05-05 00:00:00-04:00,161.41471360848757,161.6412909237697,152.6469847381952,154.43994140625,130525300,0.0,0.0,-0.05571582776433792,0.02286045748903018,0.21552188158343188
2022-05-06 00:00:00-04:00,153.91700145474738,157.30099321709514,152.1115504938457,155.1699676513672,116124600,0.23,0.0,0.004726926457430336,0.022409631424339948,0.21479572363843125
2022-05-09 00:00:00-04:00,152.85148081205793,153.73941561249285,149.45764385540176,150.01998901367188,131577900,0.0,0.0,-0.033189274417238956,0.023027764941217457,0.2055873362018379
2022-05-10 00:00:00-04:00,153.43359356023947,154.6372276027927,150.87832879863976,152.4371337890625,115366700,0.0,0.0,0.016112151395840657,0.023270338079544966,0.23415728299399263
2022-05-11 00:00:00-04:00,151.44068137940286,153.36451764343903,143.85384613812707,144.5345916748047,142689800,0.0,0.0,-0.051841319223392746,0.024422539983569885,0.20010571632789564
2022-05-12 00:00:00-04:00,140.8546349911873,144.23861168034963,136.9378943865604,140.64744567871094,182602000,0.0,0.0,-0.026894226157566647,0.024710243761702156,0.14727111666953152
2022-05-13 00:00:00-04:00,142.6502019839293,146.1131220663248,141.19006162279788,145.1363983154297,113990900,0.0,0.0,0.03191634668554966,0.025611038875991532,0.16085099579615791
2022-05-16 00:00:00-04:00,143.59735411573675,145.54092647551985,142.24572332922702,143.5874786376953,86643800,0.0,0.0,-0.010672165602236161,0.025619687869795394,0.15919462994652456
2022-05-17 00:00:00-04:00,146.86291669324274,147.7607118798002,144.7121554251204,147.23782348632812,78336300,0.0,0.0,0.02542244548943917,0.025689765947971153,0.20218370501269423
2022-05-18 00:00:00-04:00,144.87988730604852,145.38303979911012,138.023115474384,138.9307861328125,109742900,0.0,0.0,-0.056419180593816565,0.02722766552742787,0.1358128862385526
2022-05-19 00:00:00-04:00,138.003427260779,139.75954624482372,134.76743171350006,135.5073699951172,136095600,0.0,0.0,-0.024641162934345262,0.027342078889339053,0.08502657002042047
2022-05-20 00:00:00-04:00,137.22398633811162,138.8123874278818,130.8309252366742,135.74411010742188,137426100,0.0,0.0,0.0017470644756312215,0.02734144689998997,0.10321355380839825
2022-05-23 00:00:00-04:00,135.94142838049157,141.3380450828472,135.80330719659918,141.1900634765625,117726300,0.0,0.0,0.040119260900756126,0.0286403152605899,0.13239663214437392
2022-05-24 00:00:00-04:00,138.92093441641646,140.06537583009975,135.48762522944844,138.4769744873047,104132700,0.0,0.0,-0.019215863513710962,0.028509717081949527,0.11238707944776216
2022-05-25 00:00:00-04:00,136.57283905065083,139.88776245487574,136.48405008857472,138.6348114013672,92482700,0.0,0.0,0.0011398061998890707,0.028363821828222707,0.11409402227716936
2022-05-26 00:00:00-04:00,135.5468018208196,142.40355895877516,135.30015577230265,141.85107421875,90601500,0.0,0.0,0.02319953253350837,0.02857217419698907,0.1542261378120644
2022-05-27 00:00:00-04:00,143.43947862792666,147.67191829271428,143.31121786248204,147.63246154785156,90978500,0.0,0.0,0.04075673984806083,0.029364202806585728,0.20772751599730976
2022-05-31 00:00:00-04:00,147.07014118939657,148.638806745276,144.87004717652198,146.8432159423828,103718400,0.0,0.0,-0.0053460167038733575,0.029366228943867034,0.20446078369100262
2022-06-01 00:00:00-04:00,147.8889731745575,149.70429963714662,145.69875493343622,146.71495056152344,74286600,0.0,0.0,-0.0008734852341404364,0.029192417473501202,0.19590300673161853
2022-06-02 00:00:00-04:00,145.8467521457281,149.2406043897797,144.88976421455953,149.18141174316406,72348100,0.0,0.0,0.016811246380826983,0.029424725274795498,0.23096894951262992
2022-06-03 00:00:00-04:00,144.92920830294685,145.98486058899564,142.52195557770006,143.4296112060547,88570300,0.0,0.0,-0.03855574545045781,0.03013736801631141,0.16141548625562607
2022-06-06 00:00:00-04:00,145.0574721682304,146.57682025024437,142.95604302742927,144.17941284179688,71598400,0.0,0.0,0.0052276627499534545,0.029839326310105295,0.1673942282632337
2022-06-07 00:00:00-04:00,142.41344262583527,147.00105337046227,142.16679656313315,146.71495056152344,67808200,0.0,0.0,0.01758599005052619,0.03002534594943472,0.1800507090715826
2022-06-08 00:00:00-04:00,146.58669881816604,147.8593859562832,145.48172920652436,145.9750213623047,53950200,0.0,0.0,-0.005043311512472393,0.029305482562809952,0.17049751612664044
2022-06-09 00:00:00-04:00,145.10681595338983,145.96513944929978,140.61785452288095,140.72637939453125,69473000,0.0,0.0,-0.03595575406525542,0.0299743939491921,0.1375381480983091
2022-06-10 00:00:00-04:00,138.398032723083,138.87158893198634,135.22123034078209,135.29029846191406,91437900,0.0,0.0,-0.03862872729338784,0.0292648160679225,0.08294826886950224
2022-06-13 00:00:00-04:00,131.0874417850336,133.3861848467611,129.6766335624987,130.11073303222656,122207100,0.0,0.0,-0.03828482521343257,0.029328113671534973,0.01650421890515119
2022-06-14 00:00:00-04:00,131.34394344124863,132.09374192288612,129.71607067613803,130.97889709472656,84784300,0.0,0.0,0.006672501509041195,0.02938176318934168,0.029917192878722965
2022-06-15 00:00:00-04:00,132.4883775680402,135.49746220656547,130.3869635861187,133.6130828857422,91533000,0.0,0.0,0.020111528264820544,0.029626932522939346,0.046513340002966475
2022-06-16 00:00:00-04:00,130.30805958293487,130.6138983153379,127.30883480164653,128.31515502929688,108123900,0.0,0.0,-0.03965126574450628,0.02896421647135169,-0.0074886302624980194
2022-06-17 00:00:00-04:00,128.32499753553608,131.29461017428142,128.06847604207698,129.7949981689453,134520300,0.0,0.0,0.011532878866183482,0.027689920544124128,0.014192805781471751
2022-06-21 00:00:00-04:00,131.63006706526505,135.2212330849965,131.53141767403508,134.0471954345703,81000500,0.0,0.0,0.03276087157141605,0.028504665951372573,0.032851452924749
2022-06-22 00:00:00-04:00,132.9816798809872,135.9118362074978,132.1134960074851,133.5341796875,73409200,0.0,0.0,-0.0038271277918733304,0.02798388385112751,0.015997088293325357
2022-06-23 00:00:00-04:00,134.98447949114987,136.73072297109198,133.81044169296604,136.41502380371094,72433800,0.0,0.0,0.021573833178537116,0.028133183500843203,0.040089679441717374
2022-06-24 00:00:00-04:00,138.02312365652875,140.00616753455043,137.89487794721208,139.759521484375,89116800,0.0,0.0,0.02451707727938013,0.02702321354908368,0.06790609476033116
2022-06-27 00:00:00-04:00,140.78556242930944,141.56497237814864,139.07877597723802,139.759521484375,70207900,0.0,0.0,0.0,0.02656874129958802,0.07031268441266181
2022-06-28 00:00:00-04:00,140.22324408364128,141.49593132217902,135.47777557924968,135.59616088867188,67083400,0.0,0.0,-0.029789459433492538,0.026411370426135738,0.025561867840254493
2022-06-29 00:00:00-04:00,135.6158632251475,138.78278990100551,134.83645332014265,137.3621063232422,66242400,0.0,0.0,0.013023565143707838,0.02649492216878114,0.027106588617715532
2022-06-30 00:00:00-04:00,135.40867636590826,136.5136458111151,131.97536769395867,134.8857879638672,98964500,0.0,0.0,-0.018027667350613452,0.026178853121832407,0.00395089792979908
2022-07-01 00:00:00-04:00,134.2149039410031,137.17465645272313,133.84001219295945,137.06613159179688,71051600,0.0,0.0,0.01616436884005723,0.024319785514451266,0.01787509101964435
2022-07-05 00:00:00-04:00,135.92171062767136,139.71019037554066,135.09296845138468,139.66085815429688,73353800,0.0,0.0,0.018930471972664176,0.024107677408915087,0.017210353106861254
2022-07-06 00:00:00-04:00,139.4536950090296,142.1865226454718,139.18731303635866,141.00262451171875,74064300,0.0,0.0,0.009607318579837765,0.024155491729674704,0.012086666158473758
2022-07-07 00:00:00-04:00,141.36762158912688,144.583895219648,141.35776116811667,144.38658142089844,66253700,0.0,0.0,0.023999247679949764,0.02343656345875167,0.018095542735557357
2022-07-08 00:00:00-04:00,143.31121832945087,145.57050462277482,143.05471185180627,145.0673370361328,64547800,0.0,0.0,0.004714812197470941,0.023129522439638048,0.03239326085868255
2022-07-11 00:00:00-04:00,143.71572303183265,144.67271093962017,141.85107943859236,142.92645263671875,63141600,0.0,0.0,-0.014757866540838327,0.023326719009660192,0.0040499317936688595
2022-07-12 00:00:00-04:00,143.80450328591834,146.4584171134617,143.1040369550832,143.90316772460938,77588800,0.0,0.0,0.006833690124340874,0.022985333490745673,0.015178639955882867
2022-07-13 00:00:00-04:00,141.07170136107663,144.4852747753807,140.21336274141223,143.5381622314453,71185600,0.0,0.0,-0.002536466006520355,0.021709700019701687,0.004677714765774166
2022-07-14 00:00:00-04:00,142.14704561371514,146.951705589172,141.32817896574866,146.4781494140625,78140700,0.0,0.0,0.02048226852644719,0.0220291736402458,0.0011279854696784053
2022-07-15 00:00:00-04:00,147.77058248983283,148.8360952483167,146.21177762394427,148.1553497314453,76259900,0.0,0.0,0.011450174132400681,0.022124052754133438,0.01716018191640778
2022-07-18 00:00:00-04:00,148.71768549433543,149.53655206440538,144.7318774919245,145.096923828125,81420900,0.0,0.0,-0.02064337135894312,0.02223216738465152,0.010384923033244231
2022-07-19 00:00:00-04:00,145.93553153568237,149.20112279497567,144.93908692354225,148.97421264648438,82982400,0.0,0.0,0.026722060785742352,0.021582690241596553,0.06607691886876665
2022-07-20 00:00:00-04:00,149.0926220385823,151.6577473682176,148.35268377665855,150.9868621826172,64823400,0.0,0.0,0.013510053185572746,0.021684852791558823,0.05312599910514226
2022-07-21 00:00:00-04:00,152.42726650714104,153.48291887978365,149.90161323774686,153.265869140625,65086600,0.0,0.0,0.015094074577504557,0.021626868653326248,0.07453627580717792
2022-07-22 00:00:00-04:00,153.30531328387983,154.1833725913542,151.35188084612065,152.0227508544922,66675400,0.0,0.0,-0.008110861818766857,0.02166699227144125,0.05565616272698737
2022-07-25 00:00:00-04:00,151.94383291278464,152.9600134725139,150.23704639800843,150.89805603027344,53623900,0.0,0.0,-0.007398200715991843,0.02055993967112528,0.035432358557556
2022-07-26 00:00:00-04:00,150.21729620269366,151.03616284792213,148.77689178411194,149.566162109375,55138700,0.0,0.0,-0.008826448503957085,0.01917582591404398,0.02333102120876651
2022-07-27 00:00:00-04:00,150.53302741359812,155.21930262420085,150.11866383304508,154.68653869628906,78620700,0.0,0.0,0.034234859775098325,0.01827275822040116,0.07437327835953567
2022-07-28 00:00:00-04:00,154.87401298796493,155.5251622969192,152.3384989393396,155.2390594482422,81378700,0.0,0.0,0.0035718735231249354,0.018277273057236545,0.09152306229721852
2022-07-29 00:00:00-04:00,159.07682201024468,161.43475735233827,157.3601602966314,160.32977294921875,101786900,0.0,0.0,0.03279273604896993,0.018758960694720272,0.12220852901687995
2022-08-01 00:00:00-04:00,158.8499238200317,161.39531297785308,158.73153852797333,159.3432159423828,67829400,0.0,0.0,-0.0061532988458008475,0.016829338154504447,0.11362076255709952
2022-08-02 00:00:00-04:00,157.9521310424326,160.2311380578776,157.48843527995646,157.8633270263672,59907000,0.0,0.0,-0.00928742969861196,0.017079673814240866,0.1058560265429449
2022-08-03 00:00:00-04:00,158.6822208140143,164.3550807397493,158.59343183685212,163.90126037597656,82507500,0.0,0.0,0.03824785314831791,0.017394979490157374,0.13381615776477584
2022-08-04 00:00:00-04:00,163.7828240667592,164.94700115452574,162.22401935328676,163.58551025390625,55474100,0.0,0.0,-0.0019264654911500534,0.01735809593381594,0.13478938355022518
2022-08-05 00:00:00-04:00,161.2440845435306,163.85228420818493,161.0366074346982,163.35830688476562,56697000,0.23,0.0,-0.0013888966619841625,0.017195789362970736,0.13236538323426328
2022-08-08 00:00:00-04:00,164.36601096047863,165.7886680742243,162.22215117031726,162.8840789794922,60276900,0.0,0.0,-0.002902992289262385,0.01691327845342745,0.13448644974324453
2022-08-09 00:00:00-04:00,162.04430338948927,163.8226245272971,161.28357419373464,162.93345642089844,63135500,0.0,0.0,0.00030314467635883524,0.01691012127069302,0.13521885002129475
2022-08-10 00:00:00-04:00,165.6602397699261,167.300248218732,164.88963629638937,167.2014617919922,70170500,0.0,0.0,0.026194775860326702,0.015971356516828034,0.1688759223751477
2022-08-11 00:00:00-04:00,168.0115606543251,168.93036629204852,166.16409033464345,166.46047973632812,57149200,0.0,0.0,-0.00443167211412232,0.016066934180180594,0.16162156204961708
2022-08-12 00:00:00-04:00,167.77445751442195,170.09614178090018,167.3595033161668,170.02699279785156,68039400,0.0,0.0,0.021425584422036792,0.015593633078637087,0.1623640444037293
2022-08-15 00:00:00-04:00,169.4539992483896,171.3014697666332,169.28604875354864,171.1038818359375,54091700,0.0,0.0,0.006333635738451582,0.015516289346223858,0.16807853562992126
2022-08-16 00:00:00-04:00,170.69878163240898,171.61758717970156,169.59227738834792,170.94577026367188,56377100,0.0,0.0,-0.0009240677100313954,0.015436752667295257,0.15139995619725122
2022-08-17 00:00:00-04:00,170.68895146422767,174.0282283677271,170.49136352333912,172.447509765625,79542000,0.0,0.0,0.008784888328250418,0.015432461451310307,0.16870718246670346
2022-08-18 00:00:00-04:00,171.6571160502139,172.79325783867927,171.03469981262458,172.0522918701172,62290100,0.0,0.0,-0.0022918156141829016,0.015169091498968995,0.19654169090127493
2022-08-19 00:00:00-04:00,170.9457855312559,171.64723993968656,169.2465023904009,169.4539794921875,70346300,0.0,0.0,-0.015101876003437154,0.01564952259568893,0.17574027312133667
2022-08-22 00:00:00-04:00,167.6460183748566,167.81396884774634,165.1267311315286,165.5515594482422,69026800,0.0,0.0,-0.023029379750419077,0.01608215943961418,0.13711450350957288
2022-08-23 00:00:00-04:00,165.0674652978081,166.6778362068351,164.64263695785368,165.2156524658203,54147100,0.0,0.0,-0.002029017325728577,0.01612929843528129,0.12328543862561214
2022-08-24 00:00:00-04:00,165.30457715272786,166.0850546832161,164.24745845479734,165.5120391845703,53841500,0.0,0.0,0.0017939384938803205,0.01608124942474996,0.12597770486711712
2022-08-25 00:00:00-04:00,166.74699023963788,168.09060921191156,166.3221769618195,167.98193359375,51218200,0.0,0.0,0.014922747742992737,0.015926579670733576,0.15248560055668392
2022-08-26 00:00:00-04:00,168.51543646848708,168.98965049238348,161.58986453568383,161.64913940429688,78961000,0.0,0.0,-0.03769925761640802,0.017643426555169574,0.11520188473474335
2022-08-29 00:00:00-04:00,159.20888628482342,160.93780692739824,157.89491986245918,159.43612670898438,73314000,0.0,0.0,-0.013690222561455023,0.017364787062580808,0.09208830098675436
2022-08-30 00:00:00-04:00,160.17707980033242,160.60189303087512,155.8201965138857,156.99586486816406,77906200,0.0,0.0,-0.015305576541472798,0.01710264007320587,0.043628729628768514
2022-08-31 00:00:00-04:00,158.37902475140172,158.6457767569056,155.24720997935182,155.3262481689453,87991100,0.0,0.0,-0.01063478137224061,0.0171050921285925,0.04130283497943932
2022-09-01 00:00:00-04:00,154.75321986205336,156.5117779795205,152.80694794412756,156.0573272705078,74229900,0.0,0.0,0.0047067325077427835,0.0169158359803881,0.0415393771440804
2022-09-02 00:00:00-04:00,157.8257560303605,158.42840897250582,153.10333398862824,153.93321228027344,76957800,0.0,0.0,-0.013611119883864653,0.017044385275093592,0.019740362713459136
2022-09-06 00:00:00-04:00,154.585259235847,155.19778627085483,151.83874662243696,152.6686248779297,73714800,0.0,0.0,-0.008215169316685533,0.017058179230058243,0.007102660485521106
2022-09-07 00:00:00-04:00,152.95512285438622,154.78282963353695,151.75969127695058,154.08139038085938,87449600,0.0,0.0,0.009253803812402817,0.017035634300380145,0.0009185605431709654
2022-09-08 00:00:00-04:00,152.77729663545207,154.47657973003214,150.84089901314317,152.59947204589844,84923800,0.0,0.0,-0.009617763256795087,0.015943629625003817,0.0013894225055004483
2022-09-09 00:00:00-04:00,153.59730329551388,155.91900264197233,152.88597477553475,155.4744110107422,68028800,0.0,0.0,0.018839770061452432,0.01631191110329335,0.02714235325059544
2022-09-12 00:00:00-04:00,157.66766853565863,162.28141463666398,157.38116833912534,161.46141052246094,104956000,0.0,0.0,0.03850794142133851,0.016733862345633815,0.10321382749865138
2022-09-13 00:00:00-04:00,157.97394119387377,158.60623156162632,151.52259858891705,151.9869384765625,122656600,0.0,0.0,-0.05867948270265133,0.019890105527139837,0.0344501484541484
2022-09-14 00:00:00-04:00,152.9254836377698,155.20767139298664,151.75970446301844,153.43922424316406,87965400,0.0,0.0,0.009555332722393839,0.01992932100920031,0.05441727199565882
2022-09-15 00:00:00-04:00,152.7871417570448,153.37004630937565,149.55654172669315,150.53460693359375,90481100,0.0,0.0,-0.01893008338576585,0.018771260004725537,0.028140627580985234
2022-09-16 00:00:00-04:00,149.38861684382928,149.52692988033445,146.5828144140255,148.88475036621094,162278800,0.0,0.0,-0.010959981900445115,0.018831452929973156,0.018512388826553927
2022-09-19 00:00:00-04:00,147.51150837706584,152.6982703598037,147.30404633975175,152.61923217773438,81474200,0.0,0.0,0.02508303773447418,0.019515428556736294,0.06357398913165535
2022-09-20 00:00:00-04:00,151.5522147803481,156.1758496949124,151.23607717827795,155.0100555419922,107689800,0.0,0.0,0.01566528235100506,0.0197810152908667,0.10381398773288786
2022-09-21 00:00:00-04:00,155.44475278633635,156.82789809017083,151.74981271428214,151.8683624267578,101696800,0.0,0.0,-0.020267672985790908,0.02007220547498305,0.07774772015936149
2022-09-22 00:00:00-04:00,150.54454322166896,152.60936494328968,149.09224859498065,150.90020751953125,86652500,0.0,0.0,-0.00637496112920477,0.019354493766735256,0.05310855848320095
2022-09-23 00:00:00-04:00,149.36888199607694,149.64550812180275,146.770556163374,148.61802673339844,96029900,0.0,0.0,-0.015123775001021245,0.01947543854593127,0.03025915169485871
2022-09-26 00:00:00-04:00,147.85730340041596,151.91779780340053,147.8375400855009,148.9539337158203,93339400,0.0,0.0,0.0022602034881302746,0.01893345965819333,0.0319552850332816
2022-09-27 00:00:00-04:00,150.90019798375215,152.85634396088452,148.14379608075552,149.93199157714844,84442700,0.0,0.0,0.006566176783179722,0.01893797889499411,0.04980681668969611
2022-09-28 00:00:00-04:00,145.86159838045387,148.8254618114371,143.09532282987175,148.03509521484375,146691400,0.0,0.0,-0.012651711901849994,0.01898861038433294,0.06179693750348858
2022-09-29 00:00:00-04:00,144.34016923521585,144.9526962468605,138.98544218022843,140.76376342773438,128138200,0.0,0.0,-0.049118972609545564,0.020465629115544216,0.0031394410509619775
2022-09-30 00:00:00-04:00,139.5782261046943,141.37631073101744,136.3377361896639,136.5353240966797,124925300,0.0,0.0,-0.03003926030455628,0.020889663139127258,-0.017848677434866733
2022-10-03 00:00:00-04:00,136.54521297049774,141.34667296717555,136.03147235346887,140.734130859375,114311700,0.0,0.0,0.030752530822881985,0.021961609816106863,0.004193852928037423
2022-10-04 00:00:00-04:00,143.283060738833,144.45872917658045,142.52233144235086,144.34017944335938,87830100,0.0,0.0,0.025623127538177748,0.0224468102012438,0.05590534815432968
2022-10-05 00:00:00-04:00,142.33461487977314,145.60474192776582,141.28737042596904,144.63653564453125,79471000,0.0,0.0,0.002053178832912339,0.022473496426196567,0.04330194515843466
2022-10-06 00:00:00-04:00,144.0536502084257,145.76280735519018,143.4707606431982,143.67822265625,68402200,0.0,0.0,-0.006625663315363628,0.022448907104428435,0.029893739149913223
2022-10-07 00:00:00-04:00,140.82304314688486,141.37631039018268,137.77026702712604,138.40255737304688,85925600,0.0,0.0,-0.03671861459356407,0.022887155960052526,-0.016853856466852224
2022-10-10 00:00:00-04:00,138.72857666015625,140.18087106049856,136.90086978029677,138.72857666015625,74899000,0.0,0.0,0.002355587160363104,0.022141192810486553,-0.01184840768069495
2022-10-11 00:00:00-04:00,138.21480914794435,139.64735503215152,136.5550530565691,137.30589294433594,77033700,0.0,0.0,-0.010255159752020404,0.022102720140095945,-0.02136588864067257
2022-10-12 00:00:00-04:00,137.45413764848382,138.66931766793832,136.49582041546117,136.67364501953125,70433700,0.0,0.0,-0.004604667077624969,0.022012330261621263,-0.016923172325156832
2022-10-13 00:00:00-04:00,133.36398764851756,141.86038757533703,132.75144558792866,141.2676239013672,113224000,0.0,0.0,0.0336127633178982,0.023036876150971324,0.020447269554885183
2022-10-14 00:00:00-04:00,142.571713037288,142.77919011754517,136.52543625536936,136.71315002441406,88598000,0.0,0.0,-0.03224004022417093,0.023597053925165132,-0.03202967814856861
2022-10-17 00:00:00-04:00,139.370740006078,141.17868336424112,138.58037343953805,140.69459533691406,85250900,0.0,0.0,0.029122621428801843,0.02428480134891044,-0.01126796417876641
2022-10-18 00:00:00-04:00,143.73752488075877,144.93294154385023,138.91630145112296,142.0184783935547,99136600,0.0,0.0,0.00940962268998602,0.024359993205060163,-0.013609741937596675
2022-10-19 00:00:00-04:00,139.9832917841237,143.20401840140053,139.79557799531165,142.1271514892578,61758300,0.0,0.0,0.0007652039152397094,0.02427248903857201,-0.027519953994724622
2022-10-20 00:00:00-04:00,141.29727289667952,144.13269781047578,140.93171943907114,141.66281127929688,64522000,0.0,0.0,-0.0032670760308316504,0.02423504468818174,-0.033944057911657444
2022-10-21 00:00:00-04:00,141.14908399931016,146.06910928838607,140.93173275802604,145.49609375,86548600,0.0,0.0,0.027059200901679015,0.02452569977636676,-0.009263755936739893
2022-10-24 00:00:00-04:00,145.41706889570315,148.42044484379466,144.24140027597528,147.64984130859375,75981900,0.0,0.0,0.014802786130426515,0.023540503152770363,0.010743586010002915
2022-10-25 00:00:00-04:00,148.28210696285174,150.65320712247134,147.56090430315092,150.5050048828125,74732300,0.0,0.0,0.01933739683642033,0.021351287278629037,0.030635384072358773
2022-10-26 00:00:00-04:00,149.1416328980144,150.159224928985,146.25679220294288,147.551025390625,88194300,0.0,0.0,-0.019627118011707023,0.021559735370334992,0.005805542261986485
2022-10-27 00:00:00-04:00,146.28644773572952,147.25463904177826,142.3939041231572,143.0558319091797,109180200,0.0,0.0,-0.030465348983816143,0.021987716415502383,-0.021757794117800544
2022-10-28 00:00:00-04:00,146.41487309870763,155.6028541694243,146.0394605904358,153.8640594482422,164762400,0.0,0.0,0.07555251257372153,0.026005263932553355,0.026497397728797445
2022-10-31 00:00:00-04:00,151.31512585250383,152.3821185991709,150.0900567563326,151.49295043945312,97943200,0.0,0.0,-0.015410414994196042,0.025784729643395406,0.02936746558551162
2022-11-01 00:00:00-04:00,153.21202018477516,153.57755860812748,147.33369260049676,148.8353729248047,80379300,0.0,0.0,-0.017542582060348644,0.025805007104869538,0.017012568881635826
2022-11-02 00:00:00-04:00,147.15584632605294,150.337061596357,143.25342836154712,143.28306579589844,93604600,0.0,0.0,-0.03730502379774603,0.02642294265776078,-0.02784507429684091
2022-11-03 00:00:00-04:00,140.348842024828,141.07993392854812,137.0787143855393,137.2071533203125,97918500,0.0,0.0,-0.04240495861695792,0.027446325858955907,-0.078102640138629
2022-11-04 00:00:00-04:00,140.61134018259497,141.18530623843904,132.9815825695617,136.93995666503906,140814800,0.23,0.0,-0.001947395954274067,0.027347634039933424,-0.07666772671495559
2022-11-07 00:00:00-05:00,135.68317279996404,137.70193700622886,134.25815566613036,137.47433471679688,83374600,0.0,0.0,0.0039022799829337984,0.02735885160325092,-0.07637306641786523
2022-11-08 00:00:00-05:00,138.9488431400416,139.9582177555876,136.0592315955368,138.04830932617188,89908500,0.0,0.0,0.004175140112933962,0.027335574013112766,-0.06733807983558504
2022-11-09 00:00:00-05:00,137.05870583696503,137.1081885341623,133.18939145612384,133.4664764404297,74917800,0.0,0.0,-0.0331900688107416,0.027853715916042063,-0.10050550204983566
2022-11-10 00:00:00-05:00,139.7701824699572,145.34158325195312,138.0482844536757,145.34158325195312,118854000,0.0,0.0,0.08897445357241951,0.031192584896675406,-0.0013359407698675385
2022-11-11 00:00:00-05:00,144.3025233234953,148.44890717190938,142.86760074898706,148.1421356201172,93979700,0.0,0.0,0.01926876194343663,0.030768038656972557,0.018251056727343062
2022-11-14 00:00:00-05:00,147.4197604797108,148.71612568568796,145.89577787268414,146.7369384765625,73374100,0.0,0.0,-0.009485465682485206,0.030399102699048924,-0.005663031968435317
2022-11-15 00:00:00-05:00,150.63591345307688,151.99165162315202,147.01399786733143,148.4785919189453,89868300,0.0,0.0,0.011869222981376382,0.030130433851482834,0.006071566192985101
2022-11-16 00:00:00-05:00,147.57809621983398,148.31038580901588,145.75723254673355,147.2416229248047,64218300,0.0,0.0,-0.008330958545295752,0.030181945415406967,-0.008917010486474197
2022-11-17 00:00:00-05:00,144.90618524478106,149.90363600150542,144.62910024163597,149.15155029296875,80389400,0.0,0.0,0.012971382209903126,0.03022266712296637,-0.012347779660951907
2022-11-18 00:00:00-05:00,150.72498101153658,151.11092186598808,148.4093358848275,149.71559143066406,74829600,0.0,0.0,0.003781664599445289,0.0293399864581224,-0.036118062499029935
2022-11-21 00:00:00-05:00,148.59736161936925,148.80516779562268,146.18275109529347,146.4697265625,58724100,0.0,0.0,-0.021680206030293636,0.02968516776426529,-0.07275603597177693
2022-11-22 00:00:00-05:00,146.5885172686558,148.85468016141309,145.4009927676463,148.61717224121094,51804100,0.0,0.0,0.014661361969530384,0.029672416647271535,-0.061907719252352056
2022-11-23 00:00:00-05:00,147.8947576765046,150.2499952315402,147.7859017785828,149.49790954589844,58301400,0.0,0.0,0.005926214927962858,0.029640904248335043,-0.05862843029105136
2022-11-25 00:00:00-05:00,146.76662602934562,147.33070163560777,145.58900721627217,146.56871032714844,35195900,0.0,0.0,-0.019593579787486548,0.0293618873572663,-0.08009390284639051
2022-11-28 00:00:00-05:00,143.6296014634591,145.1139917287284,141.8879223215426,142.71917724609375,69246000,0.0,0.0,-0.026264358009716715,0.029143605325267448,-0.07495022040691834
2022-11-29 00:00:00-05:00,142.7884549572357,143.30304786104583,138.8894688283668,139.700927734375,83763800,0.0,0.0,-0.0211481706240102,0.028965238869803022,-0.11389583613000043
2022-11-30 00:00:00-05:00,139.92850780567963,147.1723391084902,139.08736243308402,146.48951721191406,111380900,0.0,0.0,0.04859373225098951,0.030251629951626887,-0.09927929861839924
2022-12-01 00:00:00-05:00,146.66766652639865,147.5780907793863,145.0843108081597,146.76661682128906,71250400,0.0,0.0,0.0018916002636157891,0.030251429240259545,-0.09467277566250754
2022-12-02 00:00:00-05:00,144.44108106262544,146.45984525867783,144.1342943784221,146.27182006835938,65447400,0.0,0.0,-0.0033713167452253945,0.030252002066322017,-0.09216004573070691
2022-12-05 00:00:00-05:00,146.23224678914536,149.34946051004155,144.2530596393701,145.10411071777344,68826400,0.0,0.0,-0.007983146378025663,0.029905628631883268,-0.0887233243514125
2022-12-06 00:00:00-05:00,145.53951822683146,145.76712049590915,140.4431028192364,141.4228057861328,64727200,0.0,0.0,-0.025370094020291,0.030133865953827037,-0.13053832075789062
2022-12-07 00:00:00-05:00,140.7103042713057,141.87801737065325,138.54309205811114,139.4733123779297,69721100,0.0,0.0,-0.013784858795343524,0.029969091132403317,-0.17187757499401823
2022-12-08 00:00:00-05:00,140.87855183085378,142.02648408244,139.63166927482092,141.16552734375,62128300,0.0,0.0,0.012132894365016078,0.02988986184961333,-0.18050079904375183
2022-12-09 00:00:00-05:00,140.85876842777205,144.05516705955452,139.43375103527495,140.68064880371094,76097000,0.0,0.0,-0.0034348225743410232,0.029375640452385245,-0.18088268689294595
2022-12-12 00:00:00-05:00,141.2149930351456,142.99626440062022,139.59206025771292,142.9863739013672,70462700,0.0,0.0,0.016389781517665458,0.025898180443918183,-0.19014432332157538
2022-12-13 00:00:00-05:00,147.94423760704595,148.40934778946271,142.73898090382795,143.9561767578125,93886200,0.0,0.0,0.006782484442288794,0.025822417105847352,-0.16743895607322345
2022-12-14 00:00:00-05:00,143.83741010786554,145.13377507630975,139.69101124849232,141.7196807861328,82291200,0.0,0.0,-0.01553595005125974,0.025781684688895853,-0.1737442439379978
2022-12-15 00:00:00-05:00,139.64154021581635,140.3243621508591,134.6144033940509,135.0795135498047,98931900,0.0,0.0,-0.0468542350610337,0.026295158475239642,-0.23428780254687542
2022-12-16 00:00:00-05:00,135.2675358827307,136.2175371723463,132.33833252308642,133.11021423339844,160156900,0.0,0.0,-0.014578815577982907,0.02527857510397367,-0.2146136328892585
2022-12-19 00:00:00-05:00,133.70398442417286,133.79304421919323,129.95343153387856,130.99249267578125,79592600,0.0,0.0,-0.01590953458991451,0.025430258882675503,-0.2220507184866719
2022-12-20 00:00:00-05:00,130.0226992547034,131.8633439087619,128.538308891753,130.92323303222656,77432800,0.0,0.0,-0.0005287298694751641,0.025412625651899997,-0.21609515632169085
2022-12-21 00:00:00-05:00,131.5961236714103,135.38626813534808,131.36852142161675,134.04042053222656,85928000,0.0,0.0,0.02380927683960188,0.02580878778110281,-0.21246276903944006
2022-12-22 00:00:00-05:00,132.95187583312276,133.1596819856588,128.94401964853728,130.8539276123047,77852100,0.0,0.0,-0.023772626997658253,0.025454397606456625,-0.24278407463408247
2022-12-23 00:00:00-05:00,129.55760300943464,131.0419935321367,128.290924304729,130.48782348632812,63814900,0.0,0.0,-0.0027978076979183752,0.019060526901654,-0.24764399646892
2022-12-27 00:00:00-05:00,130.0127758764659,130.0424624682176,127.38045400784608,128.67681884765625,69007800,0.0,0.0,-0.013878725158302796,0.018656927474902184,-0.2747482571050335
2022-12-28 00:00:00-05:00,128.3205924980965,129.66644031626882,124.56014157673224,124.7283706665039,85438400,0.0,0.0,-0.03068499995968199,0.019243868842118685,-0.292924756876343
2022-12-29 00:00:00-05:00,126.6580559405066,129.1221413689379,126.4007670949665,128.26119995117188,75703700,0.0,0.0,0.028324183710488615,0.019968695948439114,-0.27326228720441703
2022-12-30 00:00:00-05:00,127.07369447666422,128.5976616969525,126.10388960466396,128.57786560058594,77034200,0.0,0.0,0.0024689122629026894,0.01999783512417699,-0.2666437429712416
2023-01-03 00:00:00-05:00,128.92424454671203,129.53778770648333,122.87782744316272,123.76846313476562,112117500,0.0,0.0,-0.03740459093293891,0.02060217453297642,-0.2915700372525988
2023-01-04 00:00:00-05:00,125.5695120059353,127.3210966368,123.7783502811517,125.04502868652344,89113600,0.0,0.0,0.010314142386722791,0.02074309632122453,-0.30172317346262933
2023-01-05 00:00:00-05:00,125.80700630234708,126.44034547474162,123.46167477488554,123.71896362304688,80962700,0.0,0.0,-0.010604700381979137,0.020547917465890658,-0.3002472767794573
2023-01-06 00:00:00-05:00,124.69869219835304,128.93414406697812,123.59034464347916,128.2711181640625,87754700,0.0,0.0,0.03679431517778764,0.02166052200071505,-0.25467480902007067
2023-01-09 00:00:00-05:00,129.11225514638548,132.02166222689684,128.53828914886986,128.7955780029297,70790800,0.0,0.0,0.004088682209789418,0.02163210706220224,-0.23892254675455793
2023-01-10 00:00:00-05:00,128.90442726046035,129.89402063291897,126.7866980473988,129.36953735351562,63896200,0.0,0.0,0.004456359135038612,0.021507572488818148,-0.23628556980050053
2023-01-11 00:00:00-05:00,129.8841504007418,132.12062633545213,129.1023781585197,132.10084533691406,69458900,0.0,0.0,0.02111245073045942,0.02155030506988399,-0.2202523639815026
2023-01-12 00:00:00-05:00,132.48677761592936,132.86281286375012,130.07216715098443,132.02166748046875,71379600,0.0,0.0,-0.0005993743358975179,0.021256764186000657,-0.23358306347908986
2023-01-13 00:00:00-05:00,130.656019148829,133.5159435530184,130.28987441230564,133.35760498046875,57809700,0.0,0.0,0.010119077614268335,0.01917907341878677,-0.2278123560109505
2023-01-17 00:00:00-05:00,133.42688030875863,135.86127162359787,132.7341679468124,134.52532958984375,63646600,0.0,0.0,0.008756340589245237,0.01927948189534904,-0.20594143463078995
2023-01-18 00:00:00-05:00,135.39619418728472,137.16755996413974,133.62481331043077,133.80294799804688,69672800,0.0,0.0,-0.005369855580353189,0.019285268538878058,-0.21422115694285615
2023-01-19 00:00:00-05:00,132.68470123913258,134.8321173698302,132.37792966331844,133.86231994628906,58280400,0.0,0.0,0.0004437267573735859,0.01926830467307777,-0.1987333434045755
2023-01-20 00:00:00-05:00,133.8721833610444,136.58367449869263,132.82321685596753,136.4352264404297,80223600,0.0,0.0,0.01922054313097954,0.01916315678968042,-0.16579350116322555
2023-01-23 00:00:00-05:00,136.68265050222374,141.82854882417135,136.4649387224491,139.64154052734375,81760300,0.0,0.0,0.023500632282191347,0.019512478311314876,-0.13726245853314745
2023-01-24 00:00:00-05:00,138.8498692883404,141.67021696013663,138.83997878878998,141.04676818847656,66435100,0.0,0.0,0.010063106263552335,0.019472541514637173,-0.11731294047140794
2023-01-25 00:00:00-05:00,139.42383632315142,140.94780376437996,137.36547990253146,140.3837432861328,65799300,0.0,0.0,-0.004700745085188807,0.01948196128153282,-0.11716775962891102
2023-01-26 00:00:00-05:00,141.6800962423563,142.748859009156,140.42330829899026,142.46188354492188,54105100,0.0,0.0,0.014803282845602395,0.019438362412102093,-0.09378187612672051
2023-01-27 00:00:00-05:00,141.6702137400347,145.69785156540507,141.59104444543297,144.411376953125,70555800,0.0,0.0,0.01368431583026486,0.01956110978344243,-0.08086336927209059
2023-01-30 00:00:00-05:00,143.45148125337437,144.03533779783174,141.36343835201114,141.51187133789062,64015300,0.0,0.0,-0.02007809686750328,0.019704888366124655,-0.09665912431439438
2023-01-31 00:00:00-05:00,141.21495669580196,142.83788905559973,140.79932933414588,142.7884063720703,65874500,0.0,0.0,0.009020692201374914,0.01764257271687214,-0.14796345936023836
2023-02-01 00:00:00-05:00,142.47178209857688,145.08430842068046,139.8493652771468,143.9165802001953,77663600,0.0,0.0,0.007901018414515182,0.01738961626204025,-0.163096246375815
2023-02-02 00:00:00-05:00,147.35045560866243,149.6067274198631,146.62805663314575,149.25048828125,118339000,0.0,0.0,0.03706249880058965,0.018104121835485414,-0.1312335384526292
2023-02-03 00:00:00-05:00,146.48951084456712,155.74221524092275,146.29159518314714,152.89218139648438,154357300,0.0,0.0,0.02439987404511479,0.018433618337776396,-0.11626095430434125
2023-02-06 00:00:00-05:00,150.98228624419954,151.50676958668788,149.2109054384384,150.15101623535156,69858300,0.0,0.0,-0.01792874649374221,0.018566843670310206,-0.11734760555921475
2023-02-07 00:00:00-05:00,149.07238437886454,153.6146155336174,149.07238437886454,153.0406494140625,83322600,0.0,0.0,0.01924484596349063,0.018004017060695612,-0.0988477722617711
2023-02-08 00:00:00-05:00,152.2786602948261,152.97137275977542,149.5968551305232,150.33905029296875,64120100,0.0,0.0,-0.01765282055086148,0.01843609746700185,-0.11099116442903545
2023-02-09 00:00:00-05:00,152.1797089124197,152.7239884349964,148.85467367449712,149.29998779296875,56007100,0.0,0.0,-0.006911461113896622,0.01823421418668327,-0.13314326822215294
2023-02-10 00:00:00-05:00,148.13047201337668,149.99373802352738,147.89260151029114,149.6666717529297,57450700,0.23,0.0,0.002456021365985661,0.016948258036031564,-0.13816222791437216
2023-02-13 00:00:00-05:00,149.6072179924685,152.88777139634084,149.5774860679603,152.48143005371094,62199000,0.0,0.0,0.018806847695710616,0.01660610459166512,-0.10073216413485508
2023-02-14 00:00:00-05:00,150.7668093216158,152.402140794644,149.5180231156205,151.8372039794922,61707600,0.0,0.0,-0.004224947746042429,0.016698725665653225,-0.08605288727496097
2023-02-15 00:00:00-05:00,151.74800433724965,154.11674338956908,151.52005454611242,153.94825744628906,65573800,0.0,0.0,0.013903400559733825,0.014632145045428396,-0.074662904597257
2023-02-16 00:00:00-05:00,152.14443364408874,154.93935535973205,151.985868430853,152.34266662597656,68167900,0.0,0.0,-0.010429418604316898,0.014975906810276648,-0.10503426289177997
2023-02-17 00:00:00-05:00,150.99477529042434,151.63898716051196,149.5081185535566,151.1929931640625,59144100,0.0,0.0,-0.007546628186157922,0.014863968132201292,-0.11055281073162326
2023-02-21 00:00:00-05:00,148.86388049557812,149.954101404135,147.08981024225724,147.1591796875,58867200,0.0,0.0,-0.026679896945920878,0.014966410360093592,-0.1154700277046623
2023-02-22 00:00:00-05:00,147.54568976699892,148.61608420737724,145.85090991202165,147.58534240722656,51011300,0.0,0.0,0.002895930247990952,0.014969667083429814,-0.1045306864202542
2023-02-23 00:00:00-05:00,148.75484830811928,149.00262439569616,145.93020998357426,148.07098388671875,48394200,0.0,0.0,0.003290580701111656,0.014971720541552692,-0.08529086424826904
2023-02-24 00:00:00-05:00,145.8013887677593,145.88067894533623,144.4237540688521,145.4049530029297,55469600,0.0,0.0,-0.018005086572725815,0.01518757617772309,-0.07791141629595599
2023-02-27 00:00:00-05:00,146.39604828262136,147.84305234351663,146.13835144102467,146.6041717529297,44998500,0.0,0.0,0.008247440855579713,0.01519484028899694,-0.08555947724561064
2023-02-28 00:00:00-05:00,145.74189568165605,147.75383627455793,145.5238515178197,146.09869384765625,50547000,0.0,0.0,-0.0034479094232414687,0.015196319561820406,-0.10037636827772689
2023-03-01 00:00:00-05:00,145.52386270219765,145.92029841797654,143.72004541238144,144.0173797607422,55479000,0.0,0.0,-0.014245945888361922,0.015481705038699433,-0.11464246634644926
2023-03-02 00:00:00-05:00,143.0956718788252,145.40494716777042,142.61993083245534,144.612060546875,52238100,0.0,0.0,0.00412922931330062,0.01541450240924356,-0.10052754684783993
2023-03-03 00:00:00-05:00,146.72310034368255,149.7657983517578,146.01942463285462,149.68650817871094,70732300,0.0,0.0,0.03509007210495474,0.0164987982045312,-0.08774667587550877
2023-03-06 00:00:00-05:00,152.42194098250997,154.90962273726373,152.09488983458962,152.4615936279297,87558000,0.0,0.0,0.018539315820672142,0.016477386383692453,-0.06898975319903877
2023-03-07 00:00:00-05:00,152.3327599796311,152.65982628230532,149.7856292559754,150.25144958496094,56182000,0.0,0.0,-0.014496398669178512,0.0163740216118438,-0.06527927865670424
2023-03-08 00:00:00-05:00,151.4506679888601,152.104800552819,150.47938986613707,151.5101318359375,47204800,0.0,0.0,0.008377172096864394,0.01635030416925176,-0.034550981723849405
2023-03-09 00:00:00-05:00,152.19397778472012,153.16525578913198,148.89359856645896,149.25039672851562,53833600,0.0,0.0,-0.014914745832765974,0.01661006087906333,-0.03771479751699791
2023-03-10 00:00:00-05:00,148.87379600332346,149.59729796835543,146.2969185586702,147.1790008544922,68572400,0.0,0.0,-0.013878662431908162,0.016683495477357185,-0.0831570007314385
2023-03-13 00:00:00-04:00,146.49514356859967,151.77773200211703,146.38612147623616,149.13148498535156,84457100,0.0,0.0,0.013266050995886847,0.016672891687703906,-0.045032144670363206
2023-03-14 00:00:00-04:00,149.93429099292322,152.03542774179175,148.7647949151356,151.23263549804688,73695900,0.0,0.0,0.014089248242258767,0.016332327399646476,-0.007856618243631153
2023-03-15 00:00:00-04:00,149.8450679963741,151.8867405227005,148.586361246658,151.62905883789062,77167900,0.0,0.0,0.002621281699801248,0.016283853059834225,0.02188780745343788
2023-03-16 00:00:00-04:00,150.80644547979264,155.06819732114948,150.2910669698244,154.463623046875,76161100,0.0,0.0,0.018694069795782697,0.016533029794320468,0.0109877159574705
2023-03-17 00:00:00-04:00,154.69159525762194,155.34572787019124,152.90760409745778,153.62120056152344,98944600,0.0,0.0,-0.005453856828775194,0.015239047861565705,-0.022877608704745755
2023-03-20 00:00:00-04:00,153.69057212608058,156.41610932466375,152.77874273681294,155.9998321533203,73641400,0.0,0.0,0.015483745623015466,0.014850440722781555,-0.014111175410226662
2023-03-21 00:00:00-04:00,155.9205571770909,157.98204109629864,155.14748180357108,157.8631134033203,73938300,0.0,0.0,0.011944123428086373,0.014551416726545691,-0.022778036746477826
2023-03-22 00:00:00-04:00,157.8829348177373,160.69766769977065,156.40618380927145,156.42601013183594,75701800,0.0,0.0,-0.009103477313365471,0.014295907214560349,-0.03987122152239575
2023-03-23 00:00:00-04:00,157.41713397261083,160.11293949819742,156.2773546917545,157.5162353515625,67622100,0.0,0.0,0.006969590407680304,0.01389961570834264,-0.05288042053165387
2023-03-24 00:00:00-04:00,157.44685878169065,158.91368918214428,156.4458486981132,158.82449340820312,59196500,0.0,0.0,0.008305544210859939,0.013854034737445084,-0.052812849693518626
2023-03-27 00:00:00-04:00,158.51726169320153,159.3398802717359,156.46566804738902,156.8720245361328,52390300,0.0,0.0,-0.012293247912664063,0.014102501746807914,-0.08520234476869892
2023-03-28 00:00:00-04:00,156.56474975099155,157.08012822891882,154.59244672109517,156.24758911132812,45992200,0.0,0.0,-0.003980540358621165,0.013756793021618648,-0.0922335123481196
2023-03-29 00:00:00-04:00,157.95230377159302,159.61736703161768,157.93249257214313,159.33985900878906,51305700,0.0,0.0,0.01979083271011417,0.014141368367612015,-0.07890722068145628
2023-03-30 00:00:00-04:00,160.09307680442691,161.02471726864815,159.83539513002484,160.9156951904297,49501700,0.0,0.0,0.009889780193377051,0.014040614143184377,-0.08726257038361507
2023-03-31 00:00:00-04:00,160.99499717395898,163.53222195551984,160.46971306479455,163.43310546875,68749800,0.0,0.0,0.0156442805367194,0.014079063465724741,-0.06677777417642605
2023-04-03 00:00:00-04:00,162.80874098907415,164.81076119711048,162.759182739299,164.69183349609375,56976200,0.0,0.0,0.007701793487516095,0.013980974521166317,-0.04257138948997252
2023-04-04 00:00:00-04:00,165.11801932417455,165.35587473056947,163.64126814290196,164.15664672851562,46278300,0.0,0.0,-0.0032496254138236758,0.012879833857897005,-0.0440401894864032
2023-04-05 00:00:00-04:00,163.27454638683875,163.5817863350766,160.36069699391322,162.30325317382812,51511700,0.0,0.0,-0.011290396043193263,0.013168696254000599,-0.07670936964077124
2023-04-06 00:00:00-04:00,160.98507780038798,163.49258580459212,160.55891017442244,163.19525146484375,45390100,0.0,0.0,0.005495874380658794,0.013175042974206996,-0.05371046426225812
2023-04-10 00:00:00-04:00,159.98407924224205,160.58865356445312,158.65600290264854,160.58865356445312,47716900,0.0,0.0,-0.015972265595927237,0.013066305847634739,-0.05132103629842477
2023-04-11 00:00:00-04:00,160.9058441206408,160.9157497227261,159.08220009215376,159.36962890625,47644200,0.0,0.0,-0.007590976268531113,0.013183079341371919,-0.060217803447819795
2023-04-12 00:00:00-04:00,159.7858591607215,160.6183832614872,158.35866634623534,158.6758270263672,50133100,0.0,0.0,-0.00435341341160389,0.01319907138823135,-0.05303169795884621
2023-04-13 00:00:00-04:00,160.19221653987137,164.32512026733755,159.98407795194623,164.08724975585938,68445600,0.0,0.0,0.03410363652046988,0.013970146146474923,0.004904337294905137
2023-04-14 00:00:00-04:00,163.1258766656828,164.84049824090104,162.36273713306923,163.74037170410156,49386500,0.0,0.0,-0.002113985408823238,0.014021525847176131,-0.008643762414599632
2023-04-17 00:00:00-04:00,163.6214540913928,163.91878849474452,162.57088563953178,163.7602081298828,41516200,0.0,0.0,0.00012114560126375018,0.012766115244515973,-0.024466356498728525
2023-04-18 00:00:00-04:00,164.6224624365103,165.9208069034402,164.17645331594588,164.98916625976562,49923000,0.0,0.0,0.007504619980136296,0.012460593680451064,0.013240012594363915
2023-04-19 00:00:00-04:00,164.32511680785814,166.6641238574634,164.06741997841854,166.1388397216797,47720200,0.0,0.0,0.006968175474648897,0.012047926895200796,0.02166021080323155
2023-04-20 00:00:00-04:00,164.6125558769993,166.37672081756503,164.0872716600362,165.16757202148438,52456400,0.0,0.0,-0.005846120641160191,0.012125968766601344,0.0015503809980803585
2023-04-21 00:00:00-04:00,163.581779650813,164.9693197226261,163.02676362208774,163.5520477294922,58337300,0.0,0.0,-0.009781122724150992,0.011899247077252584,-0.007237773128822567
2023-04-24 00:00:00-04:00,163.53224765476762,164.1269164227342,162.4321210201679,163.85931396484375,41949600,0.0,0.0,0.0018787061343294997,0.011462667583797579,-0.0005315329527627588
2023-04-25 00:00:00-04:00,163.72053781617427,164.83056990181737,162.27351874191552,162.31317138671875,48714100,0.0,0.0,-0.009435793063656606,0.01155480876425816,0.01836996754479192
2023-04-26 00:00:00-04:00,161.6094831095728,163.8097361155348,161.3518014065789,162.30325317382812,45498800,0.0,0.0,-6.11054100285724e-05,0.011369264793374481,0.011493035225788262
2023-04-27 00:00:00-04:00,163.7205383718447,167.0605553628374,163.7205383718447,166.91189575195312,64902300,0.0,0.0,0.028395256952669312,0.012319161510985359,0.08054954357813804
2023-04-28 00:00:00-04:00,166.99119168750394,168.3390943239458,166.3866173772678,168.17059326171875,55209200,0.0,0.0,0.00754108929201891,0.012002128642204693,0.09029721831075777
2023-05-01 00:00:00-04:00,167.77418090050938,168.93377143610374,167.1398745787384,168.0814208984375,52472900,0.0,0.0,-0.0005302494422582127,0.011917219669541236,0.04263840128167651
2023-05-02 00:00:00-04:00,168.57695592218053,168.8346527635164,166.0496364953305,167.04074096679688,48425700,0.0,0.0,-0.006191522692263862,0.011795162075502463,0.0755532394914733
2023-05-03 00:00:00-04:00,167.99221651388285,169.39958312064851,165.67303556145444,165.96044921875,65136000,0.0,0.0,-0.006467235129552051,0.011757607093299458,0.06650015365453643
2023-05-04 00:00:00-04:00,163.42321284611648,165.5540813733989,162.84837044792107,164.31520080566406,81235400,0.0,0.0,-0.009913496985762937,0.011784255118431808,0.04586370701103015
2023-05-05 00:00:00-04:00,169.45904407323195,172.74951828972897,169.24099987223252,172.02601623535156,113316400,0.0,0.0,0.04692697566555082,0.014373161192206163,0.05180980298677906
2023-05-08 00:00:00-04:00,170.94568850577377,172.30351186374347,170.57898470464832,171.9566192626953,55962800,0.0,0.0,-0.00040340975263475354,0.014351073575656445,0.11342064557230169
2023-05-09 00:00:00-04:00,171.51063216959898,171.99626368287582,170.0735337075861,170.2420196533203,45326900,0.0,0.0,-0.009971117231350246,0.01427319135652585,0.09713253298999658
2023-05-10 00:00:00-04:00,171.48089302464294,172.48190305646256,170.3708457773496,172.01608276367188,53724500,0.0,0.0,0.010420829792575637,0.014278518086433831,0.14662108626068093
2023-05-11 00:00:00-04:00,172.30350796985277,173.03691555552936,170.63844469472525,172.2043914794922,49514700,0.0,0.0,0.001094715754450748,0.013938205617332071,0.12967481872089626
2023-05-12 00:00:00-04:00,172.31357141356355,172.7502630057861,169.71329075220336,171.271484375,45497800,0.24,0.0,-0.005417440847339194,0.013945495318369064,0.184986115713752
2023-05-15 00:00:00-04:00,171.85701716146394,171.9066439525377,170.17973157337624,170.7752227783203,37266700,0.0,0.0,-0.002897514425653669,0.013737219968114056,0.21420777998650609
2023-05-16 00:00:00-04:00,170.6958229413964,171.83716341624037,170.50725022169846,170.7752227783203,42110300,0.0,0.0,0.0,0.013690282347340623,0.17665330517000233
2023-05-17 00:00:00-04:00,170.41794239989213,171.62874834746046,169.13764076744155,171.39056396484375,57951600,0.0,0.0,0.0036032228593383397,0.013668927500006336,0.1936316842591972
2023-05-18 00:00:00-04:00,171.6982259620468,173.92137607373184,171.28138815560044,173.73280334472656,65496700,0.0,0.0,0.013666092961589493,0.013621290465587781,0.17994683180615367
2023-05-19 00:00:00-04:00,175.06273574474233,175.06273574474233,173.62364943906087,173.8419952392578,55772400,0.0,0.0,0.0006285047638043828,0.013611624275366494,0.25128490292332706
2023-05-22 00:00:00-04:00,172.6708601403215,173.3953780620173,172.14484940723798,172.8892059326172,43570900,0.0,0.0,-0.005480777560849526,0.013258923884764254,0.27586570338459815
2023-05-23 00:00:00-04:00,171.8272670994411,172.07538594402806,169.99118159190851,170.26907348632812,50747300,0.0,0.0,-0.015154979931542134,0.013527546608397091,0.25433857389160175
2023-05-24 00:00:00-04:00,169.8026100138583,171.1226040934086,169.2369069191782,170.54696655273438,45143500,0.0,0.0,0.0016320818614694588,0.013470134735343616,0.20792471051650963
2023-05-25 00:00:00-04:00,171.11268642842802,172.5914650743336,170.39810293275275,171.68832397460938,56058300,0.0,0.0,0.006692334932395738,0.01211340207220744,0.23983300913574945
2023-05-26 00:00:00-04:00,172.0158462459514,174.4474079846001,171.80741974539387,174.10995483398438,54835000,0.0,0.0,0.01410480808079373,0.01230327856855518,0.25588914554737396
2023-05-30 00:00:00-04:00,175.6284585951083,177.64318250464308,175.24139378352214,175.9658966064453,55964400,0.0,0.0,0.010659595967563051,0.012394322696451165,0.24049745534592493
2023-05-31 00:00:00-04:00,175.99565961269718,178.00046410534546,175.4299413812976,175.916259765625,99625300,0.0,0.0,-0.00028208216351899296,0.012366803578833666,0.19158251458542486
2023-06-01 00:00:00-04:00,176.3628631071657,178.76465158842046,175.59865286277548,178.73487854003906,68901800,0.0,0.0,0.01602250285544571,0.012595240016210022,0.21718172264879887
2023-06-02 00:00:00-04:00,179.66779400262783,180.41215044305545,177.91110856290692,179.58839416503906,61945900,0.0,0.0,0.0047753165580874946,0.012501054397759115,0.22406335194674298
2023-06-05 00:00:00-04:00,181.2557666456528,183.55830143833987,176.70029356551757,178.2287139892578,121946500,0.0,0.0,-0.007571091562474375,0.012430252167376954,0.1947112707051104
2023-06-06 00:00:00-04:00,178.61578703231345,178.76465227479207,176.09489120388227,177.86151123046875,64848400,0.0,0.0,-0.0020602895603634153,0.012462633978155982,0.24006130766783085
2023-06-07 00:00:00-04:00,177.0972939477575,179.84645475343302,175.9857264641506,176.48196411132812,61944600,0.0,0.0,-0.007756299322977389,0.01240938258873651,0.22404413107837895
2023-06-08 00:00:00-04:00,176.56135080082998,179.4792306222001,176.12467438732125,179.21127319335938,50214900,0.0,0.0,0.015465087867616578,0.012605278825630768,0.22149291880249744
2023-06-09 00:00:00-04:00,180.13427291189814,180.85877566456503,179.2708242183914,179.5983428955078,48870700,0.0,0.0,0.0021598513042804246,0.011686877409103732,0.2303361302462239
2023-06-12 00:00:00-04:00,179.90601640267764,182.50629705263665,179.60827075983389,182.40704345703125,54274900,0.0,0.0,0.01563878884538239,0.011898681338173013,0.2961823095416021
2023-06-13 00:00:00-04:00,181.42449184145724,182.7643244394129,181.06720011987477,181.9306488037109,54929100,0.0,0.0,-0.002611711939909611,0.011924688034648445,0.3447427559258929
2023-06-14 00:00:00-04:00,181.9902041416917,183.00253326157812,180.6503714756975,182.5658416748047,57462900,0.0,0.0,0.0034914011205395834,0.0118058839200556,0.4031574292152036
2023-06-15 00:00:00-04:00,182.57577393042644,185.1165084295681,182.39712049072037,184.6103363037109,65433200,0.0,0.0,0.01119867008061659,0.011756147853869792,0.40946626058545155
2023-06-16 00:00:00-04:00,185.3249272457272,185.58298054193108,182.8834462417717,183.52854919433597,101235600,0.0,0.0,-0.005859840413243389,0.011617690265005132,0.3735821764645493
2023-06-20 00:00:00-04:00,183.0223675543324,184.69965317797732,183.0223675543324,183.6178436279297,49799100,0.0,0.0,0.00048654246974488835,0.008282350998019527,0.4309910905380281
2023-06-21 00:00:00-04:00,183.50868927037345,184.014861399602,181.216073596018,182.5757751464844,49515700,0.0,0.0,-0.0056752026973851954,0.008394854152194885,0.4066472338852223
2023-06-22 00:00:00-04:00,182.35741623768828,185.64250704259013,182.28793569790065,185.59288024902344,51245300,0.0,0.0,0.01652522137790924,0.008481696922135715,0.3845338550153632
2023-06-23 00:00:00-04:00,184.15381217622152,186.1486822640644,183.61786698344585,185.2752990722656,53079300,0.0,0.0,-0.0017111711199897517,0.008400396524133031,0.38747472374377434
2023-06-26 00:00:00-04:00,185.4241900644598,186.6350113244793,183.83622328752395,183.8759307861328,48088700,0.0,0.0,-0.007552913384244353,0.008596787522636264,0.34791554228450594
2023-06-27 00:00:00-04:00,184.491243018021,186.9724314039452,184.2728972285419,186.64491271972656,50730800,0.0,0.0,0.015058968956705776,0.008780087926443607,0.3354718929872218
2023-06-28 00:00:00-04:00,186.5158835329519,188.47106116590345,186.18837999717343,187.82595825195312,51216800,0.0,0.0,0.006327767068583734,0.008731216147691394,0.34392244805268546
2023-06-29 00:00:00-04:00,187.65721893731777,188.63977487015424,187.51827301040888,188.1633758544922,46347300,0.0,0.0,0.0017964375407921729,0.008714557763866764,0.38767480304239155
2023-06-30 00:00:00-04:00,190.188048421843,193.0165939677774,189.820822259396,192.51043701171875,85069600,0.0,0.0,0.023102589106331672,0.009437190709982604,0.4014813995258695
2023-07-03 00:00:00-04:00,192.32186987463191,192.42112346606635,190.3170654506372,191.0118103027344,31458200,0.0,0.0,-0.007784651742768212,0.00948610125473632,0.41610034078536207
2023-07-05 00:00:00-04:00,190.1285193717039,191.5278981742576,189.18565562789144,189.89031982421875,46920300,0.0,0.0,-0.005871314850836695,0.009620345417915947,0.3853919828257799
2023-07-06 00:00:00-04:00,188.4115064167895,190.575110435312,187.77632283358471,190.3666839599609,45094300,0.0,0.0,0.0025086278025290287,0.009487369700970624,0.3630639713644348
2023-07-07 00:00:00-04:00,189.96969607727493,191.2202094723073,188.80850182246544,189.24517822265625,46778000,0.0,0.0,-0.005891292078925692,0.009005931426802382,0.34213940256784414
2023-07-10 00:00:00-04:00,187.835868262902,188.56038612953148,185.63257190372127,187.19076538085935,59922200,0.0,0.0,-0.0108558266112323,0.009379324754777069,0.2964554153074883
2023-07-11 00:00:00-04:00,187.7366242460387,187.87557017699805,185.1958899976561,186.6647491455078,46638100,0.0,0.0,-0.0028100544077658274,0.00941598795317341,0.28674554147922415
2023-07-12 00:00:00-04:00,188.25270672963643,190.2575110663078,187.05182010303508,188.342041015625,60750200,0.0,0.0,0.008985584465172503,0.00924961183145607,0.31775495397161135
2023-07-13 00:00:00-04:00,189.06656985308751,189.75138032441,188.35198633031388,189.10626220703125,41342300,0.0,0.0,0.004057624029585982,0.009130583825572552,0.3141216082812577
2023-07-14 00:00:00-04:00,188.79858162868425,189.7414301825821,188.203105504946,189.255126953125,41573900,0.0,0.0,0.0007872015678189737,0.009121659564932884,0.3185004183623603
2023-07-17 00:00:00-04:00,190.4560189064468,192.8578226469673,190.36669975701497,192.53030395507807,50520200,0.0,0.0,0.017305618371777465,0.009190103801443783,0.3143960701663151
2023-07-18 00:00:00-04:00,191.8951322042925,192.86775389428132,190.97212217107915,192.2722625732422,48353800,0.0,0.0,-0.0013402637223077773,0.009206210515201312,0.29777468664996354
2023-07-19 00:00:00-04:00,191.6469920909872,196.7383802309494,191.20036607775168,193.63194274902344,80507300,0.0,0.0,0.007071639754919534,0.00905067545685743,0.33450067472409506
2023-07-20 00:00:00-04:00,193.62203172968208,194.9916526955068,191.0515239510758,191.67678833007807,59581200,0.0,0.0,-0.010097272129730883,0.009314784786882746,0.28664407701839556
2023-07-21 00:00:00-04:00,192.6394780020551,193.5029267396608,189.7910633534036,190.4957275390625,71917800,0.0,0.0,-0.006161730908083252,0.00925839446676589,0.2616708817265154
2023-07-24 00:00:00-04:00,191.95467425132685,193.4433873784928,190.80339913176505,191.2996368408203,45377800,0.0,0.0,0.004220090981268632,0.008941429632790201,0.24815549550238392
2023-07-25 00:00:00-04:00,191.87522902129743,192.9768770806147,191.46831056155648,192.1630401611328,37283200,0.0,0.0,0.004513355773021921,0.008951233338284962,0.2640413298734523
2023-07-26 00:00:00-04:00,192.21269689922775,194.16787452666705,191.86533961729995,193.0364532470703,47471900,0.0,0.0,0.004545166881233298,0.008603365762927653,0.2792507625700824
2023-07-27 00:00:00-04:00,194.54501669167968,195.7161303015276,191.10112611577952,191.76608276367188,47460200,0.0,0.0,-0.006580987487231127,0.008705461064631973,0.2821488501084679
2023-07-28 00:00:00-04:00,193.20517029738988,195.15042860374737,192.6791595850325,194.3564453125,48291400,0.0,0.0,0.013507928573690542,0.00896117516914787,0.25645351528679994
2023-07-31 00:00:00-04:00,194.58470647584852,195.0114787331809,193.79072320060368,194.9717712402344,38824100,0.0,0.0,0.003165966154325517,0.008799311740892131,0.25594532673163606
2023-08-01 00:00:00-04:00,194.76335631965225,195.2496595195064,193.81057337810932,194.1380920410156,35175100,0.0,0.0,-0.00427589693582664,0.008756044528752541,0.21086737958834978
2023-08-02 00:00:00-04:00,193.5723860372496,193.7113319808041,190.4064023845453,191.1309051513672,50389300,0.0,0.0,-0.01548993738443194,0.009313812501996746,0.19949195214233995
2023-08-03 00:00:00-04:00,190.12849027391795,190.9224583560786,189.2551072107767,189.7314910888672,61235200,0.0,0.0,-0.007321757103550208,0.009361546919182152,0.20187186386346223
2023-08-04 00:00:00-04:00,184.12404245746143,185.97004732736383,180.5511249208849,180.62060546875,115799700,0.0,0.0,-0.04801989152053732,0.01260330421997002,0.1020086426084863
2023-08-07 00:00:00-04:00,180.7595446995356,181.75202007346337,176.01551362367866,177.5042266845703,97576100,0.0,0.0,-0.0172537279237438,0.012955438073474195,0.08508526463658295
2023-08-08 00:00:00-04:00,178.33787911929193,178.9135165784173,176.2437557474966,178.44705200195312,67823000,0.0,0.0,0.005311565448287814,0.012955781037864706,0.09236594945753951
2023-08-09 00:00:00-04:00,179.50900875402357,179.568554851008,175.67805336031552,176.84918212890625,60378500,0.0,0.0,-0.008954308043314652,0.012673479719012799,0.08573645280072051
2023-08-10 00:00:00-04:00,178.12947648415997,179.38992445369044,176.26363307266735,176.63084411621094,54686900,0.0,0.0,-0.0012346000703366,0.012582839760038605,0.08406737324671165
2023-08-11 00:00:00-04:00,176.2233960656567,177.5153442624666,175.458153778981,176.6904754638672,51988100,0.24,0.0,0.00033760438588537056,0.012570599761700324,0.056751977944306864
2023-08-14 00:00:00-04:00,176.86936795132465,178.57873203906215,176.2134459995229,178.35015869140625,43675600,0.0,0.0,0.009393167476525743,0.0118547251758163,0.07142643691710648
2023-08-15 00:00:00-04:00,177.7737337283927,178.37001397078072,175.9550494184861,176.35256958007812,43622600,0.0,0.0,-0.011200377538124306,0.011923687928430779,0.03720336799549928
2023-08-16 00:00:00-04:00,176.0345616520876,177.43583011971523,175.4084529729965,175.47802734375,46964900,0.0,0.0,-0.004959055818753,0.01191618745699711,0.025564268097708176
2023-08-17 00:00:00-04:00,176.04446908210178,176.41217594781634,172.40710087754795,172.92388916015625,66062900,0.0,0.0,-0.014555316253871298,0.012072244965781562,0.011571616504071791
2023-08-18 00:00:00-04:00,171.23444515927903,174.01713210367805,170.89655146662832,173.41090393066406,61114200,0.0,0.0,0.002816353326732912,0.012108108749328578,0.005586593661737638
2023-08-21 00:00:00-04:00,173.98729066685254,175.0407326935708,172.66551420323125,174.7525177001953,46311900,0.0,0.0,0.007736617127996004,0.012159199231173503,0.01569421598938381
2023-08-22 00:00:00-04:00,175.96497956715007,176.58114035802282,175.15999139470742,176.13392639160156,42084200,0.0,0.0,0.00790494299931166,0.012297750379144929,0.03942041915706107
2023-08-23 00:00:00-04:00,177.41596644953157,180.4272265262981,177.2271390578494,179.9998779296875,52722800,0.0,0.0,0.021948931800286564,0.0129047290975714,0.08727382894851199
2023-08-24 00:00:00-04:00,179.55266206734146,179.98001065949663,174.92147774645116,175.28919982910156,54945800,0.0,0.0,-0.026170451640117443,0.013621870730147432,0.060972112587003524
2023-08-25 00:00:00-04:00,176.28301269216934,178.04205535297126,174.73266281139772,177.50540161132812,51449600,0.0,0.0,0.012643116543330946,0.013887958862527026,0.07246217547584832
2023-08-28 00:00:00-04:00,178.97625019026674,179.4731579970015,177.4457808178697,179.0756378173828,43820700,0.0,0.0,0.008846131958806236,0.013563719087318661,0.0660410556438884
2023-08-29 00:00:00-04:00,178.5886452216866,183.75648287285225,178.38988515133815,182.98130798339844,53003900,0.0,0.0,0.021810170348233182,0.014262057287945695,0.13196586543989053
2023-08-30 00:00:00-04:00,183.79623993812856,186.6882466659393,183.5974798721571,186.48947143554688,60813900,0.0,0.0,0.019172250383447498,0.01467931020363774,0.1696813970897728
2023-08-31 00:00:00-04:00,186.6783166282915,187.95039936926207,186.3205424096171,186.7081298828125,60794500,0.0,0.0,0.0011724975441371743,0.014586265804302535,0.18925508031437044
2023-09-01 00:00:00-04:00,188.3181280749059,188.74546151435723,187.11560449736683,188.28831481933597,45732600,0.0,0.0,0.008463396519022837,0.014644172393141402,0.21221182536089112
2023-09-05 00:00:00-04:00,187.11559340947835,188.8050768374951,186.44973880050088,188.5268096923828,45280000,0.0,0.0,0.001266647233396645,0.014622763579923238,0.2080612489639324
2023-09-06 00:00:00-04:00,187.23484633917343,187.68207547486304,180.34771175415628,181.77880859375,81755800,0.0,0.0,-0.03579332355776588,0.01594902757665125,0.18089401176645858
2023-09-07 00:00:00-04:00,174.0965977246818,177.10787273977496,172.46674085776905,176.46188354492188,112488800,0.0,0.0,-0.02924942181082668,0.016668102825981985,0.15584904027279167
2023-09-08 00:00:00-04:00,177.24699542212446,179.1253060568345,176.6904460199261,177.07803344726562,65551300,0.0,0.0,0.003491688346321631,0.016691831744186744,0.1492499711325488
2023-09-11 00:00:00-04:00,178.9563633540274,179.18493667169955,176.24323613595504,178.25074768066406,58953100,0.0,0.0,0.006622584464987646,0.01651025090526838,0.16809544155598588
2023-09-12 00:00:00-04:00,178.37996034233754,179.0160016942275,173.73884349638047,175.20968627929688,90370200,0.0,0.0,-0.0170605814614323,0.01667270064868711,0.12693584198361174
2023-09-13 00:00:00-04:00,175.41837777577814,176.20350055461225,172.9040256402011,173.1326141357422,84267900,0.0,0.0,-0.011854779194363063,0.01674338495924788,0.07228478665902438
2023-09-14 00:00:00-04:00,172.92389281964336,175.01091138495906,172.50649213946434,174.65313720703125,60895800,0.0,0.0,0.008782418488159083,0.016739103561160852,0.1491325436097526
2023-09-15 00:00:00-04:00,175.38855280048267,175.40843335624928,172.74501513151833,173.92764282226562,109205100,0.0,0.0,-0.004153915562968846,0.0167199913288448,0.1335279077443221
2023-09-18 00:00:00-04:00,175.38856362269223,178.27063780985006,175.08048322919404,176.86935424804688,67257600,0.0,0.0,0.0169134208803563,0.014744917556482705,0.17494148256600117
2023-09-19 00:00:00-04:00,176.42213782123514,178.51908920430856,176.034550369597,177.96255493164062,51826900,0.0,0.0,0.006180837196140931,0.014449662711701831,0.19530411606230436
2023-09-20 00:00:00-04:00,178.1513672500879,178.5886485115626,174.3152386804528,174.40469360351562,58436200,0.0,0.0,-0.019992190657701303,0.0148725811580298,0.1427438804069645
2023-09-21 00:00:00-04:00,173.47050026870355,175.20967741085585,172.78476514063323,172.8543243408203,63047900,0.0,0.0,-0.00888949276915596,0.014871338745333654,0.11511684668736932
2023-09-22 00:00:00-04:00,173.5897771264219,175.9848764735621,172.97361627830674,173.7090301513672,56725400,0.0,0.0,0.0049446596942614995,0.014905768457672714,0.14381315091313085
2023-09-25 00:00:00-04:00,173.12266501245767,175.87553831983675,173.07297120229282,174.9910430908203,46172700,0.0,0.0,0.007380231979511986,0.014973865527083324,0.159647464819894
2023-09-26 00:00:00-04:00,173.7388432559087,174.11648285641874,170.5983824508641,170.8965301513672,64588900,0.0,0.0,-0.02339841438243251,0.015438116070022857,0.14990444906076905
2023-09-27 00:00:00-04:00,171.5524350388733,171.9698357492923,168.00452141810098,169.3759765625,66921800,0.0,0.0,-0.008897510016852905,0.015392881264642583,0.13710307836274804
2023-09-28 00:00:00-04:00,168.29272705350883,170.96609339598558,166.5833630389383,169.63438415527344,56294400,0.0,0.0,0.0015256448878868678,0.015384227617792831,0.13140886325108947
2023-09-29 00:00:00-04:00,170.956157001118,171.99966637275853,169.28653897360869,170.1511688232422,51814200,0.0,0.0,0.0030464617803882543,0.015184293330142469,0.14939750318194012
2023-10-02 00:00:00-04:00,170.1610784827832,173.22203181513163,169.87286351711737,172.67543029785156,52164500,0.0,0.0,0.01483540484656709,0.015429384638912424,0.22670370621697722
2023-10-03 00:00:00-04:00,171.1946676938173,172.55620536089927,169.76358598551198,171.33380126953125,49594600,0.0,0.0,-0.007769657941527064,0.01542010648649279,0.254867942805856
2023-10-04 00:00:00-04:00,170.03190052575047,173.13261538484517,169.9126475111621,172.5860137939453,53020300,0.0,0.0,0.007308613450093038,0.015409221983426417,0.22632663974311606
2023-10-05 00:00:00-04:00,172.71520904615178,174.36494660639528,171.61207310700374,173.8282928466797,48527900,0.0,0.0,0.007198028539077139,0.014892821894036084,0.204295945294233
2023-10-06 00:00:00-04:00,172.72513710071527,176.88922647606876,172.10896117831024,176.39231872558594,57224100,0.0,0.0,0.014750336880819281,0.014378176904724845,0.21955575013978423
2023-10-09 00:00:00-04:00,175.7165157114811,177.94266788538698,174.7127675180559,177.88304138183594,42390800,0.0,0.0,0.008451176712343855,0.014274178622562778,0.23806543603633612
2023-10-10 00:00:00-04:00,176.9985585807148,178.60853494693302,176.84947714698436,177.28675842285156,43698000,0.0,0.0,-0.003352106835774249,0.014192015543660274,0.2809500184667626
2023-10-11 00:00:00-04:00,177.09790803213954,178.73771260361593,176.50162786794644,178.68801879882812,47551100,0.0,0.0,0.007903920114746388,0.013664389359761248,0.2880404535293448
2023-10-12 00:00:00-04:00,178.95636590765267,181.21231619373,177.93272198255502,179.5924072265625,56743100,0.0,0.0,0.005061270665005058,0.01319142620644839,0.3079730474450182
2023-10-13 00:00:00-04:00,180.2980097429929,180.80485019878847,177.03829605191484,177.74391174316406,51427100,0.0,0.0,-0.01029272624575095,0.013286944425867558,0.3004988029532958
2023-10-16 00:00:00-04:00,175.65689773759766,177.97248977927228,175.41837654739012,177.61471557617188,52517000,0.0,0.0,-0.0007268669048922094,0.013153327281290468,0.25729244019975983
2023-10-17 00:00:00-04:00,175.55750508309643,177.31656279493396,173.71895547455762,176.05441284179688,57549400,0.0,0.0,-0.008784760481773568,0.01319890396901007,0.2877650234111151
2023-10-18 00:00:00-04:00,174.4941311237392,176.48176216718392,174.027036615376,174.7525177001953,54764400,0.0,0.0,-0.007394845267363115,0.011631365010920294,0.24206986971833921
2023-10-19 00:00:00-04:00,174.9512775869872,176.74014855708347,174.10654349306773,174.3748779296875,59302900,0.0,0.0,-0.0021609975952145977,0.010365111137719842,0.22783232085101157
2023-10-20 00:00:00-04:00,174.22581676799155,174.33513709455804,171.57233083888437,171.81085205078125,64189300,0.0,0.0,-0.014704101355357713,0.010661046374579585,0.20885313080918944
2023-10-23 00:00:00-04:00,169.85302851446286,172.93384778812512,168.87907830418513,171.9300994873047,55980100,0.0,0.0,0.0006940623080560204,0.010570380982170852,0.2136572607494991
2023-10-24 00:00:00-04:00,171.9797831493734,172.59594393485276,170.3896722111032,172.36737060546875,43816600,0.0,0.0,0.0025433075387497617,0.010150390286306637,0.1846872734716889
2023-10-25 00:00:00-04:00,170.81702981156988,171.98972493811343,169.59462570782657,170.04185485839844,57157000,0.0,0.0,-0.013491623959346555,0.01021773361722603,0.15165619787565188
2023-10-26 00:00:00-04:00,169.3163379944291,170.3201013316095,164.64540828457035,165.8578643798828,70625300,0.0,0.0,-0.02460565066171394,0.010957764390692326,0.10200896315059071
2023-10-27 00:00:00-04:00,165.8777610074826,167.91508596598229,165.79825394187426,167.17965698242188,58499100,0.0,0.0,0.007969429773384773,0.011085522021231711,0.13302944889628687
2023-10-30 00:00:00-04:00,167.97468177697908,170.11137880369458,167.8256003695495,169.23681640625,51131000,0.0,0.0,0.012305082214903784,0.010854555029982647,0.18301235362212664
2023-10-31 00:00:00-04:00,168.30266621223765,169.8430681534906,166.86162156099337,169.71388244628906,44846000,0.0,0.0,0.002818925870679889,0.01079062785523681,0.10301186030632792
2023-11-01 00:00:00-04:00,169.94245541165574,173.15247532339345,169.0678928937645,172.8940887451172,56934900,0.0,0.0,0.01873863382881824,0.010821754701954758,0.14126821243881849
2023-11-02 00:00:00-04:00,174.43449230797134,176.6805097693587,174.3748658071836,176.47181701660156,77334800,0.0,0.0,0.020693178682116287,0.011341116584947521,0.18568464974895105
2023-11-03 00:00:00-04:00,173.16244148240884,175.7264876371941,172.27794617495533,175.55752563476562,79763700,0.0,0.0,-0.0051809484216390755,0.01136271939470271,0.2252496459340212
2023-11-06 00:00:00-05:00,175.28920139472822,178.3203268607263,175.12025456148152,178.12156677246094,63841300,0.0,0.0,0.01460513372140837,0.011589723943967175,0.2981944633501217
2023-11-07 00:00:00-05:00,178.07186894277902,181.31171744967665,177.8631761623555,180.695556640625,70530000,0.0,0.0,0.014450747962778454,0.010921722079524621,0.31952398000690185
2023-11-08 00:00:00-05:00,181.22227266382137,182.31546067653568,180.466963136192,181.7589263916016,49340300,0.0,0.0,0.005884869394389591,0.010749042652945235,0.32212988530574016
2023-11-09 00:00:00-05:00,181.8285077374748,182.98132230147056,180.6856107058037,181.2819061279297,53763500,0.0,0.0,-0.002624466776636636,0.010787462064621875,0.3131773001262057
2023-11-10 00:00:00-05:00,183.0731107374973,185.6604412922004,182.63525339583376,185.4912567138672,66133400,0.24,0.0,0.023219915742539676,0.0114460463705922,0.38979661156079004
2023-11-13 00:00:00-05:00,184.91409464160964,185.12306234297503,183.31194313207843,183.8990631103516,43627500,0.0,0.0,-0.008583658506188585,0.011405660049717426,0.2652887012490992
2023-11-14 00:00:00-05:00,186.78492632853877,187.1929311504176,185.3917576494399,186.5261993408203,60108400,0.0,0.0,0.014285751031217986,0.011453988510559713,0.25910294569488235
2023-11-15 00:00:00-05:00,186.93420587357204,188.5761557735661,186.8645398467796,187.09341430664065,53790500,0.0,0.0,0.0030409399206376975,0.011423799757928156,0.27502601764125045
2023-11-16 00:00:00-05:00,188.64582412031268,190.0290470472312,187.7302959008097,188.7851409912109,54412900,0.0,0.0,0.009042149831086865,0.011453443391477823,0.27146370767220773
2023-11-17 00:00:00-05:00,189.32251104128505,189.45188213648447,187.65070850825023,188.76524353027344,50922700,0.0,0.0,-0.00010539738897352713,0.011238917430843471,0.2820100714773741
2023-11-20 00:00:00-05:00,188.96425501994517,190.97441144582112,188.9543092379418,190.5166473388672,46505100,0.0,0.0,0.009278211263043623,0.011255468754292001,0.27733601806114416
2023-11-21 00:00:00-05:00,190.47685219685215,190.586316538311,188.8149955106325,189.71060180664065,38134500,0.0,0.0,-0.004230840419907511,0.011271953342656935,0.26713991504685053
2023-11-22 00:00:00-05:00,190.55648023861536,191.98944739740557,189.8996941339189,190.3773498535156,39617700,0.0,0.0,0.0035145534330998096,0.011225386628233606,0.2997726856018934
2023-11-24 00:00:00-05:00,189.93947531002817,189.969327840784,188.3273779116158,189.0438690185547,24048300,0.0,0.0,-0.00700440906435007,0.01133404333683416,0.2720190148129704
2023-11-27 00:00:00-05:00,188.99410191914976,189.7404455259629,187.97907036225195,188.8647308349609,40552600,0.0,0.0,-0.0009476011283718888,0.011117340052106534,0.26332690141714776
2023-11-28 00:00:00-05:00,188.85478346401288,190.1484487418159,188.4766311807352,189.4717559814453,38415400,0.0,0.0,0.0032140736060182196,0.011106251297924575,0.29271626637455705
2023-11-29 00:00:00-05:00,189.96933244559008,191.15353347560767,188.04874872654685,188.44679260253903,43014200,0.0,0.0,-0.005409583996290435,0.011007628807803321,0.32040273941319164
2023-11-30 00:00:00-05:00,188.91449196138143,189.39216280718497,187.27254208408092,189.02395629882807,48794400,0.0,0.0,0.003062740884671733,0.010853601458221746,0.35306156776735986
2023-12-01 00:00:00-05:00,189.40211098182945,190.6261102728152,188.3074675935333,190.30767822265625,45679300,0.0,0.0,0.006791318671791835,0.010839054158905874,0.2991214787564229
2023-12-04 00:00:00-05:00,189.05379136323253,189.12345738262613,186.5361270189487,188.5064697265625,43389500,0.0,0.0,-0.009464717939474676,0.010583564888126569,0.28439609639634966
2023-12-05 00:00:00-05:00,189.28270844769884,193.45226890347428,189.2528407319119,192.47705078125,66628400,0.0,0.0,0.021063367535591793,0.011063086714084675,0.31588607218599485
2023-12-06 00:00:00-05:00,193.50202134703213,193.81050761672597,191.1734328747628,191.3824157714844,41089700,0.0,0.0,-0.0056870936317995335,0.011197308288899657,0.31893172994748564
2023-12-07 00:00:00-05:00,192.6860424138352,194.04935869024035,192.64622891391613,193.3229217529297,47477700,0.0,0.0,0.010139416276165658,0.010780211116891716,0.3669854778958568
2023-12-08 00:00:00-05:00,193.25324166018223,195.03452363413496,192.72582670763532,194.75588989257807,53377300,0.0,0.0,0.007412303345382565,0.009298561626567567,0.39636670680660147
2023-12-11 00:00:00-05:00,192.1685693679781,192.54672168765143,190.48680586341092,192.23822021484372,60943700,0.0,0.0,-0.012927309562360434,0.00986560298066738,0.3617929520904024
2023-12-12 00:00:00-05:00,192.13871428631936,193.77071848752672,190.7853438376791,193.76077270507807,52696900,0.0,0.0,0.007920134136347956,0.00978136891857193,0.37730934817786377
2023-12-13 00:00:00-05:00,194.13891526178816,197.03473239733867,193.90009500114147,196.99493408203125,70404200,0.0,0.0,0.01669151775047828,0.010020862813320066,0.37771823081491296
2023-12-14 00:00:00-05:00,197.0546227075805,198.64681332186493,195.20368991998,197.1441802978516,66831600,0.0,0.0,0.000757614486462943,0.009705387755937076,0.3694735768755584
2023-12-15 00:00:00-05:00,196.5670132843794,197.4327670575499,196.0395983209077,196.60682678222656,128256700,0.0,0.0,-0.0027256879447984383,0.009284908819722463,0.38729374559432705
2023-12-18 00:00:00-05:00,195.13403475719852,195.67141069754172,193.4423254921639,194.9350128173828,55751900,0.0,0.0,-0.00850333628900668,0.009412798801844254,0.4431130798047256
2023-12-19 00:00:00-05:00,195.2037079519548,195.9898499576203,194.93501997192172,195.9799041748047,40714100,0.0,0.0,0.005360203599754199,0.009186619594636108,0.4723130400133615
2023-12-20 00:00:00-05:00,195.9400886555705,196.71628487042167,193.88018798828125,193.88018798828125,52242800,0.0,0.0,-0.010713936183225137,0.009275238171954936,0.4800862555394909
2023-12-21 00:00:00-05:00,195.14397125694487,196.11918926884985,192.55664081053737,193.7308807373047,46482500,0.0,0.0,-0.00077010060968985,0.009268392214605025,0.47972881703599635
2023-12-22 00:00:00-05:00,194.22847296294225,194.45736262538531,192.0292554115101,192.65618896484372,37122800,0.0,0.0,-0.005547343657195447,0.009335646691834476,0.4372991982558314
2023-12-26 00:00:00-05:00,192.66610838714516,192.94474210952623,191.88991227702635,192.1088409423828,28919300,0.0,0.0,-0.0028410611950846487,0.00847259737119518,0.46811673480344274
2023-12-27 00:00:00-05:00,191.55158790358445,192.5566585360189,190.1584040025029,192.20835876464844,48087700,0.0,0.0,0.0005180283311139178,0.008270591738280523,0.4729984272041068
2023-12-28 00:00:00-05:00,193.19352844592407,193.71099759457724,192.228256173267,192.63626098632807,34049900,0.0,0.0,0.0022262414830958033,0.007913441614971031,0.49705489078335874
2023-12-29 00:00:00-05:00,192.9547010641641,193.452263485871,190.7952819760843,191.5913848876953,42628800,0.0,0.0,-0.005424088348075395,0.007992559562984565,0.5360690103133658
2024-01-02 00:00:00-05:00,186.23761848029773,187.5213381012472,182.9935167810597,184.7349853515625,82488700,0.0,0.0,-0.03578657537316621,0.010269249012814768,0.44030295539017095
2024-01-03 00:00:00-05:00,183.3218930760244,184.973803899141,182.53573597559208,183.35174560546875,58414500,0.0,0.0,-0.007487697814582139,0.010343402075867182,0.42599773879457836
2024-01-04 00:00:00-05:00,181.261998363711,182.19741821935423,179.99820064627082,181.02317810058597,71983600,0.0,0.0,-0.01270000183087061,0.010374656373243562,0.46259534549991455
2024-01-05 00:00:00-05:00,181.10277101042317,181.8690061871609,179.29163655398915,180.2967071533203,62303300,0.0,0.0,-0.004013137736770811,0.01037286488546708,0.441854258799107
2024-01-08 00:00:00-05:00,181.20228054123743,184.6951784875532,180.6151605231867,184.6553649902344,59144500,0.0,0.0,0.024174916479243302,0.01136543271953009,0.4925388928479195
2024-01-09 00:00:00-05:00,183.02335798455337,184.24735728099785,181.83915700040632,184.23741149902344,42841800,0.0,0.0,-0.0022634245760098093,0.011311235257755086,0.43631250850544867
2024-01-10 00:00:00-05:00,183.45127673118876,185.49127057687537,183.02336513916435,185.2823028564453,46792900,0.0,0.0,0.005671439632809916,0.011372565315036087,0.4385765856979247
2024-01-11 00:00:00-05:00,185.63057672110963,186.13810009590225,182.7248140769861,184.68521118164065,49128400,0.0,0.0,-0.0032226049957252423,0.01135931740309867,0.42757881770087214
2024-01-12 00:00:00-05:00,185.1529277118819,185.8296205077815,184.2871739488164,185.01361083984372,40444700,0.0,0.0,0.0017781589337984016,0.011334294447529081,0.4005482733133108
2024-01-16 00:00:00-05:00,181.27193705900044,183.361690026594,180.04792262326768,182.7347717285156,65603000,0.0,0.0,-0.01231714305225251,0.011511671386367325,0.3841271301587623
2024-01-17 00:00:00-05:00,180.38628371133652,182.03817940296344,179.42101140332082,181.78939819335935,47317400,0.0,0.0,-0.005173473697500541,0.011437192933092569,0.36317233816536976
2024-01-18 00:00:00-05:00,185.18277784532796,188.21791164443712,184.9240508532924,187.7104034423828,78005800,0.0,0.0,0.032570685132724986,0.012903808798842528,0.3953536037762986
2024-01-19 00:00:00-05:00,188.4069897270921,191.01421197583772,187.89948151982944,190.6261138916016,68741000,0.0,0.0,0.01553302531851286,0.012628182886131517,0.42467798164196036
2024-01-22 00:00:00-05:00,191.3625031283665,194.37773007418247,191.3226896328841,192.9447479248047,60133900,0.0,0.0,0.012163255001471418,0.012782513278817248,0.44136713006484474
2024-01-23 00:00:00-05:00,194.06924615918857,194.7956830243268,192.8850451968675,194.22845458984372,42355600,0.0,0.0,0.006653234559871546,0.012706066578998476,0.4235946218379878
2024-01-24 00:00:00-05:00,194.4672860626603,195.42261254918645,193.3925494594681,193.55177307128903,53631300,0.0,0.0,-0.0034839463660648606,0.012649400570417836,0.38606157122270446
2024-01-25 00:00:00-05:00,194.2682881337411,195.31317233681816,192.1685739447696,193.2234039306641,54822100,0.0,0.0,-0.0016965442135422615,0.012421724760398819,0.3699243620560342
2024-01-26 00:00:00-05:00,193.3229207532571,193.81052224173547,191.0042778879994,191.48193359375,44594000,0.0,0.0,-0.009012729832349908,0.012445628999643448,0.36398937021837274
2024-01-29 00:00:00-05:00,191.07390655519137,191.26298269587747,188.65576059016195,190.79527282714844,47145600,0.0,0.0,-0.0035860342211625484,0.012033726976620347,0.339272429084414
2024-01-30 00:00:00-05:00,190.0091315254044,190.86493945980703,186.55604725857967,187.12326049804688,55859400,0.0,0.0,-0.019245824462476246,0.01247918804154763,0.2957653645168543
2024-01-31 00:00:00-05:00,186.1281514224312,186.18787167030365,183.4512782422412,183.5010223388672,55467800,0.0,0.0,-0.019357498097984926,0.01289071630526365,0.29671822302963013
2024-02-01 00:00:00-05:00,183.0930320985484,186.038593239456,182.9238626911125,185.94903564453125,64885400,0.0,0.0,0.013340597640613572,0.013137920290316001,0.30226984367340926
2024-02-02 00:00:00-05:00,178.98316607734097,186.4167503347965,178.37613927772276,184.9439697265625,102518000,0.0,0.0,-0.005405061201231964,0.013091345363541198,0.28507757389243116
2024-02-05 00:00:00-05:00,187.23273981487077,188.3273832549743,184.9340037750539,186.76502990722656,69668800,0.0,0.0,0.009846550732940829,0.013149214844465022,0.2513528904192499
2024-02-06 00:00:00-05:00,185.9490291787125,188.38708201253655,185.8594715869018,188.37713623046875,43490800,0.0,0.0,0.00863173541665141,0.013270358087683332,0.23209136340310144
2024-02-07 00:00:00-05:00,189.710602105516,190.118606941087,187.69049986083044,188.48660278320312,53439000,0.0,0.0,0.0005811031791058685,0.013242672605629184,0.2553135337276913
2024-02-08 00:00:00-05:00,188.4666921831057,188.6159548348253,186.4366441977198,187.40191650390625,40962000,0.0,0.0,-0.005754712872322654,0.013269995652695744,0.22452379300140612
2024-02-09 00:00:00-05:00,187.96985257532492,189.30503301755343,187.3222021069975,188.1691436767578,45155200,0.24,0.0,0.004094019886053735,0.013297730568398952,0.251631850208371
2024-02-12 00:00:00-05:00,187.7406910525987,187.9897897322466,186.1165627960856,186.4752655029297,41781900,0.0,0.0,-0.009001891281058882,0.013372595625645925,0.24899719189201241
2024-02-13 00:00:00-05:00,185.1002428282,185.53865891732192,182.84838113476025,184.37286376953125,56529500,0.0,0.0,-0.011274426813273064,0.013481603017503134,0.23188991650655977
2024-02-14 00:00:00-05:00,184.6518638454696,184.8610982078661,181.78224238811129,183.48606872558597,54630500,0.0,0.0,-0.004809791559422738,0.011825076144148627,0.20333386603833503
2024-02-15 00:00:00-05:00,182.88824837462903,183.82486181575325,180.69618309757163,183.19712829589844,65434500,0.0,0.0,-0.0015747267991209624,0.011747733873431912,0.20653649760727855
2024-02-16 00:00:00-05:00,182.75869330174024,184.18354546694675,181.0150027746939,181.65269470214844,49701400,0.0,0.0,-0.008430446525643398,0.011613186480436456,0.17995940789083087
2024-02-20 00:00:00-05:00,181.134577279735,181.77226924950585,179.3510375405212,180.9054107666016,53665600,0.0,0.0,-0.0041138059458580845,0.011614454485647853,0.1874901153644024
2024-02-21 00:00:00-05:00,181.28405435734408,182.23062628266825,180.00867035619171,181.6626892089844,41529700,0.0,0.0,0.004186046393934717,0.010729963161776072,0.2015284928704244
2024-02-22 00:00:00-05:00,182.81850104532415,184.29317619439556,181.8021893660984,183.70529174804688,52292200,0.0,0.0,0.011243929878813175,0.010934391217439167,0.24834408657451346
2024-02-23 00:00:00-05:00,184.3429666556088,184.37285727847149,181.57299077597804,181.8619537353516,45119700,0.0,0.0,-0.0100342129241624,0.011027149261110654,0.23224942781612334
2024-02-26 00:00:00-05:00,181.5829745492965,182.10108884357552,179.99869543060538,180.50686645507807,40867400,0.0,0.0,-0.007451186201625548,0.011089176314250356,0.219056304732697
2024-02-27 00:00:00-05:00,180.4470750372319,183.25690001064535,178.9126187804792,181.9715576171875,54318900,0.0,0.0,0.008114323797615342,0.011197876368339478,0.25148114874409444
2024-02-28 00:00:00-05:00,181.8519814326113,182.45978277503792,179.48057251285755,180.7659149169922,48953900,0.0,0.0,-0.006625445844298472,0.011037690600641413,0.23302026644667984
2024-02-29 00:00:00-05:00,180.6164570963822,181.91177314365308,178.88272498353265,180.09832763671875,136682600,0.0,0.0,-0.003693103761181926,0.011018455343922174,0.23271689084719305
2024-03-01 00:00:00-05:00,178.90267929522304,179.87914188711767,176.74050452556773,179.0122833251953,73488000,0.0,0.0,-0.006030285376742217,0.009148378149354444,0.24299083640176322
2024-03-04 00:00:00-05:00,175.51490641269265,176.26220237846417,173.16341449891394,174.4687042236328,81510100,0.0,0.0,-0.025381381753053156,0.009556063781853405,0.20646026039494814
2024-03-05 00:00:00-05:00,170.14436011546877,171.4197441647657,169.00847072144566,169.5066680908203,95132400,0.0,0.0,-0.028440837884897707,0.010202122124812711,0.13241113145912964
2024-03-06 00:00:00-05:00,170.44326190896186,170.6226208472031,168.0718378391885,168.51025390625,68587700,0.0,0.0,-0.005878318509785374,0.00999443708912757,0.10526362670382272
2024-03-07 00:00:00-05:00,168.5401544147667,170.1144598371159,167.8825454793763,168.3907012939453,71765100,0.0,0.0,-0.0007094678782645358,0.010018643873886264,0.12072596809608416
2024-03-08 00:00:00-05:00,168.39069767067738,173.0737495355564,168.33091642363513,170.1144561767578,76114600,0.0,0.0,0.010236639372405154,0.010367972150323364,0.12279260875415243
2024-03-11 00:00:00-04:00,172.31649942978052,173.75131021022753,171.42970876738983,172.12718200683594,60139500,0.0,0.0,0.011831597827210993,0.010725530284272004,0.15327788588684865
2024-03-12 00:00:00-04:00,172.52572483722955,173.40255698056936,170.39344092810595,172.60543823242188,59825400,0.0,0.0,0.0027785049404163153,0.010786332751664308,0.17275859484239486
2024-03-13 00:00:00-04:00,172.14710231151471,172.5655862263849,170.1443394000517,170.5130157470703,52488700,0.0,0.0,-0.012122575666092317,0.010497227881846129,0.14337368640712556
2024-03-14 00:00:00-04:00,172.286609864896,173.68155635236576,171.4297098215142,172.37628173828125,72913500,0.0,0.0,0.010927412098410194,0.010328777454320806,0.1398087533858221
2024-03-15 00:00:00-04:00,170.5528808562992,171.99765014648438,169.6760486454164,171.99765014648438,121664700,0.0,0.0,-0.00219654112490808,0.009912603383998733,0.1343317136220583
2024-03-18 00:00:00-04:00,174.93702524630143,177.06930930187292,172.89441306506424,173.09368896484375,75604200,0.0,0.0,0.006372405770810996,0.010028118275373319,0.12061134881133206
2024-03-19 00:00:00-04:00,173.71142786519002,175.97324782453558,172.4061533947111,175.44515991210938,55215200,0.0,0.0,0.013584960614845043,0.010204093180493248,0.142063460452164
2024-03-20 00:00:00-04:00,175.08647190626633,178.0258331298828,174.45873840154812,178.0258331298828,53423100,0.0,0.0,0.014709287044830655,0.010479698469108165,0.14119246586698142
2024-03-21 00:00:00-04:00,176.41168117904223,176.8500972709565,170.22406352502733,170.7521514892578,106181300,0.0,0.0,-0.04085745036406219,0.012656047675792198,0.08164692693604514
2024-03-22 00:00:00-04:00,171.14074502028382,172.42610267352754,169.44687710249696,171.65887451171875,71106600,0.0,0.0,0.005310170411047421,0.012740281649424449,0.09738063616814463
2024-03-25 00:00:00-04:00,169.9550500090239,171.32010587263267,168.83907761478048,170.23403930664062,54288300,0.0,0.0,-0.008300387667873554,0.012708553687835356,0.0807396388486119
2024-03-26 00:00:00-04:00,169.38709229314748,170.80197088667242,168.96860836017046,169.09814453125,57388400,0.0,0.0,-0.00667254786420568,0.012679309552749488,0.06468555889954608
2024-03-27 00:00:00-04:00,169.79562681694486,172.97412838637234,169.4967053620682,172.68516540527344,60273300,0.0,0.0,0.02121265661410332,0.013334257732807005,0.10080280990762858
2024-03-28 00:00:00-04:00,171.1307861915964,171.60905138066403,169.8952513157474,170.86175537109375,65672700,0.0,0.0,-0.010559158511967981,0.01341570627555552,0.09353210723368588
2024-04-01 00:00:00-04:00,170.5727983430009,170.63257958791667,168.86895684402387,169.41697692871094,46240500,0.0,0.0,-0.008455832841263389,0.013461879823417126,0.06324291977292407
2024-04-02 00:00:00-04:00,168.4704023866532,168.7294595117456,167.62346088712874,168.23126220703125,49329500,0.0,0.0,-0.006998795180831352,0.013442710063299043,0.0454621098827197
2024-04-03 00:00:00-04:00,168.1814453345995,170.0646306043195,167.97221097339488,169.03834533691406,47691700,0.0,0.0,0.00479746225103872,0.0135033873149498,0.034296844890069345
2024-04-04 00:00:00-04:00,169.676035612487,171.30016373186453,168.2113494873047,168.2113494873047,53704400,0.0,0.0,-0.004892356512133822,0.013457680748044997,0.021370312762316823
2024-04-05 00:00:00-04:00,168.97857114439864,169.77568993392828,168.3408791535302,168.96861267089844,42055200,0.0,0.0,0.004501855468741045,0.01327578749458809,0.02931325680854635
2024-04-08 00:00:00-04:00,168.42059262733576,168.58997789957206,167.6334475147346,167.84268188476562,37425500,0.0,0.0,-0.006663549924066703,0.013225722613036667,0.03413011509390218
2024-04-09 00:00:00-04:00,168.09176931793073,169.46679875844995,167.74304032326918,169.0582733154297,42451200,0.0,0.0,0.007242445229149963,0.013311100473687882,0.035926424316635064
2024-04-10 00:00:00-04:00,168.19142141332685,168.48036917466098,166.50751200767976,167.1750946044922,49709300,0.0,0.0,-0.011139228350119601,0.013265949330216511,0.04101436118832358
2024-04-11 00:00:00-04:00,167.73307888899373,174.8274194382653,167.55373514215378,174.40892028808594,91070300,0.0,0.0,0.043270953132748424,0.015671417574483645,0.09436736149196201
2024-04-12 00:00:00-04:00,173.63173034934167,177.71695459263955,173.58192277868224,175.91348266601562,101593300,0.0,0.0,0.008626636616088534,0.015761570746257093,0.10863441497477777
2024-04-15 00:00:00-04:00,174.7277545222084,175.9931798985106,171.8780654093003,172.0673828125,73531800,0.0,0.0,-0.021863587686554498,0.016206300318367426,0.04863347437728427
2024-04-16 00:00:00-04:00,171.1307833718662,173.13353117115574,167.6633342016507,168.7693328857422,73711200,0.0,0.0,-0.019167199923948774,0.01592370009964228,0.030713019210244275
2024-04-17 00:00:00-04:00,168.99849837401,170.0347421275801,167.39430236816406,167.39430236816406,50901200,0.0,0.0,-0.008147395584652939,0.015128261268512543,0.022191558497525632
2024-04-18 00:00:00-04:00,167.42419559851692,168.0319969568735,165.9495357403214,166.43775939941406,43122900,0.0,0.0,-0.005714310195852446,0.01512620815687641,0.008779928843132057
2024-04-19 00:00:00-04:00,165.610765092168,165.80006730864108,163.48843957599198,164.40512084960938,67772100,0.0,0.0,-0.012212604622529155,0.015281892318680138,-0.010435361622692763
2024-04-22 00:00:00-04:00,164.9232423149658,166.65695922918923,164.17594634744867,165.24208068847656,48116400,0.0,0.0,0.005090838013694254,0.015183637511347325,0.0004511095373036511
2024-04-23 00:00:00-04:00,164.75386398167788,166.44773187185876,164.32540636965405,166.2982635498047,49537800,0.0,0.0,0.006391730586588817,0.015058851330118975,0.01679108185092626
2024-04-24 00:00:00-04:00,165.93955957507254,168.68961856026672,165.61076271741103,168.41062927246094,48251800,0.0,0.0,0.012702271674794874,0.01525332281823274,0.027775749803234717
2024-04-25 00:00:00-04:00,168.91879363485126,169.9949017439694,167.54376407257087,169.27749633789062,50558300,0.0,0.0,0.005147341763251934,0.015133067757485375,0.042906714788900624
2024-04-26 00:00:00-04:00,169.26753170576032,170.72225941243215,168.57004327249933,168.6896209716797,44838400,0.0,0.0,-0.003472850077115397,0.014997963156237292,0.03934836593208457
2024-04-29 00:00:00-04:00,172.74492977704497,175.39534310552878,172.47591417733986,172.8744659423828,68169400,0.0,0.0,0.0248079576360285,0.01569380555099844,0.03572285943771569
2024-04-30 00:00:00-04:00,172.7050959791447,174.3591148377481,169.38709978825105,169.71591186523438,65934800,0.0,0.0,-0.018270795862942224,0.016006201056306003,0.009188994184677002
2024-05-01 00:00:00-04:00,168.96861026347364,172.08733045132695,168.50030355143892,168.6896209716797,50383100,0.0,0.0,-0.0060471106231313465,0.01580920190681502,0.0036184848390214963
2024-05-02 00:00:00-04:00,171.8880442050533,172.7947670308616,170.27388965643632,172.4061737060547,94214900,0.0,0.0,0.022031899253593945,0.0161166434493239,0.03212050370588515
2024-05-03 00:00:00-04:00,185.9770408577792,186.32578503963057,182.0014362443012,182.7188415527344,163224100,0.0,0.0,0.05981611693478217,0.01790143624513979,0.10097822952922608
2024-05-06 00:00:00-04:00,181.6925778578994,183.5358989126904,179.76952819965473,181.0548858642578,78569700,0.0,0.0,-0.009106645348319842,0.018014117978007966,0.10187545021103572
2024-05-07 00:00:00-04:00,182.78860333233249,184.23337259597065,180.66629297548116,181.7423858642578,77305800,0.0,0.0,0.0037971910932879105,0.01791228352356099,0.05648197779348174
2024-05-08 00:00:00-04:00,182.19076551728077,182.40997355379537,180.79580390275356,182.08116149902344,45057100,0.0,0.0,0.001864043069285115,0.017831879599278146,0.058878467602698326
2024-05-09 00:00:00-04:00,181.90182360877463,183.99425867082292,181.45344901084357,183.9045867919922,48983000,0.0,0.0,0.01001435446674992,0.01754413549886302,0.08025378908505809
2024-05-10 00:00:00-04:00,184.483257157066,184.6728313615845,181.7195112814573,182.63743591308597,50759500,0.25,0.0,-0.006890262505194866,0.01746439894086019,0.06174627964297086
2024-05-13 00:00:00-04:00,185.0220348889267,186.67829703001243,184.2038757983674,185.86013793945312,72044800,0.0,0.0,0.017645352992695207,0.017556459639834033,0.07929964121494071
2024-05-14 00:00:00-04:00,187.0873746193062,187.87560260141976,185.87012310151908,187.00755310058597,52393600,0.0,0.0,0.006173540888614992,0.01745602515705485,0.09187792575634912
2024-05-15 00:00:00-04:00,187.48648604697289,190.2203008031565,186.9476945906926,189.2924041748047,70400000,0.0,0.0,0.01221796144773779,0.017524875740144632,0.1084301404807484
2024-05-16 00:00:00-04:00,190.04070957734743,190.66929452090585,189.23253763528552,189.41212463378903,52845200,0.0,0.0,0.0006324630906677786,0.017457922516180866,0.10913118163318636
2024-05-17 00:00:00-04:00,189.0828579141952,190.3799308889647,188.7535998742954,189.44204711914065,41282900,0.0,0.0,0.0001579755541492034,0.017472562438652976,0.1053236697324813
2024-05-20 00:00:00-04:00,188.90328335886423,191.48744227389747,188.58399727816297,190.6094207763672,44361300,0.0,0.0,0.006162167665409335,0.017360094200057668,0.0971412255298354
2024-05-21 00:00:00-04:00,190.65930352654092,192.295606563888,190.4896885120816,191.91647338867188,42309400,0.0,0.0,0.006857229862936354,0.017358055522785725,0.10397072424610787
2024-05-22 00:00:00-04:00,191.83664908760775,192.38541249371693,189.84115686495448,190.4697265625,34648500,0.0,0.0,-0.007538419191571499,0.017259216908511017,0.10168662950962215
2024-05-23 00:00:00-04:00,190.54955125962863,190.5695104450197,186.20936473753517,186.45880126953125,51005900,0.0,0.0,-0.02105807240528912,0.016242265690693047,0.09508319656477782
2024-05-24 00:00:00-04:00,188.3944296603675,190.15045735054443,187.6161736804281,189.5518035888672,36294600,0.0,0.0,0.016588127233881034,0.016412423224233915,0.11143462367157597
2024-05-28 00:00:00-04:00,191.0783459138836,192.56499305086223,188.6737894364844,189.5617828369141,52280100,0.0,0.0,5.2646547582080316e-05,0.01575981617707285,0.10410410241379009
2024-05-29 00:00:00-04:00,189.18265440509,191.816703719756,189.0828736970108,189.86111450195312,53068000,0.0,0.0,0.0015790717968535706,0.015182240091092892,0.0904667380046571
2024-05-30 00:00:00-04:00,190.33005195445256,191.74684967437963,190.2003553062749,190.85885620117188,49947900,0.0,0.0,0.005255113464576633,0.015007359297074713,0.08463548836417578
2024-05-31 00:00:00-04:00,191.0085090318276,192.13596695656705,189.48195877103,191.81668090820312,75158300,0.0,0.0,0.005018497575096426,0.014883147286799866,0.09038630746107512
2024-06-03 00:00:00-04:00,192.46522387732944,194.55052487571635,192.08609069758455,193.5926818847656,50080500,0.0,0.0,0.009258845310812225,0.014546957327861763,0.08312761038074723
2024-06-04 00:00:00-04:00,194.20129645164835,194.87977170290745,192.59492465346364,193.91195678710935,47471400,0.0,0.0,0.0016492095632716364,0.014564366564624232,0.07975772982805962
2024-06-05 00:00:00-04:00,194.95958593724887,196.45620511862305,194.43078171111517,195.42852783203125,54156800,0.0,0.0,0.007820925898792908,0.014569896673203304,0.09650416847988996
2024-06-06 00:00:00-04:00,195.24895132280375,196.0571232882409,193.73237287474004,194.0416717529297,41181800,0.0,0.0,-0.00709648736797297,0.014680189002312207,0.09097055574600987
2024-06-07 00:00:00-04:00,194.2112712938544,196.4961183769711,193.7024262662087,196.44622802734372,53103900,0.0,0.0,0.012391958143278314,0.01474493800124503,0.11312353654122842
2024-06-10 00:00:00-04:00,196.45620195884163,196.85530953542744,191.7169079607164,192.68472290039065,97262100,0.0,0.0,-0.019147759489836047,0.015324685677926624,0.07518193173313459
2024-06-11 00:00:00-04:00,193.21353266624035,206.6930926736998,193.1935887051364,206.68310546875,172373300,0.0,0.0,0.07264915639210212,0.019441259060432755,0.15080741913638018
2024-06-12 00:00:00-04:00,206.902617394007,219.7037025197263,206.4336754784377,212.58978271484372,198134300,0.0,0.0,0.028578423150250165,0.019293092476194734,0.1654691545116922
2024-06-13 00:00:00-04:00,214.25601418934664,216.2614784743462,211.12309188063196,213.75714111328125,97862700,0.0,0.0,0.005491131245960901,0.01912363181672475,0.17493749689151428
2024-06-14 00:00:00-04:00,213.36801320894725,214.68503016669277,210.8237575657328,212.01107788085935,70122700,0.0,0.0,-0.008168443979593487,0.01915956380433002,0.16128557202121074
2024-06-17 00:00:00-04:00,212.8890905531968,218.45651588142053,212.2405616472853,216.18165588378903,93728300,0.0,0.0,0.01967150983154453,0.016577941761241142,0.17101599082804708
2024-06-18 00:00:00-04:00,217.09957203800775,218.13723651623957,212.5199210550432,213.8070068359375,79943300,0.0,0.0,-0.010984507626900841,0.01663940621019149,0.16497955099912054
2024-06-20 00:00:00-04:00,213.44781843702847,213.75713252024897,208.3792815854295,209.2073974609375,86172500,0.0,0.0,-0.021512902888769503,0.017364441367930746,0.13936311050935046
2024-06-21 00:00:00-04:00,209.91581187096148,211.41243109582916,206.64320571720276,207.02235412597656,246421400,0.0,0.0,-0.01044438849428797,0.01758134415224204,0.13389826202232014
2024-06-24 00:00:00-04:00,207.2518316223831,212.2206031895828,206.1243736003879,207.6708831787109,80727000,0.0,0.0,0.0031326522948325053,0.017550894256098435,0.11895932053031233
2024-06-25 00:00:00-04:00,208.67859169129048,210.9035764661568,208.13981549353107,208.59878540039065,56713900,0.0,0.0,0.004468138274739353,0.01742536028572114,0.12588556836725373
2024-06-26 00:00:00-04:00,211.0233076661301,214.3757352905112,210.16524538059213,212.7693634033203,66213200,0.0,0.0,0.01999329955313267,0.01749119878806473,0.15713547985132226
2024-06-27 00:00:00-04:00,214.2061287476001,215.2537652762344,211.8714063519454,213.61746215820312,49772700,0.0,0.0,0.003986000340073348,0.017489238198217794,0.144512641922256
2024-06-28 00:00:00-04:00,215.2836804856933,215.5830073608868,209.8260080950157,210.1452789306641,82542700,0.0,0.0,-0.016254210645792466,0.017830166478967763,0.11882979800252857
2024-07-01 00:00:00-04:00,211.61197396968475,217.01975619065925,211.4423589537816,216.261474609375,60402900,0.0,0.0,0.0291046066313434,0.0184128228288683,0.14932820283056158
2024-07-02 00:00:00-04:00,215.66281990345283,219.88329699479613,214.6151986465016,219.77354431152344,58046200,0.0,0.0,0.016239923030637593,0.01851320821372266,0.14161885310220912
2024-07-03 00:00:00-04:00,219.50414962607877,221.0506591796875,218.5363346575029,221.0506591796875,37369800,0.0,0.0,0.005811049151365433,0.01851264074780125,0.15726173595938686
2024-07-05 00:00:00-04:00,221.15041758535088,225.93960192344272,221.15041758535088,225.8298492431641,60412400,0.0,0.0,0.021620338438311126,0.018755229868406297,0.1892646736927639
2024-07-08 00:00:00-04:00,226.57816816685516,227.33646497984205,222.74682662809303,227.30653381347656,59085900,0.0,0.0,0.006538925546208274,0.01859042458858906,0.19404577043157967
2024-07-09 00:00:00-04:00,227.4162716895273,228.8829597417087,225.85979013808537,228.16458129882807,48076100,0.0,0.0,0.00377484743159906,0.017879937230722186,0.20565598258139617
2024-07-10 00:00:00-04:00,228.78319647541343,232.5546757248293,228.7333061227644,232.45489501953125,62627700,0.0,0.0,0.018803592110048672,0.017925838497197057,0.24180749272848612
2024-07-11 00:00:00-04:00,230.86848076037649,231.86622690917008,225.26115227596375,227.05709838867188,64710600,0.0,0.0,-0.023220834435023763,0.01872173503020123,0.2163898080814266
2024-07-12 00:00:00-04:00,228.40404188598967,232.1156587015828,228.1645773343909,230.0203857421875,53046500,0.0,0.0,0.01305084656918809,0.01874123799011511,0.22129071396813016
2024-07-15 00:00:00-04:00,235.94700263838573,236.6953122424788,232.5646438368613,233.87168884277344,62631300,0.0,0.0,0.016743312068446814,0.01883033455604921,0.2367210166035303
2024-07-16 00:00:00-04:00,234.4703279528375,235.73746973269036,231.8063477557903,234.29074096679688,43234300,0.0,0.0,0.001791803557313676,0.01885104343654355,0.23796245173757624
2024-07-17 00:00:00-04:00,228.9328431112231,230.93832254659503,226.12917896312732,228.3641357421875,57345900,0.0,0.0,-0.025295942981584885,0.019734274760416958,0.18612047584711822
2024-07-18 00:00:00-04:00,229.76098610155705,229.92062914212065,221.7690447852705,223.6747283935547,66034600,0.0,0.0,-0.020534780268329555,0.02029908459221353,0.16332291200011428
2024-07-19 00:00:00-04:00,224.31328836166992,226.288821401956,222.77675082247163,223.80442810058597,49151500,0.0,0.0,0.0005798585649920973,0.020307025111315026,0.15582390448186878
2024-07-22 00:00:00-04:00,226.4983442399413,227.26661302541467,222.587181224328,223.45523071289065,48201800,0.0,0.0,-0.0015602791716810005,0.020220861720239163,0.16579181370718898
2024-07-23 00:00:00-04:00,223.86429647317823,226.4285113596948,222.1781030613285,224.5028533935547,39960300,0.0,0.0,0.004688288912825245,0.020171424033129125,0.17851910010695016
2024-07-24 00:00:00-04:00,223.4951403192113,224.29334029380243,216.64062905712152,218.0474395751953,61777600,0.0,0.0,-0.02875426178678897,0.020633250068007737,0.13982150293694362
2024-07-25 00:00:00-04:00,218.4365585703147,220.35224458682225,214.13627507494223,216.99981689453125,51391200,0.0,0.0,-0.004804563092807079,0.016148676765537905,0.12924845856191847
2024-07-26 00:00:00-04:00,218.2070723817432,218.99530033853077,215.5231328955533,217.46875,41601300,0.0,0.0,0.0021609838762981504,0.015335122938721881,0.1265683053224067
2024-07-29 00:00:00-04:00,216.47100932714253,218.80573164190093,215.26372979848315,217.7481231689453,36311800,0.0,0.0,0.0012846589174091427,0.015310629201556595,0.13548819494473952
2024-07-30 00:00:00-04:00,218.6959746261333,219.8334045947242,215.63288672795755,218.30685424804688,41643800,0.0,0.0,0.002565951297169411,0.015220660098460057,0.12322930117927244
2024-07-31 00:00:00-04:00,220.94091084366264,223.3155515626994,220.13273889458492,221.5794677734375,50036300,0.0,0.0,0.014990887650610185,0.015046595119517446,0.1364694815251919
2024-08-01 00:00:00-04:00,223.86429233538576,223.9740450176905,216.53086747941563,217.8678436279297,62501000,0.0,0.0,-0.016750758465143067,0.015239660659106709,0.12223130111890002
2024-08-02 00:00:00-04:00,218.65606496292435,225.09153987705304,217.2193232804361,219.36447143554688,105568600,0.0,0.0,0.006869429571135344,0.014681330364473867,0.14771847735362287
2024-08-05 00:00:00-04:00,198.64127617987643,213.0188017705649,195.55824424838744,208.79833984375,119548600,0.0,0.0,-0.0481670141142313,0.017161950977043088,0.10049385394832644
2024-08-06 00:00:00-04:00,204.83729660703725,209.51672869129231,200.6168344706096,206.762939453125,69660500,0.0,0.0,-0.009748163669060506,0.017252853147724494,0.14473616626702102
2024-08-07 00:00:00-04:00,206.43367474426563,213.15848935419996,205.9248296826355,209.34710693359372,63516400,0.0,0.0,0.012498214076969827,0.01738635204544136,0.1793922367021099
2024-08-08 00:00:00-04:00,212.6296774525561,213.71721707569145,208.35932525259923,212.8292236328125,47161100,0.0,0.0,0.01663322101854181,0.017265294020373627,0.19267436051834053
2024-08-09 00:00:00-04:00,211.62197118803232,216.29141600978787,211.4922593126285,215.7526397705078,42201600,0.0,0.0,0.013735971441304562,0.017430869452827787,0.21998098703812285
2024-08-12 00:00:00-04:00,215.83255236617865,219.26875909808803,215.36306766380915,217.2909393310547,38028100,0.25,0.0,0.007129922313734438,0.0171777601620272,0.23019815943410316
2024-08-13 00:00:00-04:00,218.76929897291208,221.646138683676,218.76929897291208,221.02682495117188,44155300,0.0,0.0,0.017193011506224654,0.016641225529879525,0.2509266522199798
2024-08-14 00:00:00-04:00,220.3276035510778,222.7848915052682,219.45854930599305,221.4763336181641,41960600,0.0,0.0,0.0020337290149805565,0.01638876239598347,0.24180620439692313
2024-08-15 00:00:00-04:00,224.35317447515425,225.10235023777116,222.5151850202656,224.47303771972656,46414000,0.0,0.0,0.01353058384436201,0.01653676643467808,0.2728651374586175
2024-08-16 00:00:00-04:00,223.67391069385005,226.5807162697698,223.4042031553576,225.80157470703125,44340200,0.0,0.0,0.005918470212727733,0.016092549489102628,0.28677976453827303
2024-08-19 00:00:00-04:00,225.4719428035102,225.74165035068276,222.79488010428776,225.64175415039065,40687800,0.0,0.0,-0.0007077920375354596,0.01604724175077739,0.3048616662872352
2024-08-20 00:00:00-04:00,225.52188562847152,226.92034094772856,225.20222998863,226.2610626220703,30299000,0.0,0.0,0.002744653683497189,0.016039722645450925,0.304768370923997
2024-08-21 00:00:00-04:00,226.2710625686077,227.7294495174454,224.8026768547104,226.15118408203125,34765500,0.0,0.0,-0.000485627260677135,0.015635123107139062,0.2941226086940576
2024-08-22 00:00:00-04:00,227.53966079897057,228.08905941841812,223.65393636981636,224.2832489013672,43695300,0.0,0.0,-0.00825967455464005,0.015125490466851632,0.27336767819911323
2024-08-23 00:00:00-04:00,225.41200238324527,227.96918649391685,224.0834622297127,226.5906982421875,38677300,0.0,0.0,0.010288103780033309,0.015049636963695174,0.25883806616079785
2024-08-26 00:00:00-04:00,226.5107917661563,227.03022456881217,223.64395069142012,226.93032836914065,30602200,0.0,0.0,0.00149887056083009,0.014704607561328225,0.2946053070604844
2024-08-27 00:00:00-04:00,225.7516206650164,228.5984945445466,224.6428399715384,227.7793884277344,35934600,0.0,0.0,0.003741501035562811,0.014721203603199685,0.2832251095461755
2024-08-28 00:00:00-04:00,227.6695099550691,229.6073802985885,225.4319662685897,226.2410888671875,38052200,0.0,0.0,-0.0067534625110952096,0.014031795823590558,0.2633828455096887
2024-08-29 00:00:00-04:00,229.8471324488683,232.66402541964027,228.628471976358,229.53746032714844,51906300,0.0,0.0,0.014570171477100935,0.013739514515984527,0.2544311922175895
2024-08-30 00:00:00-04:00,229.93703146120657,230.1467921428208,227.2300029525068,228.7483367919922,52990800,0.0,0.0,-0.0034378856245579348,0.01376286375014857,0.22660188283632143
2024-09-03 00:00:00-04:00,228.29882348382424,228.748325879288,220.92692932694945,222.52517700195312,50190600,0.0,0.0,-0.027205267925938914,0.014681661641645402,0.1918344270365797
2024-09-04 00:00:00-04:00,221.4164072047842,221.53627045160735,217.24099295020864,220.6072998046875,43840200,0.0,0.0,-0.008618697547418619,0.014735014141542855,0.17164625970741643
2024-09-05 00:00:00-04:00,221.38642912323468,225.23218875186365,221.2765494057299,222.13560485839844,36615400,0.0,0.0,0.006927717510091469,0.013783138757160541,0.17827064076910193
2024-09-06 00:00:00-04:00,223.7038813850335,224.99247224215048,219.5284824188554,220.57733154296875,48423000,0.0,0.0,-0.0070149641991117395,0.013819508546517931,0.21343809682419024
2024-09-09 00:00:00-04:00,220.57732363843863,221.0268260349447,216.47183996524672,220.66722106933597,67180000,0.0,0.0,0.00040751933001659246,0.013816556731447131,0.2505092694035578
2024-09-10 00:00:00-04:00,218.67940838073807,221.2365925404848,216.49181271910507,219.86810302734372,51591000,0.0,0.0,-0.0036213717566196957,0.013836953243658561,0.2416452721269977
2024-09-11 00:00:00-04:00,221.2166203203216,222.84481857216005,217.6505364639129,222.4152984619141,44587100,0.0,0.0,0.011585106704875558,0.013982471466315904,0.247766426541844
2024-09-12 00:00:00-04:00,222.25546946786716,223.30431855196207,219.57842214055836,222.52517700195312,37498200,0.0,0.0,0.0004940242006681306,0.013720224366777138,0.27005065603069434
2024-09-13 00:00:00-04:00,223.33429284055268,223.7937787761964,221.6661299590252,222.25547790527344,36766600,0.0,0.0,-0.0012119936283763177,0.013345078772999935,0.2837296948050305
2024-09-16 00:00:00-04:00,216.302019591785,216.98128020943747,213.6849038037586,216.082275390625,59357400,0.0,0.0,-0.0277752547331116,0.014264780269043478,0.23720809626502315
2024-09-17 00:00:00-04:00,215.51289221314667,216.6616222741377,214.2642659546696,216.5517425537109,45519300,0.0,0.0,0.002172631523049473,0.011051216994401465,0.24506800092152292
2024-09-18 00:00:00-04:00,217.31091546092293,222.4652482757468,217.3009166960367,220.4474639892578,59894900,0.0,0.0,0.017989794908164436,0.011255582114352621,0.24638587010441437
2024-09-19 00:00:00-04:00,224.7427436847832,229.56743739121876,224.38313871157,228.61846923828125,66781300,0.0,0.0,0.037065544330424194,0.012816191585295053,0.28464366746194836
2024-09-20 00:00:00-04:00,229.7172625160979,232.83382873595048,227.36983908638868,227.9492034912109,318679900,0.0,0.0,-0.0029274351687342826,0.012595354172425017,0.30701300969239487
2024-09-23 00:00:00-04:00,227.0901541218493,229.19783588273827,225.56183678133013,226.2211151123047,54146000,0.0,0.0,-0.007581023984463475,0.012532997822021278,0.3087385344566793
2024-09-24 00:00:00-04:00,228.39870925768025,229.09795215651428,225.48192014495527,227.1201171875,43556100,0.0,0.0,0.003973997187437739,0.012498668318268735,0.30747444153934467
2024-09-25 00:00:00-04:00,224.6827959331431,227.04020291666632,223.77380760174057,226.1212158203125,42308700,0.0,0.0,-0.0043981192840035765,0.012184603081824542,0.2921873704299005
2024-09-26 00:00:00-04:00,227.0501990579812,228.24887720276465,225.16227678839184,227.26995849609372,36636700,0.0,0.0,0.005080207408286963,0.012207641814814442,0.32986877085681754
2024-09-27 00:00:00-04:00,228.20893469195548,229.26776733886916,227.05020584581527,227.53965759277344,34026000,0.0,0.0,0.0011866904823865099,0.011974189907874333,0.34339982688637627
2024-09-30 00:00:00-04:00,229.78718847660608,232.7439422607422,229.39761768078608,232.7439422607422,54541900,0.0,0.0,0.022871989538117532,0.012620304168038426,0.37203281881638994
2024-10-01 00:00:00-04:00,229.2677705196639,229.3976172900359,223.49412373913023,225.9614105224609,63285000,0.0,0.0,-0.029141603740143074,0.013774625615729005,0.32800386906067014
2024-10-02 00:00:00-04:00,225.6417556602632,227.1201249339536,222.77491454853467,226.53077697753903,32880600,0.0,0.0,0.002519750844897084,0.013773219660063975,0.3118877224558887
2024-10-03 00:00:00-04:00,224.8925655126969,226.56072831643584,223.0745736591087,225.42198181152344,34044200,0.0,0.0,-0.004894677804091696,0.013803520709281127,0.31568890750812306
2024-10-04 00:00:00-04:00,227.6495326914976,227.7494288886953,223.88368688105717,226.55075073242188,37245100,0.0,0.0,0.00500735958324694,0.013742680040864964,0.31268314130545005
2024-10-07 00:00:00-04:00,224.25327473060864,225.4419693605541,221.08676038639476,221.4463653564453,39505400,0.0,0.0,-0.022530869394493114,0.01422827729904544,0.2739374110506039
2024-10-08 00:00:00-04:00,224.05349542674807,225.7316417761856,223.0046463373399,225.5218811035156,31855700,0.0,0.0,0.01840407604121319,0.01464566795807769,0.2785243866223033
2024-10-09 00:00:00-04:00,224.9824739985636,229.49751090746847,224.58291968465133,229.2877349853516,33591100,0.0,0.0,0.016698396906805968,0.014950843617800367,0.2889802940414796
2024-10-10 00:00:00-04:00,227.5296744960524,229.2477854802332,226.9203442604764,228.7882843017578,28183500,0.0,0.0,-0.00217827038862628,0.014899363372784784,0.290498435061171
2024-10-11 00:00:00-04:00,229.04800351672907,229.15788323697032,227.09015084025384,227.2999267578125,31759200,0.0,0.0,-0.006505392304014368,0.014707752214120729,0.27204906230290127
2024-10-14 00:00:00-04:00,228.44865815944692,231.47532700331135,228.34877720356224,231.0458068847656,39882100,0.0,0.0,0.016479900281465287,0.015004144560226761,0.28650097436075184
2024-10-15 00:00:00-04:00,233.3532605949055,237.2290013087572,232.1146178817108,233.59300231933597,64751400,0.0,0.0,0.011024633897990466,0.014175634837100716,0.3142109905675565
2024-10-16 00:00:00-04:00,231.34547369396785,231.86489123072647,229.5873982094942,231.5252685546875,34082200,0.0,0.0,-0.008851865184821506,0.014181559428872224,0.30352526142686376
2024-10-17 00:00:00-04:00,233.17345903647427,233.59301088010824,230.26666863657624,231.89486694335935,32993800,0.0,0.0,0.001596363070774487,0.01414726443476073,0.3171772476486625
2024-10-18 00:00:00-04:00,235.9204255737285,235.9204255737285,233.75281228137575,234.74172973632807,46431500,0.0,0.0,0.01227652354057529,0.014183819426061943,0.34328095998622454
2024-10-21 00:00:00-04:00,234.19234018879644,236.5897117727769,234.19234018879644,236.22010803222656,36254500,0.0,0.0,0.006297892997376708,0.014199286144853196,0.3546682345347745
2024-10-22 00:00:00-04:00,233.6329632952546,235.9604045441033,232.3443876620224,235.60079956054688,38846600,0.0,0.0,-0.002621743241245089,0.014185907617784464,0.37128008358233133
2024-10-23 00:00:00-04:00,233.822752128634,234.88158476901867,227.50969037853835,230.5063934326172,52287000,0.0,0.0,-0.021623042610347643,0.014729955834237581,0.34069830774243104
2024-10-24 00:00:00-04:00,229.7272566761152,230.56634513279107,228.15898997077213,230.31661987304688,31109500,0.0,0.0,-0.0008232897870825706,0.014734393697109077,0.33619616673400454
2024-10-25 00:00:00-04:00,229.4875225740561,232.96369380669327,229.3177112321018,231.1556854248047,38802300,0.0,0.0,0.003643095979006361,0.014733052056395742,0.35940463374325393
2024-10-28 00:00:00-04:00,233.0635949831452,234.472033847566,232.2944369244333,233.14349365234372,36087100,0.0,0.0,0.00859943472247271,0.013709166801695663,0.40568247712601146
2024-10-29 00:00:00-04:00,232.84382710997653,234.07247106119948,232.06468555632105,233.41319274902344,35417200,0.0,0.0,0.0011567944378576556,0.01371158218950571,0.3961817900701021
2024-10-30 00:00:00-04:00,232.3543581715744,233.21341362628857,229.29772360355057,229.8471221923828,47070900,0.0,0.0,-0.015277930585847477,0.01376858733612065,0.3581390094259327
2024-10-31 00:00:00-04:00,229.08795100904052,229.57741798472995,225.1223128313268,225.66172790527344,64370100,0.0,0.0,-0.01820947004768758,0.012481179443584048,0.3296598053885822
2024-11-01 00:00:00-04:00,220.72715344034327,225.10234466312104,220.02792579428785,222.6650238037109,65276700,0.0,0.0,-0.013279629334489784,0.012695918905435774,0.28786950103289377
2024-11-04 00:00:00-05:00,220.74713841963052,222.5451480336916,219.46854635353304,221.76600646972656,44944500,0.0,0.0,-0.004037532786365539,0.012646111599986274,0.2566652863831733
2024-11-05 00:00:00-05:00,221.5562414690178,223.70387248945224,220.896963160989,223.2044219970703,28111300,0.0,0.0,0.006486185823705526,0.012685598572757906,0.27140332600398187
2024-11-06 00:00:00-05:00,222.3653552641664,225.8215594779752,220.9469176537884,222.4752349853516,54561100,0.0,0.0,-0.0032669021751203786,0.01267529365886291,0.24900784905822015
2024-11-07 00:00:00-05:00,224.38313701629485,227.629565273657,224.32320539488208,227.22999572753903,42137700,0.0,0.0,0.021372089987905962,0.013256683936502584,0.25752951512506583
2024-11-08 00:00:00-05:00,227.1699981689453,228.66000366210935,226.41000366210935,226.9600067138672,38328800,0.25,0.0,-0.0011881750594036067,0.013256933870877558,0.24868699006770867
2024-11-11 00:00:00-05:00,225.0,225.6999969482422,221.5,224.22999572753903,42005600,0.0,0.0,-0.0120285993371948,0.012700271095212011,0.2369132723554943
2024-11-12 00:00:00-05:00,224.5500030517578,225.58999633789065,223.3600006103516,224.22999572753903,40398300,0.0,0.0,0.0,0.011548794299320642,0.2088440161545133
2024-11-13 00:00:00-05:00,224.00999450683597,226.6499938964844,222.75999450683597,225.1199951171875,48566200,0.0,0.0,0.003969136184303723,0.011563551219646386,0.2241497662339944
2024-11-14 00:00:00-05:00,225.0200042724609,228.8699951171875,225.0,228.22000122070312,44923900,0.0,0.0,0.013770460957508002,0.011798842905483657,0.22352785843076117
2024-11-15 00:00:00-05:00,226.3999938964844,226.9199981689453,224.2700042724609,225.0,47923700,0.0,0.0,-0.014109198157391867,0.012059168738390403,0.2026078033470038
2024-11-18 00:00:00-05:00,225.25,229.7400054931641,225.1699981689453,228.0200042724609,44686000,0.0,0.0,0.013422241210937269,0.01153422742324049,0.20782813242212006
2024-11-19 00:00:00-05:00,226.97999572753903,230.16000366210935,226.66000366210935,228.27999877929688,36211800,0.0,0.0,0.0011402267431119828,0.011058891726137752,0.20933279087834955
2024-11-20 00:00:00-05:00,228.05999755859372,229.92999267578125,225.88999938964844,229.0,35169600,0.0,0.0,0.0031540267415159917,0.01064189871723668,0.20199469809419557
2024-11-21 00:00:00-05:00,228.8800048828125,230.16000366210935,225.7100067138672,228.5200042724609,42108300,0.0,0.0,-0.002096051211961103,0.010641325523225933,0.20457160588935408
2024-11-22 00:00:00-05:00,228.05999755859372,230.72000122070312,228.05999755859372,229.8699951171875,38168300,0.0,0.0,0.005907539031537068,0.010620328954596078,0.20744403309563464
2024-11-25 00:00:00-05:00,231.4600067138672,233.25,229.7400054931641,232.8699951171875,90152800,0.0,0.0,0.013050855108212911,0.010458853873202511,0.23183045462495944
2024-11-26 00:00:00-05:00,233.3300018310547,235.57000732421875,233.3300018310547,235.05999755859372,45986200,0.0,0.0,0.009404399395912533,0.010405693009835123,0.24459445932232038
2024-11-27 00:00:00-05:00,234.47000122070312,235.69000244140625,233.80999755859372,234.92999267578125,33498400,0.0,0.0,-0.000553071063399746,0.010264427314283996,0.23992091306098207
2024-11-29 00:00:00-05:00,234.80999755859372,237.80999755859372,233.97000122070312,237.3300018310547,28481400,0.0,0.0,0.01021584825308186,0.010414618218168017,0.2594005902324761
2024-12-02 00:00:00-05:00,237.2700042724609,240.7899932861328,237.16000366210935,239.58999633789065,48137100,0.0,0.0,0.009522582435425697,0.010321925169848813,0.26751127756062143
2024-12-03 00:00:00-05:00,239.80999755859372,242.75999450683597,238.8999938964844,242.6499938964844,38861000,0.0,0.0,0.01277180852859261,0.010508266586609728,0.27504048266822245
2024-12-04 00:00:00-05:00,242.8699951171875,244.1100006103516,241.25,243.00999450683597,44383900,0.0,0.0,0.0014836209330593153,0.010486871221866232,0.28913344385120254
2024-12-05 00:00:00-05:00,243.9900054931641,244.5399932861328,242.1300048828125,243.0399932861328,40033900,0.0,0.0,0.00012344668933361724,0.009574977259433513,0.262695954139216
2024-12-06 00:00:00-05:00,242.91000366210935,244.6300048828125,242.0800018310547,242.83999633789065,36870600,0.0,0.0,-0.0008228972752097885,0.009574973536235641,0.26887308512109054
2024-12-09 00:00:00-05:00,241.8300018310547,247.2400054931641,241.75,246.75,44649200,0.0,0.0,0.016101151873964437,0.009921079193890243,0.27636183936507597
2024-12-10 00:00:00-05:00,246.88999938964844,248.2100067138672,245.33999633789065,247.7700042724609,36914800,0.0,0.0,0.004133755916761572,0.009855440280365677,0.27220801593792077
2024-12-11 00:00:00-05:00,247.9600067138672,250.8000030517578,246.25999450683597,246.4900054931641,45205800,0.0,0.0,-0.005166076430661359,0.009943022115632163,0.2822112336334006
2024-12-12 00:00:00-05:00,246.88999938964844,248.7400054931641,245.67999267578125,247.9600067138672,32777500,0.0,0.0,0.005963735599591624,0.00942276073163174,0.27972242911771095
2024-12-13 00:00:00-05:00,247.82000732421875,249.2899932861328,246.2400054931641,248.1300048828125,33155300,0.0,0.0,0.0006855870476785153,0.008579360441998847,0.2595755623821674
2024-12-16 00:00:00-05:00,247.9900054931641,251.3800048828125,247.6499938964844,251.0399932861328,51694800,0.0,0.0,0.011727676403724852,0.008125390685022292,0.2733827237854738
2024-12-17 00:00:00-05:00,250.0800018310547,253.8300018310547,249.77999877929688,253.47999572753903,51356400,0.0,0.0,0.009719576588042456,0.008041694522052929,0.289273622264951
2024-12-18 00:00:00-05:00,252.16000366210935,254.27999877929688,247.7400054931641,248.0500030517578,56774100,0.0,0.0,-0.021421779893107673,0.009316713201626204,0.27247537251880805
2024-12-19 00:00:00-05:00,247.5,252.0,247.08999633789065,249.7899932861328,60882300,0.0,0.0,0.007014675319362729,0.009245519899198326,0.2745694225022792
2024-12-20 00:00:00-05:00,248.0399932861328,255.0,245.69000244140625,254.4900054931641,147495300,0.0,0.0,0.018815854651340835,0.009089490446054442,0.31261480677203757
2024-12-23 00:00:00-05:00,254.7700042724609,255.6499938964844,253.4499969482422,255.2700042724609,40828600,0.0,0.0,0.0030649485734628445,0.009041665468928817,0.3176526287443151
