Date,Open,High,Low,Close,Volume,Dividends,Stock Splits
2019-12-26 00:00:00-05:00,69.03199765223384,70.28263086453755,69.00291436301626,70.26566314697266,93121200,0.0,0.0
2019-12-27 00:00:00-05:00,70.558944715347,71.24970256939069,69.83183274194636,70.239013671875,146266000,0.0,0.0
2019-12-30 00:00:00-05:00,70.15660845568407,70.9394683422482,69.12895923468582,70.65589141845703,144114400,0.0,0.0
2019-12-31 00:00:00-05:00,70.27052288789162,71.17941285266416,70.17115003082196,71.1721420288086,100805600,0.0,0.0
2020-01-02 00:00:00-05:00,71.79987336808419,72.85661316556887,71.54538716413333,72.7960205078125,135480400,0.0,0.0
2020-01-03 00:00:00-05:00,72.02041625768727,72.8517455706424,71.86287686024052,72.0882797241211,146322800,0.0,0.0
2020-01-06 00:00:00-05:00,71.20607711333845,72.7014999191191,70.95400956000329,72.6627197265625,118387200,0.0,0.0
2020-01-07 00:00:00-05:00,72.67240156846412,72.9293138189329,72.10041048902463,72.32096862792969,108872000,0.0,0.0
2020-01-08 00:00:00-05:00,72.02285750459463,73.78731540018381,72.02285750459463,73.4843521118164,132079200,0.0,0.0
2020-01-09 00:00:00-05:00,74.46594249428365,75.23910531783788,74.21388238999704,75.04521179199219,170108400,0.0,0.0
2020-01-10 00:00:00-05:00,75.28034961553642,75.7820587978021,74.71077692527594,75.21490478515625,140644800,0.0,0.0
2020-01-13 00:00:00-05:00,75.53237147319368,76.84844195389402,75.4136048587464,76.82177734375,121532000,0.0,0.0
2020-01-14 00:00:00-05:00,76.75877365398091,76.96963489713302,75.66083510787959,75.78443908691406,161954400,0.0,0.0
2020-01-15 00:00:00-05:00,75.58329005054169,76.46794145974869,75.02583310750762,75.45967864990234,121923600,0.0,0.0
2020-01-16 00:00:00-05:00,76.0049896177802,76.51639538996747,75.64143374623438,76.40489959716797,108829200,0.0,0.0
2020-01-17 00:00:00-05:00,76.65454124150132,77.25319687439719,76.34673326538457,77.25077819824219,137816400,0.0,0.0
2020-01-21 00:00:00-05:00,76.87754828501977,77.32108332706851,76.58912661521823,76.72727966308594,110843200,0.0,0.0
2020-01-22 00:00:00-05:00,77.21444728071641,77.55619082400978,76.9066391826675,77.00116729736328,101832400,0.0,0.0
2020-01-23 00:00:00-05:00,77.05446622858818,77.45195017577431,76.5042802197772,77.3719711303711,104472000,0.0,0.0
2020-01-24 00:00:00-05:00,77.61919405852058,78.36569234251847,76.95751957755354,77.14899444580078,146537600,0.0,0.0
2020-01-27 00:00:00-05:00,75.14946006060305,75.56391189434235,73.89398158621754,74.88043212890625,161940000,0.0,0.0
2020-01-28 00:00:00-05:00,75.76504526001489,77.17079167416017,75.66567243400732,76.99871063232422,162234000,0.0,0.0
2020-01-29 00:00:00-05:00,78.637176402942,79.46123530184,77.89309658038103,78.61051177978516,216229200,0.0,0.0
2020-01-30 00:00:00-05:00,77.68950611492174,78.54991913980967,77.255660491632,78.49659729003906,126743200,0.0,0.0
2020-01-31 00:00:00-05:00,77.78402044785376,78.20816913725739,74.72045890317577,75.01615142822266,199588400,0.0,0.0
2020-02-03 00:00:00-05:00,73.75339487793374,75.98078201621831,73.24926711862054,74.81013488769531,173788400,0.0,0.0
2020-02-04 00:00:00-05:00,76.42188260936533,77.47135157736116,76.0147017269092,77.27987670898438,136616400,0.0,0.0
2020-02-05 00:00:00-05:00,78.41172803369497,78.7122725850679,77.30410009523256,77.91002655029297,118826800,0.0,0.0
2020-02-06 00:00:00-05:00,78.18148791656665,78.82376854121485,77.62161241012203,78.82134246826172,105425600,0.0,0.0
2020-02-07 00:00:00-05:00,78.31845426530488,78.56868819994995,77.25678206283877,77.74996185302734,117684000,0.1925,0.0
2020-02-10 00:00:00-05:00,76.32871506198767,78.11922454833984,76.24854620453041,78.11922454833984,109348800,0.0,0.0
2020-02-11 00:00:00-05:00,78.61729312283484,78.6901739257034,77.42928413723492,77.64793395996094,94323200,0.0,0.0
2020-02-12 00:00:00-05:00,78.09979248720818,79.49673094210661,78.09979248720818,79.49187469482422,113730400,0.0,0.0
2020-02-13 00:00:00-05:00,78.76061799356015,79.25379778682812,78.55654436332367,78.92581939697266,94747600,0.0,0.0
2020-02-14 00:00:00-05:00,78.89422750170591,79.19548537647773,78.43506373229454,78.94525146484375,80113600,0.0,0.0
2020-02-18 00:00:00-05:00,76.61539135590418,77.68192708006474,76.43318198824178,77.49971771240234,152531200,0.0,0.0
2020-02-19 00:00:00-05:00,77.74268368353454,78.85294816427883,77.74268368353454,78.62214660644531,93984000,0.0,0.0
2020-02-20 00:00:00-05:00,78.38162741760964,78.87237540713653,77.3078034073495,77.81555938720703,100566000,0.0,0.0
2020-02-21 00:00:00-05:00,77.40741721613844,77.85201234060355,75.43469780285128,76.05420684814453,129554000,0.0,0.0
2020-02-24 00:00:00-05:00,72.21809093869149,73.89927218972448,70.26723591941703,72.44159698486328,222195200,0.0,0.0
2020-02-25 00:00:00-05:00,73.11453422052959,73.49838528422858,69.51407604241301,69.9878158569336,230673600,0.0,0.0
2020-02-26 00:00:00-05:00,69.61127139696013,72.36870817005541,69.60398331830831,71.09809875488281,198054800,0.0,0.0
2020-02-27 00:00:00-05:00,68.29207996071155,69.48251314363536,66.31449718169252,66.45054626464844,320605600,0.0,0.0
2020-02-28 00:00:00-05:00,62.50025221622377,67.6385554997623,62.2840268493113,66.41167449951172,426510000,0.0,0.0
2020-03-02 00:00:00-05:00,68.57874117120816,73.23358365974926,67.47090889947629,72.59463500976562,341397200,0.0,0.0
2020-03-03 00:00:00-05:00,73.77536734454684,73.85553621045779,69.43391890589473,70.28909301757812,319475600,0.0,0.0
2020-03-04 00:00:00-05:00,72.01886735003644,73.70976836620322,71.21471719102264,73.54942321777344,219178400,0.0,0.0
2020-03-05 00:00:00-05:00,71.79534952023471,72.7744209254937,70.79684571065036,71.1636962890625,187572800,0.0,0.0
2020-03-06 00:00:00-05:00,68.51074149489992,70.6535260401931,68.32367582727727,70.2186508178711,226176800,0.0,0.0
2020-03-09 00:00:00-04:00,64.07696949985089,67.5608121841011,63.89476010790818,64.66490173339844,286744800,0.0,0.0
2020-03-10 00:00:00-04:00,67.3300001443454,69.58939303727469,65.44230660133874,69.32215118408203,285290000,0.0,0.0
2020-03-11 00:00:00-04:00,67.39075287348057,68.3212322165363,66.04725520576122,66.9145736694336,255598800,0.0,0.0
2020-03-12 00:00:00-04:00,62.17955623859568,65.59537401061138,60.250565757894904,60.30644226074219,418474000,0.0,0.0
2020-03-13 00:00:00-04:00,64.35393335429514,68.00540938687315,61.4531554433298,67.53166198730469,370732000,0.0,0.0
2020-03-16 00:00:00-04:00,58.78074574053364,62.942405493904495,58.30700208996455,58.84391403198242,322423600,0.0,0.0
2020-03-17 00:00:00-04:00,60.13152411847769,62.585274902506356,57.91828734590941,61.4312858581543,324056000,0.0,0.0
2020-03-18 00:00:00-04:00,58.25113092125165,60.736466075066666,57.60732215662013,59.92745590209961,300233600,0.0,0.0
2020-03-19 00:00:00-04:00,60.10236956557699,61.42642361595355,58.941088778701626,59.46828079223633,271857200,0.0,0.0
2020-03-20 00:00:00-04:00,60.0513424340969,61.181042654095215,55.391643663219554,55.69289779663086,401693200,0.0,0.0
2020-03-23 00:00:00-04:00,55.41109646620473,55.51313329042528,51.652723425644844,54.509765625,336752800,0.0,0.0
2020-03-24 00:00:00-04:00,57.42267493521064,60.17525155765079,56.92220713241407,59.97846603393555,287531200,0.0,0.0
2020-03-25 00:00:00-04:00,60.91866936456952,62.74076316410799,59.3516694383783,59.64806365966797,303602000,0.0,0.0
2020-03-26 00:00:00-04:00,59.89100489553818,62.84522326472186,59.85213267444205,62.78691864013672,252087200,0.0,0.0
2020-03-27 00:00:00-04:00,61.40455808271416,62.162547880502984,60.01976760326953,60.187400817871094,204216800,0.0,0.0
2020-03-30 00:00:00-04:00,60.91623038806383,62.077510999514764,60.59068020318022,61.9050178527832,167976400,0.0,0.0
2020-03-31 00:00:00-04:00,62.09696014187927,63.77085317683828,61.2223536075195,61.7786979675293,197002000,0.0,0.0
2020-04-01 00:00:00-04:00,59.886154074244196,60.425494176264635,58.09564428473378,58.5280876159668,176218400,0.0,0.0
2020-04-02 00:00:00-04:00,58.38960956978753,59.55817861263245,57.553875182946484,59.504730224609375,165934000,0.0,0.0
2020-04-03 00:00:00-04:00,58.98726128031694,59.691802859942804,58.05677810126873,58.649566650390625,129880000,0.0,0.0
2020-04-06 00:00:00-04:00,60.95510622630932,63.92147268414862,60.58583124007948,63.7659912109375,201820400,0.0,0.0
2020-04-07 00:00:00-04:00,65.78973618510182,66.00839339127049,62.92297799130032,63.027442932128906,202887200,0.0,0.0
2020-04-08 00:00:00-04:00,63.83158830415397,64.95642874150907,63.464745123474984,64.6406021118164,168895200,0.0,0.0
2020-04-09 00:00:00-04:00,65.27953725570406,65.6123718043816,64.30775408800689,65.10704040527344,161834800,0.0,0.0
2020-04-13 00:00:00-04:00,65.18481070772222,66.49429260465944,64.58230223555258,66.38496398925781,131022800,0.0,0.0
2020-04-14 00:00:00-04:00,68.02483698264969,70.02914021517418,67.55108961658726,69.73760223388672,194994800,0.0,0.0
2020-04-15 00:00:00-04:00,68.60791725112617,69.56269281105895,68.17790569868288,69.1010971069336,131154400,0.0,0.0
2020-04-16 00:00:00-04:00,69.81777971437695,70.01699709120813,68.59576238272669,69.650146484375,157125200,0.0,0.0
2020-04-17 00:00:00-04:00,69.1642493049272,69.71330925617515,67.26197929396938,68.705078125,215250000,0.0,0.0
2020-04-20 00:00:00-04:00,67.52679355095263,68.43297671339393,67.25955166646024,67.27898406982422,130015200,0.0,0.0
2020-04-21 00:00:00-04:00,67.12107374662952,67.35673149875346,64.48511000316932,65.19937133789062,180991600,0.0,0.0
2020-04-22 00:00:00-04:00,66.47239906793473,67.51463866177296,66.12985200256384,67.07733917236328,116862400,0.0,0.0
2020-04-23 00:00:00-04:00,67.02144874130053,68.44997106278247,66.77850297000406,66.81737518310547,124814400,0.0,0.0
2020-04-24 00:00:00-04:00,67.34460380679306,68.75611883735412,67.29601166304893,68.74639892578125,126161200,0.0,0.0
2020-04-27 00:00:00-04:00,68.46214085181369,69.12781755437949,68.01269693902715,68.79498291015625,117087600,0.0,0.0
2020-04-28 00:00:00-04:00,69.2590190731977,69.44122851178182,67.5875573844478,67.67987060546875,112004800,0.0,0.0
2020-04-29 00:00:00-04:00,69.17398672348229,70.37414002699974,68.96991306323223,69.90282440185547,137280800,0.0,0.0
2020-04-30 00:00:00-04:00,70.4445760159148,71.55484032075456,70.05343675937974,71.37748718261719,183064000,0.0,0.0
2020-05-01 00:00:00-04:00,69.54326902774696,72.64082948225796,69.44609214337082,70.22837829589844,240616800,0.0,0.0
2020-05-04 00:00:00-04:00,70.25264863684093,71.35076111488053,69.56025154134068,71.22200012207031,133568000,0.0,0.0
2020-05-05 00:00:00-04:00,71.68359006518509,73.12668876890349,71.53782109644345,72.29095458984375,147751200,0.0,0.0
2020-05-06 00:00:00-04:00,72.99550014695852,73.67088924059446,72.60921717678971,73.03680419921875,142333600,0.0,0.0
2020-05-07 00:00:00-04:00,73.66604447823067,74.13979187417405,73.36236215111808,73.79237365722656,115215200,0.0,0.0
2020-05-08 00:00:00-04:00,74.45498205466502,75.60235253123315,74.12611582186314,75.54875946044922,133838400,0.205,0.0
2020-05-11 00:00:00-04:00,75.05422519130572,77.23447163035509,74.84472235640838,76.7375259399414,145946400,0.0,0.0
2020-05-12 00:00:00-04:00,77.42447988519703,77.87758616003143,75.73874820389301,75.86054992675781,162301200,0.0,0.0
2020-05-13 00:00:00-04:00,76.04082627706647,76.96652397961965,73.86301052868956,74.94461059570312,200622400,0.0,0.0
2020-05-14 00:00:00-04:00,74.1797114974989,75.46593780729032,73.45377031942287,75.40503692626953,158929200,0.0,0.0
2020-05-15 00:00:00-04:00,73.16631038114848,75.0055137738857,73.13220232382433,74.959228515625,166348400,0.0,0.0
2020-05-18 00:00:00-04:00,76.28931213886284,77.10050853103726,75.59504066999202,76.72535705566406,135178400,0.0,0.0
2020-05-19 00:00:00-04:00,76.74242742073746,77.59260144638077,76.2503509173153,76.28202056884766,101729600,0.0,0.0
2020-05-20 00:00:00-04:00,77.14434774630136,77.83618073277223,77.10537029765943,77.76554107666016,111504800,0.0,0.0
2020-05-21 00:00:00-04:00,77.62667450841661,78.16991286590262,76.94701881675975,77.18575286865234,102688800,0.0,0.0
2020-05-22 00:00:00-04:00,76.92267483121685,77.76554829725728,76.82036552394693,77.68272399902344,81803200,0.0,0.0
2020-05-26 00:00:00-04:00,78.80572515787038,78.98598935270707,77.10050081133224,77.15653228759766,125522000,0.0,0.0
2020-05-27 00:00:00-04:00,77.01282211981075,77.63887753036026,76.26982690652362,77.49271392822266,112945200,0.0,0.0
2020-05-28 00:00:00-04:00,77.16630423118309,78.79114339916505,76.88860001262842,77.52684020996094,133560800,0.0,0.0
2020-05-29 00:00:00-04:00,77.77041392140606,78.23325906401446,77.09319651884718,77.4512939453125,153532400,0.0,0.0
2020-06-01 00:00:00-04:00,77.40500989747099,78.52558745206125,77.27346192968375,78.4037857055664,80791200,0.0,0.0
2020-06-02 00:00:00-04:00,78.1358219826799,78.79111598702812,77.69246183211925,78.76675415039062,87642800,0.0,0.0
2020-06-03 00:00:00-04:00,79.08830002003492,79.46345142907931,78.5133919900797,79.20035552978516,104491200,0.0,0.0
2020-06-04 00:00:00-04:00,79.02254872485325,79.32217629393165,78.14313615962425,78.5182876586914,87560400,0.0,0.0
2020-06-05 00:00:00-04:00,78.76918784562754,80.81545561938624,78.73995661708915,80.75455474853516,137250400,0.0,0.0
2020-06-08 00:00:00-04:00,80.45005239746396,81.26612557402613,79.73629595752215,81.23201751708984,95654400,0.0,0.0
2020-06-09 00:00:00-04:00,80.91047677896422,84.19180905969564,80.87880713186348,83.79717254638672,147712400,0.0,0.0
2020-06-10 00:00:00-04:00,84.74966951984509,86.42322463912983,84.30874771009022,85.95307159423828,166651600,0.0,0.0
2020-06-11 00:00:00-04:00,85.0931240487231,85.51943010387768,81.7240914667439,81.82640075683594,201662400,0.0,0.0
2020-06-12 00:00:00-04:00,83.9750035031546,84.72529905397784,81.41716661042786,82.53286743164062,200146000,0.0,0.0
2020-06-15 00:00:00-04:00,81.1808627446549,84.20885233004024,81.01764513591078,83.55355834960938,138808800,0.0,0.0
2020-06-16 00:00:00-04:00,85.61688845940762,86.04076362659309,83.97500316337461,85.7679214477539,165428800,0.0,0.0
2020-06-17 00:00:00-04:00,86.51577208200045,86.57667295034399,85.52674257483635,85.64854431152344,114406400,0.0,0.0
2020-06-18 00:00:00-04:00,85.604692813634,86.10164595385577,85.07120064123144,85.68264770507812,96820400,0.0,0.0
2020-06-19 00:00:00-04:00,86.39154080283116,86.85925531634406,84.07973874680876,85.19300842285156,264476000,0.0,0.0
2020-06-22 00:00:00-04:00,85.58767026765868,87.5657299019409,85.54138499847603,87.42200469970703,135445200,0.0,0.0
2020-06-23 00:00:00-04:00,88.67167022398402,90.71306865652282,88.25023351062259,89.2879867553711,212155600,0.0,0.0
2020-06-24 00:00:00-04:00,88.91527007031266,89.83852933973874,87.33671684590729,87.71186828613281,192623200,0.0,0.0
2020-06-25 00:00:00-04:00,87.86777486464669,88.91526681509454,87.10529481180333,88.87628936767578,137522400,0.0,0.0
2020-06-26 00:00:00-04:00,88.77156113508525,88.99324123418319,85.99691342637193,86.14551544189453,205256800,0.0,0.0
2020-06-29 00:00:00-04:00,86.05293705962484,88.22588356795558,85.57303786343928,88.13087463378906,130646000,0.0,0.0
2020-06-30 00:00:00-04:00,87.71674543727191,89.15401204164107,87.69726042821986,88.8665542602539,140223200,0.0,0.0
2020-07-01 00:00:00-04:00,88.9445053445153,89.49017478480187,88.64974720230927,88.6984634399414,110737200,0.0,0.0
2020-07-02 00:00:00-04:00,89.60954555050597,90.2477855067387,88.58397693612106,88.6984634399414,114041600,0.0,0.0
2020-07-06 00:00:00-04:00,90.13329206093196,91.54131994765142,90.10162241749444,91.0711669921875,118655600,0.0,0.0
2020-07-07 00:00:00-04:00,91.45119898339688,92.23316420656545,90.67654156851252,90.7885971069336,112424400,0.0,0.0
2020-07-08 00:00:00-04:00,91.77029864576771,92.93472292396123,91.68259753162141,92.9030532836914,117092000,0.0,0.0
2020-07-09 00:00:00-04:00,93.79951991976638,93.85311298440196,92.25020530715545,93.30257415771484,125642800,0.0,0.0
2020-07-10 00:00:00-04:00,92.89575090989648,93.52425205644036,92.28187281172208,93.46578216552734,90257200,0.0,0.0
2020-07-13 00:00:00-04:00,94.77637034737839,97.39754619914325,92.82023467943165,93.03460693359375,191649200,0.0,0.0
2020-07-14 00:00:00-04:00,92.41341151615387,94.76662199734568,91.47554407654853,94.57418060302734,170989200,0.0,0.0
2020-07-15 00:00:00-04:00,96.45722706906206,96.70813834363402,94.02119239003805,95.22459411621094,153198000,0.0,0.0
2020-07-16 00:00:00-04:00,94.0918567876338,94.91279943602586,93.4511783597131,94.0528793334961,110577600,0.0,0.0
2020-07-17 00:00:00-04:00,94.50597074389373,94.6618731015286,93.3878242557706,93.86285400390625,92186800,0.0,0.0
2020-07-20 00:00:00-04:00,93.9505614633719,95.9797752684357,93.60464123577772,95.8409194946289,90318000,0.0,0.0
2020-07-21 00:00:00-04:00,96.63508076807028,96.710597264398,94.26725426060207,94.5181655883789,103433200,0.0,0.0
2020-07-22 00:00:00-04:00,94.21852946338672,95.4682166933375,94.13083576579898,94.78369140625,89001600,0.0,0.0
2020-07-23 00:00:00-04:00,94.51570967602892,94.59366457206063,89.65582482110416,90.4694595336914,197004400,0.0,0.0
2020-07-24 00:00:00-04:00,88.65949241794259,90.59126629328685,86.86412846693426,90.24534606933594,185438800,0.0,0.0
2020-07-27 00:00:00-04:00,91.31233191463267,92.4767563073094,91.0882208654685,92.38418579101562,121214000,0.0,0.0
2020-07-28 00:00:00-04:00,91.95302391238943,92.13085716394599,90.86167743181777,90.8665542602539,103625600,0.0,0.0
2020-07-29 00:00:00-04:00,91.3513269920414,92.79346321186603,91.31478794808258,92.60832214355469,90329200,0.0,0.0
2020-07-30 00:00:00-04:00,91.77763790037069,93.83365246691515,91.36838571862384,93.7289047241211,158130000,0.0,0.0
2020-07-31 00:00:00-04:00,100.25258214013374,103.69226222205124,98.24528433161115,103.54122924804688,374336800,0.0,0.0
2020-08-03 00:00:00-04:00,105.43158191778792,108.781129727995,105.13195439882799,106.15021514892578,308151200,0.0,0.0
2020-08-04 00:00:00-04:00,106.34023893961368,107.95533138544933,105.6142978102183,106.85911560058594,173071600,0.0,0.0
2020-08-05 00:00:00-04:00,106.57896588535843,107.5679954655589,106.11124391089764,107.2464370727539,121776800,0.0,0.0
2020-08-06 00:00:00-04:00,107.5801716353025,111.48513526706205,106.98821694116845,110.9881820678711,202428800,0.0,0.0
2020-08-07 00:00:00-04:00,110.50740340848922,110.96620481883888,107.6643077978674,108.46476745605469,198045600,0.205,0.0
2020-08-10 00:00:00-04:00,109.91683374879184,111.06383745078631,107.37879108538309,110.04129791259766,212403600,0.0,0.0
2020-08-11 00:00:00-04:00,109.30186450006919,109.80214914223019,106.50757212458231,106.7686996459961,187902400,0.0,0.0
2020-08-12 00:00:00-04:00,107.8644362745087,110.57575468715021,107.66920508325637,110.31707000732422,165598000,0.0,0.0
2020-08-13 00:00:00-04:00,111.7032207202687,113.27729905481593,111.21269252857789,112.26940155029297,210082000,0.0,0.0
2020-08-14 00:00:00-04:00,112.09371227617905,112.25965955070116,110.35124355091685,112.16936492919922,165565200,0.0,0.0
2020-08-17 00:00:00-04:00,113.29684114303221,113.32124690635658,111.2468836328708,111.87651062011719,119561600,0.0,0.0
2020-08-18 00:00:00-04:00,111.6275653780633,113.23580577761628,111.29078528133417,112.80873107910156,105633600,0.0,0.0
2020-08-19 00:00:00-04:00,113.21874298963277,114.37062498380037,112.85512170179622,112.9502944946289,145538000,0.0,0.0
2020-08-20 00:00:00-04:00,112.99177868647469,115.57131200892078,112.97469390875426,115.45661163330078,126907200,0.0,0.0
2020-08-21 00:00:00-04:00,116.42058107803142,121.8920223479699,116.40838192059897,121.40637969970703,338054800,0.0,0.0
2020-08-24 00:00:00-04:00,125.63073517139213,125.71615905282322,120.98416756262004,122.85841369628906,345937600,0.0,0.0
2020-08-25 00:00:00-04:00,121.72607580337079,122.19707648647878,120.12027046376029,121.85053253173828,211495600,0.0,0.0
2020-08-26 00:00:00-04:00,123.17323866286968,123.96637748179133,122.1018875756972,123.50757598876953,163022400,0.0,0.0
2020-08-27 00:00:00-04:00,124.11280434438925,124.4471416696021,120.88167375973559,122.03112030029297,155552400,0.0,0.0
2020-08-28 00:00:00-04:00,123.00973057273563,123.4294843508676,121.60892773706408,121.83345031738281,187630000,0.0,0.0
2020-08-31 00:00:00-04:00,124.53987161471422,127.87837394086273,122.99751997365422,125.96507263183594,225702700,0.0,4.0
2020-09-01 00:00:00-04:00,129.59642898445324,131.58782574144868,127.41957228893138,130.9825897216797,151948100,0.0,0.0
2020-09-02 00:00:00-04:00,134.3113286127253,134.69203460571913,123.97368404550697,128.26882934570312,200119000,0.0,0.0
2020-09-03 00:00:00-04:00,123.88585934482386,125.7698621363214,117.6285999549482,117.99954223632812,257599600,0.0,0.0
2020-09-04 00:00:00-04:00,117.20883002621501,120.75232742067561,108.24758160325585,118.07762145996094,332607200,0.0,0.0
2020-09-08 00:00:00-04:00,111.23466984997847,116.15457202546442,109.99493609758322,110.13159942626953,231366600,0.0,0.0
2020-09-09 00:00:00-04:00,114.46578516509483,116.30098350894868,112.5134436491513,114.52435302734375,176940500,0.0,0.0
2020-09-10 00:00:00-04:00,117.49193388065345,117.62859721522052,109.81922976524737,110.78563690185547,182274400,0.0,0.0
2020-09-11 00:00:00-04:00,111.83991308462646,112.48418953048895,107.37881183624268,109.3311538696289,180860300,0.0,0.0
2020-09-14 00:00:00-04:00,111.98631239657361,113.16747813952576,110.11206629772022,112.6110610961914,140150100,0.0,0.0
2020-09-15 00:00:00-04:00,115.51029107248101,115.99837646623179,110.90276376385894,112.78677368164062,184642000,0.0,0.0
2020-09-16 00:00:00-04:00,112.48417402269936,113.23582232498472,109.37018652553259,109.45803833007812,154679000,0.0,0.0
2020-09-17 00:00:00-04:00,107.10546458227437,109.52636406828354,106.11952995935675,107.71068572998047,178011000,0.0,0.0
2020-09-18 00:00:00-04:00,107.76924780185847,108.23780557169567,103.56194698019385,104.29407501220703,287104900,0.0,0.0
2020-09-21 00:00:00-04:00,102.0489062682896,107.56427331516774,100.64321779610452,107.45689392089844,195713800,0.0,0.0
2020-09-22 00:00:00-04:00,109.99494709889397,110.17065817443509,106.55882850203781,109.14567565917969,183055400,0.0,0.0
2020-09-23 00:00:00-04:00,108.9602055509454,109.43852723740036,104.22577042320049,104.56743621826172,150718700,0.0,0.0
2020-09-24 00:00:00-04:00,102.66388092435032,107.62283036011137,102.49793367629653,105.64120483398438,167743300,0.0,0.0
2020-09-25 00:00:00-04:00,105.8462127607794,109.76066022078156,105.10432077900599,109.6044692993164,149981400,0.0,0.0
2020-09-28 00:00:00-04:00,112.26942309882642,112.57203371024211,110.09255860233831,112.22061157226562,137672400,0.0,0.0
2020-09-29 00:00:00-04:00,111.82036009208812,112.5622444845661,110.86370949982008,111.3713150024414,99382200,0.0,0.0
2020-09-30 00:00:00-04:00,111.07846949612659,114.46578315852413,110.91252225760248,113.05033111572266,142675200,0.0,0.0
2020-10-01 00:00:00-04:00,114.83673221514206,114.91482766649547,113.0698654519263,114.00698852539062,116120400,0.0,0.0
2020-10-02 00:00:00-04:00,110.19992847147782,112.62083549619844,109.54589577865308,110.32682800292969,144712000,0.0,0.0
2020-10-05 00:00:00-04:00,111.19563592722352,113.8703422313761,110.84421379119257,113.72391510009766,106243800,0.0,0.0
2020-10-06 00:00:00-04:00,112.94295287052965,113.35295024597009,109.5751667598429,110.46348571777344,161498200,0.0,0.0
2020-10-07 00:00:00-04:00,111.88870036047932,112.79653950711614,111.41037130371913,112.33773803710938,96849000,0.0,0.0
2020-10-08 00:00:00-04:00,113.47986712829248,113.62629425281531,111.85941985940086,112.2303695678711,83477200,0.0,0.0
2020-10-09 00:00:00-04:00,112.53297757392214,114.21199267494644,112.18155546219181,114.18270874023438,100506900,0.0,0.0
2020-10-12 00:00:00-04:00,117.19906837860654,122.19706574823392,116.43765631689607,121.43565368652344,240226800,0.0,0.0
2020-10-13 00:00:00-04:00,122.28493318897588,122.40207638560332,116.7988571464754,118.21430206298828,262330500,0.0,0.0
2020-10-14 00:00:00-04:00,118.1166949204186,120.09832092457587,116.7695815768402,118.30216979980469,150712000,0.0,0.0
2020-10-15 00:00:00-04:00,115.89100215036126,118.31190163855125,115.33458507506343,117.83358001708984,112559200,0.0,0.0
2020-10-16 00:00:00-04:00,118.3900013910462,118.65357169541609,115.97885816134452,116.18385314941406,115393800,0.0,0.0
2020-10-19 00:00:00-04:00,117.10145686264569,117.55049456986758,112.90392658334925,113.21630096435547,120639300,0.0,0.0
2020-10-20 00:00:00-04:00,113.43104998711324,116.14481121078373,112.87463289955475,114.7098388671875,124423700,0.0,0.0
2020-10-21 00:00:00-04:00,113.88983676474915,115.88122593862153,113.67507801350925,114.08507537841797,89946000,0.0,0.0
2020-10-22 00:00:00-04:00,114.65127071459953,115.22721542582593,111.85942130854261,112.99178314208984,101988000,0.0,0.0
2020-10-23 00:00:00-04:00,113.61651989893869,113.7727108032714,111.55679889550252,112.29869079589844,82572600,0.0,0.0
2020-10-26 00:00:00-04:00,111.29325298981222,113.77272811646259,110.19017504098188,112.3084716796875,111850700,0.0,0.0
2020-10-27 00:00:00-04:00,112.73796772098498,114.48531441046451,111.81060840617837,113.82151794433594,92276800,0.0,0.0
2020-10-28 00:00:00-04:00,112.30848113708215,112.67942345116828,108.45260106031823,108.55021667480469,143937800,0.0,0.0
2020-10-29 00:00:00-04:00,109.6923204722767,114.14365713975116,109.52636576854945,112.572021484375,146129200,0.0,0.0
2020-10-30 00:00:00-04:00,108.41354139551972,109.32138066077655,105.15313405535431,106.2659683227539,190272600,0.0,0.0
2020-11-02 00:00:00-05:00,106.510010202518,108.04259825657593,104.76266335338559,106.17810821533203,122866900,0.0,0.0
2020-11-03 00:00:00-05:00,107.04689938815555,108.83328639019895,106.13906019633995,107.80831146240234,107624400,0.0,0.0
2020-11-04 00:00:00-05:00,111.42014987351149,112.83559474956894,109.67280300695923,112.21084594726562,138235500,0.0,0.0
2020-11-05 00:00:00-05:00,115.13935999567666,116.76957113416694,114.085101035138,116.1936264038086,126387100,0.0,0.0
2020-11-06 00:00:00-05:00,115.6997907349838,116.56030035576157,113.55828613023952,116.06159973144531,114457900,0.205,0.0
2020-11-09 00:00:00-05:00,117.83152910264428,119.28853098353753,113.48007727763617,113.74409484863281,154515300,0.0,0.0
2020-11-10 00:00:00-05:00,112.99115812331121,114.98597593271168,111.60259823184701,113.40185546875,138023400,0.0,0.0
2020-11-11 00:00:00-05:00,114.59482539259994,116.98078642695639,113.86143417104567,116.84388732910156,112295000,0.0,0.0
2020-11-12 00:00:00-05:00,116.97101537029141,117.8608595224864,115.94426465731732,116.5700912475586,103162300,0.0,0.0
2020-11-13 00:00:00-05:00,116.79500987439638,117.01991235865556,115.25977774017278,116.6189956665039,81581900,0.0,0.0
2020-11-16 00:00:00-05:00,116.28653380363075,118.31069368583752,115.53358861323966,117.63597869873047,91183000,0.0,0.0
2020-11-17 00:00:00-05:00,116.90256939134977,117.99776222750803,116.32563105620926,116.74610900878906,74271000,0.0,0.0
2020-11-18 00:00:00-05:00,115.98338696209944,117.16659066596934,115.38689479049965,115.41622924804688,76322100,0.0,0.0
2020-11-19 00:00:00-05:00,114.98596745236839,116.423415515833,114.22324173553615,116.0127182006836,74113000,0.0,0.0
2020-11-20 00:00:00-05:00,116.01269218289909,116.13981062038214,114.69258970286437,114.7414779663086,73604300,0.0,0.0
2020-11-23 00:00:00-05:00,114.58503980139257,115.01529835344873,111.2309971280372,111.32878112792969,127959300,0.0,0.0
2020-11-24 00:00:00-05:00,111.38746829481333,113.28450195004916,110.09669251350901,112.61956024169922,113874200,0.0,0.0
2020-11-25 00:00:00-05:00,112.99115924480436,114.16458237497406,112.61956953391152,113.46052551269531,76499200,0.0,0.0
2020-11-27 00:00:00-05:00,113.9885562291221,114.88818103212508,113.64630847367984,114.00811004638672,46691300,0.0,0.0
2020-11-30 00:00:00-05:00,114.37971764743862,118.2911382323328,114.22325724303036,116.41365814208984,169410200,0.0,0.0
2020-12-01 00:00:00-05:00,118.3302264579007,120.73574867600769,117.35237153377064,120.00235748291016,127728200,0.0,0.0
2020-12-02 00:00:00-05:00,119.31785408740221,120.63796419810457,118.21288071326836,120.35438537597656,89004200,0.0,0.0
2020-12-03 00:00:00-05:00,120.78464902206112,121.0388934166779,119.50366133071806,120.21749877929688,78967600,0.0,0.0
2020-12-04 00:00:00-05:00,119.88502578525937,120.13927018325414,118.8289405570736,119.54277801513672,78260400,0.0,0.0
2020-12-07 00:00:00-05:00,119.60145354527566,121.81140813528457,119.54278462727864,121.00956726074219,86712000,0.0,0.0
2020-12-08 00:00:00-05:00,121.6158295436451,122.21232169297147,120.36416887164704,121.62560272216797,82225500,0.0,0.0
2020-12-09 00:00:00-05:00,121.77228459688571,123.16083693648963,118.32045756570565,119.08318328857422,115089200,0.0,0.0
2020-12-10 00:00:00-05:00,117.83152836820533,121.12690242824526,117.4892806077719,120.51084899902344,81312200,0.0,0.0
2020-12-11 00:00:00-05:00,119.71878019553394,120.04147411514255,117.8804156003438,119.69922637939453,86939800,0.0,0.0
2020-12-14 00:00:00-05:00,119.88502410754398,120.61841537344712,118.84850017240892,119.08318328857422,79184500,0.0,0.0
2020-12-15 00:00:00-05:00,121.58650291688959,125.06767224230298,121.38115423546134,125.04811096191406,157243700,0.0,0.0
2020-12-16 00:00:00-05:00,124.58850874495589,125.52724118635251,123.75732602917816,124.97964477539062,98208600,0.0,0.0
2020-12-17 00:00:00-05:00,126.04551309902716,126.71046230835884,125.20455713835977,125.84994506835938,94359800,0.0,0.0
2020-12-18 00:00:00-05:00,126.10419504845385,126.24109415995949,123.32708279982056,123.8551254272461,192541500,0.0,0.0
2020-12-21 00:00:00-05:00,122.25143649004798,125.46858053721267,120.71620434211269,125.39035034179688,121251600,0.0,0.0
2020-12-22 00:00:00-05:00,128.6954934124312,131.4334903171584,126.77889110285736,128.9595184326172,168904800,0.0,0.0
2020-12-23 00:00:00-05:00,129.23331370225134,129.49732379557145,127.88386909730784,128.0598907470703,88223700,0.0,0.0
2020-12-24 00:00:00-05:00,128.411916135144,130.50452508142843,128.19678685760132,129.04751586914062,54930100,0.0,0.0
2020-12-28 00:00:00-05:00,131.0228189408006,134.2986247912925,130.55343771852372,133.66302490234375,124486200,0.0,0.0
2020-12-29 00:00:00-05:00,134.99288748033229,135.71649064032698,131.36503881821685,131.88330078125,121047300,0.0,0.0
2020-12-30 00:00:00-05:00,132.57760019953898,132.97852438349952,130.44586825914976,130.7587890625,96452100,0.0,0.0
2020-12-31 00:00:00-05:00,131.11075855927146,131.75614623535526,128.80302089520566,129.7515411376953,99116600,0.0,0.0
2021-01-04 00:00:00-05:00,130.56318102910515,130.65118438275988,123.95288029193061,126.54419708251953,143301900,0.0,0.0
2021-01-05 00:00:00-05:00,126.03574706580709,128.82264015370907,125.5859271409713,128.10879516601562,97664900,0.0,0.0
2021-01-06 00:00:00-05:00,124.89164039803205,128.14789930215,123.5813108332451,123.79644012451172,155088000,0.0,0.0
2021-01-07 00:00:00-05:00,125.51746094781775,128.7150507858994,125.02853347683387,128.02076721191406,109578200,0.0,0.0
2021-01-08 00:00:00-05:00,129.4973377139866,129.69292066160676,127.34605957812093,129.12576293945312,105158200,0.0,0.0
2021-01-11 00:00:00-05:00,126.32911256081849,127.28740645534452,125.65439010211132,126.1237564086914,100384500,0.0,0.0
2021-01-12 00:00:00-05:00,125.65436391286995,126.81801371699186,124.05068235548653,125.94772338867188,91951100,0.0,0.0
2021-01-13 00:00:00-05:00,125.90860390334045,128.5390362297107,125.64459379747747,127.99143981933594,88636800,0.0,0.0
2021-01-14 00:00:00-05:00,127.903427813425,128.09899581522603,125.90859540076109,126.05528259277344,90221800,0.0,0.0
2021-01-15 00:00:00-05:00,125.92816740358766,127.33628100990751,124.18758667379879,124.3244857788086,111598500,0.0,0.0
2021-01-19 00:00:00-05:00,124.95031843516219,125.8597314002734,124.12892376536658,124.99921417236328,90757300,0.0,0.0
2021-01-20 00:00:00-05:00,125.81084929446354,129.55603637241362,125.70328462932032,129.10621643066406,104319500,0.0,0.0
2021-01-21 00:00:00-05:00,130.83699752771275,136.57700140751876,130.63164141951881,133.83900451660156,120150900,0.0,0.0
2021-01-22 00:00:00-05:00,133.26207173690767,136.75302107945785,132.0299798682395,135.99029541015625,114459400,0.0,0.0
2021-01-25 00:00:00-05:00,139.90170732873602,141.87696347838846,133.51630112169943,139.75502014160156,157611700,0.0,0.0
2021-01-26 00:00:00-05:00,140.41998943906498,141.10448498155603,138.23936196107263,139.98973083496094,98390600,0.0,0.0
2021-01-27 00:00:00-05:00,140.25371891703733,141.10446281272274,137.3006079089825,138.9140625,140843800,0.0,0.0
2021-01-28 00:00:00-05:00,136.43033358916676,138.8456366294971,133.67277533095648,134.05413818359375,142621100,0.0,0.0
2021-01-29 00:00:00-05:00,132.822059963538,133.71191168514858,127.3265190787023,129.0377655029297,177523800,0.0,0.0
2021-02-01 00:00:00-05:00,130.78811648710231,132.382025036544,128.0305580092376,131.1694793701172,106239800,0.0,0.0
2021-02-02 00:00:00-05:00,132.72424395973647,133.29140160318417,131.6290512252896,132.00064086914062,83305400,0.0,0.0
2021-02-03 00:00:00-05:00,132.7535804324545,132.76336853115643,130.6511982932754,130.97389221191406,89880900,0.0,0.0
2021-02-04 00:00:00-05:00,133.28166038476758,134.35729210091307,131.6095215073622,134.34751892089844,84183100,0.0,0.0
2021-02-05 00:00:00-05:00,134.50908231283685,134.57762667448057,133.04989583580434,133.9312744140625,75693800,0.205,0.0
2021-02-08 00:00:00-05:00,133.21636782694236,134.12713956998047,132.12932635870976,134.0781707763672,71297200,0.0,0.0
2021-02-09 00:00:00-05:00,133.794160762308,135.02810861159247,133.04009812460947,133.19677734375,76774200,0.0,0.0
2021-02-10 00:00:00-05:00,133.65706590073773,134.15652670809476,131.62008648609935,132.58961486816406,73046600,0.0,0.0
2021-02-11 00:00:00-05:00,133.08905410484374,133.56892438093112,131.00312094041448,132.33499145507812,64280000,0.0,0.0
2021-02-12 00:00:00-05:00,131.5711157242298,132.72670147671082,130.9247635525827,132.57000732421875,60145100,0.0,0.0
2021-02-16 00:00:00-05:00,132.68758079363735,133.19681454864573,130.04341463126795,130.43515014648438,80576300,0.0,0.0
2021-02-17 00:00:00-05:00,128.53525125572466,129.48518916522133,126.79206961510138,128.13372802734375,97918500,0.0,0.0
2021-02-18 00:00:00-05:00,126.52765402683634,127.31111000008823,124.77468454875732,127.02711486816406,96856700,0.0,0.0
2021-02-19 00:00:00-05:00,127.54617222871777,128.0064521282503,126.13595423382512,127.1838150024414,87668800,0.0,0.0
2021-02-22 00:00:00-05:00,125.36226484125724,127.03690216446014,123.0021166193663,123.39384460449219,103916400,0.0,0.0
2021-02-23 00:00:00-05:00,121.20018924680252,124.08916938766319,115.94125794503053,123.25675201416016,158273000,0.0,0.0
2021-02-24 00:00:00-05:00,122.35577030880219,122.96294158036311,119.70182426240041,122.75728607177734,111039900,0.0,0.0
2021-02-25 00:00:00-05:00,122.10115979659608,123.84434166102258,118.04679080561132,118.48748016357422,148199500,0.0,0.0
2021-02-26 00:00:00-05:00,120.05437704063755,122.26763388606416,118.69312803340897,118.75189208984375,164560400,0.0,0.0
2021-03-01 00:00:00-05:00,121.19038166136916,125.28392374079455,120.25023899113235,125.14682006835938,116307900,0.0,0.0
2021-03-02 00:00:00-05:00,125.75399459438512,126.05758022008334,122.42431807921778,122.53204345703125,102260900,0.0,0.0
2021-03-03 00:00:00-05:00,122.22846685036691,123.10985302794076,119.31989620016851,119.53534698486328,112966300,0.0,0.0
2021-03-04 00:00:00-05:00,119.23174329287419,121.043476706908,116.16648638094867,117.64524841308594,178155000,0.0,0.0
2021-03-05 00:00:00-05:00,118.47766769366498,119.4178102739293,115.1381961322235,118.90856170654297,153766600,0.0,0.0
2021-03-08 00:00:00-05:00,118.42870647525052,118.49725830929313,113.80633288954938,113.95323181152344,154376600,0.0,0.0
2021-03-09 00:00:00-05:00,116.56800681928502,119.53533372838129,116.33297302186078,118.58539581298828,129525800,0.0,0.0
2021-03-10 00:00:00-05:00,119.17300494355756,119.64307259137803,116.97933101509352,117.49837493896484,111943300,0.0,0.0
2021-03-11 00:00:00-05:00,120.00541366304019,120.66155375457802,118.75189006380668,119.43740844726562,103026500,0.0,0.0
2021-03-12 00:00:00-05:00,117.9096753120108,118.66374551985697,116.69532528168106,118.52664184570312,88105100,0.0,0.0
2021-03-15 00:00:00-04:00,118.89878489040193,121.43521029322805,117.92925646093556,121.4254150390625,92403800,0.0,0.0
2021-03-16 00:00:00-04:00,123.10004095769754,124.58860573684278,122.14031528444951,122.97273254394531,115227900,0.0,0.0
2021-03-17 00:00:00-04:00,121.48417554210349,123.25673544318819,119.80953829345351,122.17948913574219,111932600,0.0,0.0
2021-03-18 00:00:00-04:00,120.3383712370296,120.63216908388519,117.8313241711299,118.03697967529297,121229700,0.0,0.0
2021-03-19 00:00:00-04:00,117.42001332213687,118.91836590563635,117.2045625636957,117.50814819335938,185549500,0.0,0.0
2021-03-22 00:00:00-04:00,117.8411317430598,121.30791232902628,117.77257990117306,120.83783721923828,111912300,0.0,0.0
2021-03-23 00:00:00-04:00,120.77907762160507,121.67025154391781,119.6136888669905,120.00541687011719,95467100,0.0,0.0
2021-03-24 00:00:00-04:00,120.27963122595564,120.35797832545546,117.58651132127193,117.60609436035156,88530500,0.0,0.0
2021-03-25 00:00:00-04:00,117.06745614451854,119.14360911976513,116.53862451483529,118.09573364257812,98844700,0.0,0.0
2021-03-26 00:00:00-04:00,117.86069130267391,118.96732327901181,116.46026897888558,118.7029037475586,94071200,0.0,0.0
2021-03-29 00:00:00-04:00,119.13382812372708,120.04459257191542,118.23285893048003,118.87920379638672,80819200,0.0,0.0
2021-03-30 00:00:00-04:00,117.62567657511849,117.90967918708225,116.40153125023515,117.4200210571289,85671900,0.0,0.0
2021-03-31 00:00:00-04:00,119.13380842785402,120.96512480481803,118.64415036400882,119.62346649169922,118323800,0.0,0.0
2021-04-01 00:00:00-04:00,121.10224675861323,121.61148790302033,119.95644110841515,120.45589447021484,75089100,0.0,0.0
2021-04-05 00:00:00-04:00,121.307902963467,123.55053800574892,120.52444699817042,123.29591369628906,88651200,0.0,0.0
2021-04-06 00:00:00-04:00,123.88350517152779,124.50047171699698,123.05108785639284,123.59950256347656,80171300,0.0,0.0
2021-04-07 00:00:00-04:00,123.22736282501452,125.27413015621103,122.55163223644253,125.25454711914062,83466700,0.0,0.0
2021-04-08 00:00:00-04:00,126.28281119159718,127.69302880095884,125.86171243103459,127.66365051269531,88844600,0.0,0.0
2021-04-09 00:00:00-04:00,127.11523022757024,130.2882047645079,126.79205412784927,130.24903869628906,106686700,0.0,0.0
2021-04-12 00:00:00-04:00,129.7789904931529,130.1021666410129,127.9280834231761,128.5254669189453,91420000,0.0,0.0
2021-04-13 00:00:00-04:00,129.7006303088981,131.8747133072664,129.20116952027027,131.6494598388672,91266500,0.0,0.0
2021-04-14 00:00:00-04:00,132.14894739524175,132.20770398388115,128.93679104205083,129.29913330078125,87222800,0.0,0.0
2021-04-15 00:00:00-04:00,131.05207461044608,132.20766032052305,130.87578995956704,131.71800231933594,89347100,0.0,0.0
2021-04-16 00:00:00-04:00,131.52218975184192,131.88453202216365,130.5232828834735,131.3850860595703,84922400,0.0,0.0
2021-04-19 00:00:00-04:00,130.74850251363117,132.66796887044893,130.5820205502264,132.05099487304688,94264200,0.0,0.0
2021-04-20 00:00:00-04:00,132.2273095044232,132.72675550773448,129.08369716673374,130.3568115234375,94812300,0.0,0.0
2021-04-21 00:00:00-04:00,129.6222584047407,130.9835069634941,128.58418589933996,130.73867797851562,68847100,0.0,0.0
2021-04-22 00:00:00-04:00,130.2882221426105,131.37526373459914,128.69194687996696,129.2109832763672,84566500,0.0,0.0
2021-04-23 00:00:00-04:00,129.42642164716978,132.3251889861631,129.42642164716978,131.541748046875,78657500,0.0,0.0
2021-04-26 00:00:00-04:00,132.0411970528991,132.2664355811857,130.79746137003406,131.9334716796875,66905100,0.0,0.0
2021-04-27 00:00:00-04:00,132.21749238795275,132.6092278860221,131.33611366786397,131.61032104492188,66015800,0.0,0.0
2021-04-28 00:00:00-04:00,131.53194369181043,132.22726470146532,130.32738906656553,130.81704711914062,107760100,0.0,0.0
2021-04-29 00:00:00-04:00,133.64729249509793,134.2348882340744,129.71043690758862,130.71913146972656,151101000,0.0,0.0
2021-04-30 00:00:00-04:00,129.05427915465984,130.79746068058364,128.35897306655968,128.74090576171875,109839500,0.0,0.0
2021-05-03 00:00:00-04:00,129.30891060237565,131.29693633033506,129.10326255880813,129.79856872558594,75135100,0.0,0.0
2021-05-04 00:00:00-04:00,128.47649401215057,128.77029185928455,124.07935891708368,125.20557403564453,137564700,0.0,0.0
2021-05-05 00:00:00-04:00,126.52764777021792,127.751792998148,125.32309305002485,125.45040893554688,84000900,0.0,0.0
2021-05-06 00:00:00-04:00,125.24473958535246,127.06626818949547,124.50045723262143,127.05648040771484,78128300,0.0,0.0
2021-05-07 00:00:00-04:00,128.36120196951572,128.76339227741778,127.01724957847082,127.7333755493164,78973300,0.22,0.0
2021-05-10 00:00:00-04:00,126.94857640908702,127.07609358125877,124.39802340579638,124.43726348876953,88071200,0.0,0.0
2021-05-11 00:00:00-04:00,121.15097993271154,123.86829011666147,120.43486153557248,123.51514434814453,126142800,0.0,0.0
2021-05-12 00:00:00-04:00,121.05288982587079,122.26930249143895,119.92476173599708,120.43486785888672,112172300,0.0,0.0
2021-05-13 00:00:00-04:00,122.21045896282786,123.75059686984255,121.89654574242618,122.5930404663086,105861300,0.0,0.0
2021-05-14 00:00:00-04:00,123.84868340711706,125.45748946807893,123.45629004204031,125.0258560180664,81918000,0.0,0.0
2021-05-17 00:00:00-04:00,124.40784321145301,124.51575157542331,122.78922523617969,123.86830139160156,74244600,0.0,0.0
2021-05-18 00:00:00-04:00,124.15279336414982,124.57461495126144,122.4066506263375,122.4753189086914,63342900,0.0,0.0
2021-05-19 00:00:00-04:00,120.81746165373089,122.54398051145846,120.52316475438042,122.318359375,92612000,0.0,0.0
2021-05-20 00:00:00-04:00,122.84807975854324,125.29071688995896,122.7205476194022,124.88851165771484,76857100,0.0,0.0
2021-05-21 00:00:00-04:00,125.3888218317243,125.56539847269777,122.82846427974947,123.04428100585938,79295400,0.0,0.0
2021-05-24 00:00:00-04:00,123.61325372798002,125.50654484276669,123.54458544855382,124.6825180053711,63092900,0.0,0.0
2021-05-25 00:00:00-04:00,125.38881230292144,125.8793095877115,123.91734290139242,124.48631286621094,72009500,0.0,0.0
2021-05-26 00:00:00-04:00,124.54517184587554,124.96699338248618,124.0154419521589,124.43726348876953,56575900,0.0,0.0
2021-05-27 00:00:00-04:00,124.03506519253625,125.21223773945263,122.70093231441473,122.89712524414062,94625600,0.0,0.0
2021-05-28 00:00:00-04:00,123.18161536711065,123.40724398155514,122.18101940894144,122.23987579345703,71311100,0.0,0.0
2021-06-01 00:00:00-04:00,122.70094736723752,122.96580860328842,121.58263106518893,121.9161605834961,67637100,0.0,0.0
2021-06-02 00:00:00-04:00,121.91615721378537,122.85789683767693,121.69053607158575,122.68132019042969,59278900,0.0,0.0
2021-06-03 00:00:00-04:00,122.30853986689682,122.47530460681385,120.78801845539775,121.19022369384766,76229200,0.0,0.0
2021-06-04 00:00:00-04:00,121.71013896844204,123.76039022925093,121.49432225843265,123.49552154541016,75169300,0.0,0.0
2021-06-07 00:00:00-04:00,123.77020179104235,123.91735023676189,122.45569264031779,123.50534057617188,71057600,0.0,0.0
2021-06-08 00:00:00-04:00,124.19203202817509,126.01666240469469,123.8094505331201,124.3293685913086,74403800,0.0,0.0
2021-06-09 00:00:00-04:00,124.79044001944676,125.3201700119359,124.11356155944142,124.71195983886719,56877900,0.0,0.0
2021-06-10 00:00:00-04:00,124.60402943024918,125.75178128651456,123.54457711687593,123.71134185791016,71186400,0.0,0.0
2021-06-11 00:00:00-04:00,124.12335424741363,125.01604932374462,123.70153269741957,124.9277572631836,53522400,0.0,0.0
2021-06-14 00:00:00-04:00,125.38880538927582,128.0570634701314,124.65307072907801,127.99820709228516,96906500,0.0,0.0
2021-06-15 00:00:00-04:00,127.46849885575233,128.11594902096468,126.92895705140872,127.17420196533203,62746300,0.0,0.0
2021-06-16 00:00:00-04:00,127.89028566988841,128.40039917334303,126.01662630289036,127.67446899414062,91815000,0.0,0.0
2021-06-17 00:00:00-04:00,127.3311548569367,130.028848752344,127.18399893605076,129.28329467773438,96721700,0.0,0.0
2021-06-18 00:00:00-04:00,128.22387501356428,129.00864687118153,127.76281331450413,127.97863006591797,108953300,0.0,0.0
2021-06-21 00:00:00-04:00,127.82162568919345,129.8914929332732,126.75236167813196,129.78358459472656,79663300,0.0,0.0
2021-06-22 00:00:00-04:00,129.6168373736392,131.52974457093757,129.11652820534232,131.431640625,74783600,0.0,0.0
2021-06-23 00:00:00-04:00,131.2256429187577,131.76518468274836,130.69590556190855,131.15696716308594,60214200,0.0,0.0
2021-06-24 00:00:00-04:00,131.89269442179855,132.07908292691275,130.40160134944472,130.8724822998047,68711000,0.0,0.0
2021-06-25 00:00:00-04:00,130.92155015751234,131.34336422043498,130.28390440639663,130.5782012939453,70783700,0.0,0.0
2021-06-28 00:00:00-04:00,130.87247828435187,132.67747696633805,130.81362190950264,132.21641540527344,62111300,0.0,0.0
2021-06-29 00:00:00-04:00,132.2360711979133,133.89392934410813,131.79463331112223,133.73696899414062,64556100,0.0,0.0
2021-06-30 00:00:00-04:00,133.57999815698017,134.79641832088436,133.2857012660367,134.35498046875,63261400,0.0,0.0
2021-07-01 00:00:00-04:00,134.00181834511997,134.7179292565666,133.17778411117737,134.65907287597656,52485800,0.0,0.0
2021-07-02 00:00:00-04:00,135.27709706467058,137.33716045898035,135.12995609446102,137.2979278564453,78852600,0.0,0.0
2021-07-06 00:00:00-04:00,137.40580332955545,140.42720696400238,137.40580332955545,139.31871032714844,108181800,0.0,0.0
2021-07-07 00:00:00-04:00,140.80984368835666,142.1341724977877,139.9465915830071,141.8202667236328,104911600,0.0,0.0
2021-07-08 00:00:00-04:00,138.88711868308536,141.31994433988453,137.99442349317962,140.5155487060547,105575500,0.0,0.0
2021-07-09 00:00:00-04:00,140.03480267833757,142.87963681537835,139.93669875558842,142.34991455078125,99890800,0.0,0.0
2021-07-12 00:00:00-04:00,143.42906902703393,143.53697740820246,141.26109699394462,141.7515869140625,76299700,0.0,0.0
2021-07-13 00:00:00-04:00,141.29048015004943,144.6552477130662,140.89809432646857,142.86985778808594,100827100,0.0,0.0
2021-07-14 00:00:00-04:00,145.28310883443004,146.7251502829961,144.8710841617855,146.31312561035156,127050800,0.0,0.0
2021-07-15 00:00:00-04:00,146.40140738040222,147.1469465207586,144.29229216580114,145.65585327148438,106820300,0.0,0.0
2021-07-16 00:00:00-04:00,145.63621012980272,146.91147139089014,143.10528144995334,143.60557556152344,93251400,0.0,0.0
2021-07-19 00:00:00-04:00,141.01578521494542,141.3297057999836,138.97534631786922,139.74050903320312,121434600,0.0,0.0
2021-07-20 00:00:00-04:00,140.73132542794718,144.30209020341422,140.2408356787426,143.37014770507812,96350000,0.0,0.0
2021-07-21 00:00:00-04:00,142.76197734387125,143.35057116284176,141.87910158397807,142.6344451904297,74993500,0.0,0.0
2021-07-22 00:00:00-04:00,143.16418458989693,145.38119339718892,143.03665243470164,144.00782775878906,77338200,0.0,0.0
2021-07-23 00:00:00-04:00,144.74353004601699,145.89127427927951,144.12550816327587,145.73431396484375,71447400,0.0,0.0
2021-07-26 00:00:00-04:00,145.44983674086862,146.98016238783268,144.8906712329459,146.15614318847656,72434100,0.0,0.0
2021-07-27 00:00:00-04:00,146.2837023523516,146.3720019100776,142.78161226517602,143.97840881347656,104818600,0.0,0.0
2021-07-28 00:00:00-04:00,142.05566262166082,144.17458228645816,139.82883459517763,142.22242736816406,118931200,0.0,0.0
2021-07-29 00:00:00-04:00,141.9379302306616,143.76255275057608,141.8300218838929,142.86985778808594,56699500,0.0,0.0
2021-07-30 00:00:00-04:00,141.63384765830753,143.5467549956197,141.36897895973763,143.085693359375,70440600,0.0,0.0
2021-08-02 00:00:00-04:00,143.57617073717145,144.1549450921184,142.48728281365686,142.7521514892578,62880000,0.0,0.0
2021-08-03 00:00:00-04:00,143.03665309613856,145.22423371904952,142.41863107171932,144.5571746826172,64786600,0.0,0.0
2021-08-04 00:00:00-04:00,144.46890425209818,144.97900298808602,143.49772882837536,144.1549835205078,56368300,0.0,0.0
2021-08-05 00:00:00-04:00,144.18438299191783,145.02802607928103,143.38979188016344,144.2628631591797,46397700,0.0,0.0
2021-08-06 00:00:00-04:00,143.7814857794398,144.52814197909717,143.0741209625058,143.57516479492188,54126800,0.22,0.0
2021-08-09 00:00:00-04:00,143.6340862591929,144.12531091465593,142.96602792343685,143.52601623535156,48908700,0.0,0.0
2021-08-10 00:00:00-04:00,143.86990116446182,145.11761617478155,142.74990938091966,143.04464721679688,69023100,0.0,0.0
2021-08-11 00:00:00-04:00,143.48674714232632,144.1449864839524,142.97586922382953,143.30007934570312,48493500,0.0,0.0
2021-08-12 00:00:00-04:00,143.62427568758085,146.43408148324338,143.2804124119522,146.27688598632812,72282600,0.0,0.0
2021-08-13 00:00:00-04:00,146.35550735508997,146.81725983243342,145.6677956838306,146.4832305908203,59375000,0.0,0.0
2021-08-16 00:00:00-04:00,145.93300676651384,148.53650630513908,143.8993445896947,148.4677276611328,103296000,0.0,0.0
2021-08-17 00:00:00-04:00,147.59335326538107,149.01790174372735,146.47336166966903,147.55406188964844,92229700,0.0,0.0
2021-08-18 00:00:00-04:00,147.1709185119843,148.07477013277662,143.58496931962586,143.79129028320312,86326000,0.0,0.0
2021-08-19 00:00:00-04:00,142.48464686095633,145.40252301534065,141.9639498359238,144.12533569335938,86960300,0.0,0.0
2021-08-20 00:00:00-04:00,144.85236570991853,145.89375984628978,144.20394540165282,145.58920288085938,60549600,0.0,0.0
2021-08-23 00:00:00-04:00,145.7070812526452,147.55409108829102,145.29445426636062,147.08251953125,60131800,0.0,0.0
2021-08-24 00:00:00-04:00,146.82708022635276,148.2123376706047,146.5323423672155,146.9940948486328,48606400,0.0,0.0
2021-08-25 00:00:00-04:00,147.18072830675177,147.68178704763378,145.20601059611982,145.7561798095703,58991300,0.0,0.0
2021-08-26 00:00:00-04:00,145.7463887251916,146.5028640435845,144.92111975541536,144.95059204101562,48597200,0.0,0.0
2021-08-27 00:00:00-04:00,144.8916507403222,146.13936582585882,144.2530645499161,145.99200439453125,55802400,0.0,0.0
2021-08-30 00:00:00-04:00,146.3849609641259,150.7961641778543,146.00180629681233,150.43264770507812,90956700,0.0,0.0
2021-08-31 00:00:00-04:00,149.98073328612602,150.11827560641547,148.63476737580575,149.16529846191406,86453100,0.0,0.0
2021-09-01 00:00:00-04:00,150.1477344904575,152.2599945758974,149.66632891691185,149.83334350585938,80313700,0.0,0.0
2021-09-02 00:00:00-04:00,151.169478682178,152.00456663709258,149.7252769193417,150.95333862304688,71115500,0.0,0.0
2021-09-03 00:00:00-04:00,151.06141837778193,151.9161595724596,150.40317906113773,151.59194946289062,57808700,0.0,0.0
2021-09-07 00:00:00-04:00,152.25017314379147,154.4999755027351,151.68035073618864,153.9399871826172,82278300,0.0,0.0
2021-09-08 00:00:00-04:00,154.22490139645186,154.28384596142823,151.2775532197301,152.38772583007812,74420200,0.0,0.0
2021-09-09 00:00:00-04:00,152.76104296663132,153.37015671921876,151.24806269015863,151.365966796875,57305700,0.0,0.0
2021-09-10 00:00:00-04:00,152.27966839354463,152.75123994335087,146.0902337122543,146.35549926757812,140893200,0.0,0.0
2021-09-13 00:00:00-04:00,147.98635536010983,148.76248377665408,146.13934572293243,146.92530822753906,102404300,0.0,0.0
2021-09-14 00:00:00-04:00,147.71125847805982,148.4186231744242,144.33163048231586,145.5203857421875,109296300,0.0,0.0
2021-09-15 00:00:00-04:00,145.9527067281489,146.81726715283398,143.80113975643818,146.41445922851562,83281300,0.0,0.0
2021-09-16 00:00:00-04:00,145.83477113698024,146.35546804758658,144.63618183570136,146.17861938476562,68034100,0.0,0.0
2021-09-17 00:00:00-04:00,146.20810580175998,146.20810580175998,143.20179847922407,143.4965362548828,129868800,0.0,0.0
2021-09-20 00:00:00-04:00,141.27622727741362,142.2979680614232,138.79063148485392,140.4313201904297,123478900,0.0,0.0
2021-09-21 00:00:00-04:00,141.4039444596108,142.062198793966,140.27413356999537,140.9127197265625,75834000,0.0,0.0
2021-09-22 00:00:00-04:00,141.9147994023234,143.86004483276702,141.1779624220507,143.2902374267578,76404300,0.0,0.0
2021-09-23 00:00:00-04:00,144.0761878248297,144.49864883080187,143.0839194012002,144.25303649902344,64838200,0.0,0.0
2021-09-24 00:00:00-04:00,143.10355010313012,144.88178070728148,143.0052991894595,144.3414306640625,53477900,0.0,0.0
2021-09-27 00:00:00-04:00,142.91693075651082,143.39833641093568,141.2958950689208,142.8186798095703,74150700,0.0,0.0
2021-09-28 00:00:00-04:00,140.73589712559303,142.20957144104426,139.2032782360822,139.41941833496094,108972300,0.0,0.0
2021-09-29 00:00:00-04:00,139.96957504287542,141.914820766156,139.53729488414885,140.32325744628906,74602000,0.0,0.0
2021-09-30 00:00:00-04:00,141.13868054759757,141.8460452955598,138.8004462423343,139.01658630371094,89056700,0.0,0.0
2021-10-01 00:00:00-04:00,139.40957099337092,140.41167363009774,136.6685436232225,140.1464080810547,94639600,0.0,0.0
2021-10-04 00:00:00-04:00,139.2719949269764,139.7141090652618,135.84325677057336,136.69798278808594,98322000,0.0,0.0
2021-10-05 00:00:00-04:00,137.04188993235064,139.74362613188381,136.9141666967104,138.63345336914062,80861100,0.0,0.0
2021-10-06 00:00:00-04:00,137.0222167582579,139.65517391117527,135.94151643967965,139.5078125,83221100,0.0,0.0
2021-10-07 00:00:00-04:00,140.54918735427415,141.6888320824986,140.21515820699707,140.775146484375,61732700,0.0,0.0
2021-10-08 00:00:00-04:00,141.50220155063448,141.6495629805559,140.05799957344533,140.39202880859375,58773200,0.0,0.0
2021-10-11 00:00:00-04:00,139.7731184190413,142.26853397892495,139.32118497586956,140.3036346435547,64452200,0.0,0.0
2021-10-12 00:00:00-04:00,140.7162117326742,140.7358649165263,138.56464532596834,139.02639770507812,73035900,0.0,0.0
2021-10-13 00:00:00-04:00,138.761191378553,138.91837192647188,136.7569857349226,138.43698120117188,78762700,0.0,0.0
2021-10-14 00:00:00-04:00,139.61588767122242,141.3548273420417,139.02641202284653,141.23692321777344,69907100,0.0,0.0
2021-10-15 00:00:00-04:00,141.24677567087335,142.35693346590534,140.99132919423647,142.29798889160156,67940300,0.0,0.0
2021-10-18 00:00:00-04:00,140.932367093077,144.26287004596045,140.6474633557103,143.97796630859375,85589200,0.0,0.0
2021-10-19 00:00:00-04:00,144.4298683623013,146.55196247996375,143.97795007247626,146.14915466308594,76378900,0.0,0.0
2021-10-20 00:00:00-04:00,146.09024203898952,147.12181704316635,145.5204195129586,146.64041137695312,58418800,0.0,0.0
2021-10-21 00:00:00-04:00,146.1982671640669,147.0137018219125,145.2747624915433,146.85650634765625,61421000,0.0,0.0
2021-10-22 00:00:00-04:00,147.0628786479238,147.54426934336965,146.03130360041152,146.08042907714844,58883400,0.0,0.0
2021-10-25 00:00:00-04:00,146.07057189816248,146.74846439340308,145.02917791630992,146.03128051757812,50720600,0.0,0.0
2021-10-26 00:00:00-04:00,146.7091751766454,148.19266841914728,146.3947841633798,146.69935607910156,60893400,0.0,0.0
2021-10-27 00:00:00-04:00,146.738653697107,147.10215520453022,145.88392745381918,146.23760986328125,56094900,0.0,0.0
2021-10-28 00:00:00-04:00,147.19058275713044,150.48177939683748,147.09233181642745,149.89231872558594,100077900,0.0,0.0
2021-10-29 00:00:00-04:00,144.63617761165648,147.3084407307945,143.84039612966788,147.1708984375,124953200,0.0,0.0
2021-11-01 00:00:00-04:00,146.375114367101,147.07264491683637,145.20599739927886,146.34564208984375,74588300,0.0,0.0
2021-11-02 00:00:00-04:00,146.05095297989337,148.90988475411868,146.04111889020803,147.3870849609375,69122000,0.0,0.0
2021-11-03 00:00:00-04:00,147.75055280214167,149.30282452841442,147.19056448442203,148.8312530517578,54511500,0.0,0.0
2021-11-04 00:00:00-04:00,148.9196606190408,149.7547334953893,147.99615591614923,148.310546875,60394600,0.0,0.0
2021-11-05 00:00:00-04:00,149.44201197709307,149.74701335342064,147.6415039999154,148.8418426513672,65463900,0.22,0.0
2021-11-08 00:00:00-05:00,148.9697486989551,149.12717360324703,147.73989478329673,148.015380859375,55020900,0.0,0.0
2021-11-09 00:00:00-05:00,147.77928608212537,148.98945848021418,147.64154300439876,148.37945556640625,56787900,0.0,0.0
2021-11-10 00:00:00-05:00,147.6021561282038,147.71038387651012,145.46713146876658,145.53599548339844,65187100,0.0,0.0
2021-11-11 00:00:00-05:00,146.55927596689625,147.02168734705307,145.299891419407,145.48683166503906,41000000,0.0,0.0
2021-11-12 00:00:00-05:00,146.03779178657453,147.97604309887336,145.10310564919584,147.57266235351562,63804000,0.0,0.0
2021-11-15 00:00:00-05:00,147.94650571936123,149.43217889672766,147.0216531484388,147.5824737548828,59222800,0.0,0.0
2021-11-16 00:00:00-05:00,147.52346185450472,149.0484839457223,146.93312587956004,148.56637573242188,59256200,0.0,0.0
2021-11-17 00:00:00-05:00,148.56639084071062,152.50192437291489,148.55655741151296,151.01626586914062,88807000,0.0,0.0
2021-11-18 00:00:00-05:00,151.23269506674168,156.11274738926755,150.5833285439718,155.3256378173828,137827700,0.0,0.0
2021-11-19 00:00:00-05:00,155.10917788012807,158.42487441741085,154.007233518679,157.9624481201172,117305600,0.0,0.0
2021-11-22 00:00:00-05:00,159.07424782104079,163.02946296730474,158.40521437024992,158.42489624023438,117467900,0.0,0.0
2021-11-23 00:00:00-05:00,158.5232592097014,159.19230760433507,156.49646218357938,158.80859375,96041900,0.0,0.0
2021-11-24 00:00:00-05:00,158.15923934551347,159.52683652223214,157.06712828979803,159.33006286621094,69463600,0.0,0.0
2021-11-26 00:00:00-05:00,156.9982419546842,157.86404892070965,153.83997042740458,154.28271484375,76959800,0.0,0.0
2021-11-29 00:00:00-05:00,156.8014516426784,158.59212616850718,156.23079761838784,157.65744018554688,88748200,0.0,0.0
2021-11-30 00:00:00-05:00,157.4114921922105,162.85236555793716,157.34261315607515,162.6359100341797,174048100,0.0,0.0
2021-12-01 00:00:00-05:00,164.78074050344472,167.5552981041379,161.87828830607867,162.1144256591797,152052500,0.0,0.0
2021-12-02 00:00:00-05:00,156.18164406781122,161.55363860315867,155.25679134230904,161.1207275390625,136739200,0.0,0.0
2021-12-03 00:00:00-05:00,161.37650126300386,162.30135372746813,157.14580116644603,159.23162841796875,118023100,0.0,0.0
2021-12-06 00:00:00-05:00,161.64218026428557,165.17433271042214,161.63234683594757,162.6555938720703,107497000,0.0,0.0
2021-12-07 00:00:00-05:00,166.35499657622435,168.814704921012,165.6269175015346,168.421142578125,120405400,0.0,0.0
2021-12-08 00:00:00-05:00,169.35581786321058,173.124092272762,167.94885709843913,172.25827026367188,116998900,0.0,0.0
2021-12-09 00:00:00-05:00,172.0910234690597,173.90136505237254,171.1169736434836,171.7466583251953,108923700,0.0,0.0
2021-12-10 00:00:00-05:00,172.38617580263363,176.73493758679047,171.8745523536547,176.55783081054688,115402700,0.0,0.0
2021-12-13 00:00:00-05:00,178.20093567002317,179.19466739552252,172.70103171320386,172.90765380859375,153237000,0.0,0.0
2021-12-14 00:00:00-05:00,172.4255719595049,174.87544711694358,169.4345729231882,171.52040100097656,139380400,0.0,0.0
2021-12-15 00:00:00-05:00,172.28781980216436,176.60706725313293,169.5329433271183,176.41029357910156,131063300,0.0,0.0
2021-12-16 00:00:00-05:00,176.39059919327553,178.22062275638177,167.99807573252775,169.48373413085938,150185800,0.0,0.0
2021-12-17 00:00:00-05:00,167.1912695917715,170.6742246232617,166.95514722547833,168.38177490234375,195432700,0.0,0.0
2021-12-20 00:00:00-05:00,165.56788101747895,167.8308156168113,164.76110451576054,167.01419067382812,107499100,0.0,0.0
2021-12-21 00:00:00-05:00,168.79501963934456,170.40858768040073,166.39434194128998,170.2019805908203,91185900,0.0,0.0
2021-12-22 00:00:00-05:00,170.25114747535673,173.02570538951048,169.37549200136777,172.8092498779297,92135300,0.0,0.0
2021-12-23 00:00:00-05:00,173.01588696564417,173.99977028074508,172.44523284134146,173.43894958496094,68356600,0.0,0.0
2021-12-27 00:00:00-05:00,174.23590325661414,177.51223669655022,174.21623639838188,177.42369079589844,74919600,0.0,0.0
2021-12-28 00:00:00-05:00,177.25642511096046,178.40756681054975,175.65269047193013,176.4004364013672,79144300,0.0,0.0
2021-12-29 00:00:00-05:00,176.43981649802564,177.71886795376093,175.2689928196111,176.489013671875,62348900,0.0,0.0
2021-12-30 00:00:00-05:00,176.57752357009767,177.6598011226114,175.21975991564707,175.32798767089844,59773000,0.0,0.0
2021-12-31 00:00:00-05:00,175.21976889427975,176.34139522760188,174.40314397424044,174.70816040039062,64062300,0.0,0.0
2022-01-03 00:00:00-05:00,174.96395910795226,179.9325724934608,174.8458979227722,179.0765838623047,104487900,0.0,0.0
2022-01-04 00:00:00-05:00,179.68660349006143,179.99160489675614,176.23316366013424,176.80381774902344,99310400,0.0,0.0
2022-01-05 00:00:00-05:00,176.71527555574892,177.26624778747964,171.82537447983776,172.10086059570312,94537600,0.0,0.0
2022-01-06 00:00:00-05:00,169.91665113177746,172.47475384074252,168.8737371853569,169.22793579101562,96904000,0.0,0.0
2022-01-07 00:00:00-05:00,170.10358456089105,171.33343869618955,168.27356100705217,169.3951873779297,86709100,0.0,0.0
2022-01-10 00:00:00-05:00,166.3549934911358,169.71987264285875,165.4596560671489,169.4148712158203,106765600,0.0,0.0
2022-01-11 00:00:00-05:00,169.5427580708883,172.3566495746992,168.06693328968436,172.25827026367188,76138300,0.0,0.0
2022-01-12 00:00:00-05:00,173.28152209013933,174.32443598667186,172.00248580970825,172.70103454589844,74805200,0.0,0.0
2022-01-13 00:00:00-05:00,172.9470087303428,173.7734671157762,169.021308880232,169.4148712158203,84505800,0.0,0.0
2022-01-14 00:00:00-05:00,168.57855655164568,170.97923414208748,168.3325857331638,170.2806854248047,80440800,0.0,0.0
2022-01-18 00:00:00-05:00,168.7458170220669,169.75921560588677,166.67967112863838,167.06338500976562,90956700,0.0,0.0
2022-01-19 00:00:00-05:00,167.26016286506513,168.32275864245793,163.26559902458186,163.55091857910156,94815000,0.0,0.0
2022-01-20 00:00:00-05:00,164.28882013685183,166.94530189723943,161.53394404676334,161.85862731933594,91420500,0.0,0.0
2022-01-21 00:00:00-05:00,161.7700649271188,163.649285337479,159.68423746347776,159.79246520996094,122848900,0.0,0.0
2022-01-24 00:00:00-05:00,157.44102385932607,159.6842767816252,152.20675703204876,159.01522827148438,162294600,0.0,0.0
2022-01-25 00:00:00-05:00,156.41777008167946,160.13684792706067,154.48936713148768,157.2048797607422,115798400,0.0,0.0
2022-01-26 00:00:00-05:00,160.86495737782363,161.7406131202217,155.27650612586095,157.11636352539062,108275300,0.0,0.0
2022-01-27 00:00:00-05:00,159.83183900024744,161.19943618602957,155.72904744290105,156.65390014648438,121954600,0.0,0.0
2022-01-28 00:00:00-05:00,163.03931781732004,167.60453599673465,160.1762136431983,167.58485412597656,179935700,0.0,0.0
2022-01-31 00:00:00-05:00,167.41759838559184,172.17959030875696,166.77806518529516,171.963134765625,115541600,0.0,0.0
2022-02-01 00:00:00-05:00,171.205516713621,172.0221416021034,169.53291821282656,171.7958526611328,86213900,0.0,0.0
2022-02-02 00:00:00-05:00,171.93359808137038,173.04539095891812,170.53648566674534,173.0060272216797,84914300,0.0,0.0
2022-02-03 00:00:00-05:00,171.66794061482483,173.39958469623934,169.34597560709165,170.1134033203125,89418100,0.0,0.0
2022-02-04 00:00:00-05:00,169.1282745462075,171.5123187730984,168.14313776987035,169.82772827148438,82465400,0.22,0.0
2022-02-07 00:00:00-05:00,170.29071192963696,171.3645072074612,168.40909743084964,169.10855102539062,77251200,0.0,0.0
2022-02-08 00:00:00-05:00,169.17753061992778,172.74373589252258,168.88198658721637,172.23146057128906,74829200,0.0,0.0
2022-02-09 00:00:00-05:00,173.433319617791,174.02439262055952,172.30040338982997,173.65989685058594,71285000,0.0,0.0
2022-02-10 00:00:00-05:00,171.55171755685703,172.87179722890681,169.00021691491136,169.56173706054688,90865900,0.0,0.0
2022-02-11 00:00:00-05:00,169.7686414018993,170.50749406654586,165.54239574220313,166.13348388671875,98670700,0.0,0.0
2022-02-14 00:00:00-05:00,164.88235253436352,167.05951162338678,164.08439407762512,166.3699188232422,86185500,0.0,0.0
2022-02-15 00:00:00-05:00,168.4288452823497,170.37941199974063,167.7195455611175,170.22178649902344,62527400,0.0,0.0
2022-02-16 00:00:00-05:00,169.2957588343913,170.7636029916525,167.5225096535446,169.9853515625,61177400,0.0,0.0
2022-02-17 00:00:00-05:00,168.48795707339963,169.35488232615032,165.9660091003019,166.3699188232422,69589300,0.0,0.0
2022-02-18 00:00:00-05:00,167.2959338848835,168.00521853149442,163.71988259124893,164.81338500976562,82772700,0.0,0.0
2022-02-22 00:00:00-05:00,162.52784908789482,164.21243946447404,159.73991041394962,161.87767028808594,91162800,0.0,0.0
2022-02-23 00:00:00-05:00,163.07954147336417,163.68047553080768,157.37560593795362,157.69085693359375,90009200,0.0,0.0
2022-02-24 00:00:00-05:00,150.31218788079974,160.4295479097244,149.7408066830381,160.32118225097656,141147500,0.0,0.0
2022-02-25 00:00:00-05:00,161.40479781703053,162.66577162560156,158.4789405339572,162.39979553222656,91974200,0.0,0.0
2022-02-28 00:00:00-05:00,160.6363771642936,162.9613002222384,160.01573627452265,162.66575622558594,95056600,0.0,0.0
2022-03-01 00:00:00-05:00,162.25201230848918,164.12378106720112,159.56259331277428,160.77430725097656,83474400,0.0,0.0
2022-03-02 00:00:00-05:00,161.94663607610053,164.87249354079174,160.52803669540245,164.08438110351562,79724800,0.0,0.0
2022-03-03 00:00:00-05:00,165.96600453428687,166.3994671487369,163.08940676711282,163.75929260253906,76678400,0.0,0.0
2022-03-04 00:00:00-05:00,162.04516937967895,163.08941205818934,159.6906928584352,160.74478149414062,83737200,0.0,0.0
2022-03-07 00:00:00-05:00,160.93193414652472,162.56726469889648,156.67613632811052,156.93228149414062,96418800,0.0,0.0
2022-03-08 00:00:00-05:00,156.4594387052954,160.4590918337938,153.4843212668971,155.09994506835938,131148300,0.0,0.0
2022-03-09 00:00:00-05:00,159.07989329168066,160.9812152164197,157.04066784211605,160.52804565429688,91454900,0.0,0.0
2022-03-10 00:00:00-05:00,157.81890189348016,158.00608027819325,153.66162367046195,156.16387939453125,105342000,0.0,0.0
2022-03-11 00:00:00-05:00,156.5677776744671,156.9125815524345,152.20362905353198,152.43020629882812,96970100,0.0,0.0
2022-03-14 00:00:00-04:00,149.19895189517598,151.82926511007037,147.86902635433808,148.38128662109375,108732100,0.0,0.0
2022-03-15 00:00:00-04:00,148.65711094475662,153.25771221924342,148.14485072194643,152.7848358154297,92964300,0.0,0.0
2022-03-16 00:00:00-04:00,154.71573104732857,157.62188148073074,152.1642304485378,157.2179718017578,102300200,0.0,0.0
2022-03-17 00:00:00-04:00,156.25253141620664,158.60700751026562,155.28710166640653,158.23265075683594,75615400,0.0,0.0
2022-03-18 00:00:00-04:00,158.12432865975367,162.03532360888968,157.38547593684885,161.54275512695312,123511700,0.0,0.0
2022-03-21 00:00:00-04:00,161.07970482927175,163.87750462789964,160.5871364535125,162.9219207763672,95811400,0.0,0.0
2022-03-22 00:00:00-04:00,163.05002067086775,166.9019099771886,162.45894748567133,166.3108367919922,81532000,0.0,0.0
2022-03-23 00:00:00-04:00,165.49314031396403,170.07402052830085,165.15818236981434,167.68014526367188,98062700,0.0,0.0
2022-03-24 00:00:00-04:00,168.51750138963553,171.55172458765148,167.680144114985,171.48277282714844,90131400,0.0,0.0
2022-03-25 00:00:00-04:00,171.29559658174085,172.67478212909984,170.18238715508997,172.12310791015625,80546200,0.0,0.0
2022-03-28 00:00:00-04:00,169.61099385470519,173.11807830876265,169.4435224096512,172.99002075195312,90371900,0.0,0.0
2022-03-29 00:00:00-04:00,174.0638448453387,176.34935468369693,173.71904091045016,176.30010986328125,100589400,0.0,0.0
2022-03-30 00:00:00-04:00,175.89618261840158,176.940425244863,174.0736734844487,175.12777709960938,92633200,0.0,0.0
2022-03-31 00:00:00-04:00,175.19669661387624,175.38387498077014,171.80782416398608,172.01470947265625,103049300,0.0,0.0
2022-04-01 00:00:00-04:00,171.44337063884205,172.28074300264421,169.38443815993526,171.71920776367188,78751300,0.0,0.0
2022-04-04 00:00:00-04:00,171.97533671079117,175.83707112521444,171.84726411780443,175.78781127929688,76468400,0.0,0.0
2022-04-05 00:00:00-04:00,174.86178989450815,175.6499023764881,171.8275666096823,172.4580535888672,73401800,0.0,0.0
2022-04-06 00:00:00-04:00,169.79818332507708,171.0493112985937,167.60133241989047,169.27606201171875,89058800,0.0,0.0
2022-04-07 00:00:00-04:00,168.61600637046422,170.7833041707851,167.32547965885468,169.58143615722656,77594700,0.0,0.0
2022-04-08 00:00:00-04:00,169.22681922780112,169.22681922780112,166.68516416566413,167.5619354248047,76575500,0.0,0.0
2022-04-11 00:00:00-04:00,166.2024497694503,166.51768575466014,163.04015376808778,163.28643798828125,72246700,0.0,0.0
2022-04-12 00:00:00-04:00,165.52267961358555,167.34517356724112,164.1631860992743,165.16802978515625,79265200,0.0,0.0
2022-04-13 00:00:00-04:00,164.9020081601669,168.49775059100085,164.29122830326682,167.8672637939453,70618900,0.0,0.0
2022-04-14 00:00:00-04:00,168.08401705001634,168.72436491699762,162.58695252211072,162.83323669433594,75329400,0.0,0.0
2022-04-18 00:00:00-04:00,161.4836150845622,164.12378940474295,161.13882623948976,162.6165313720703,69023900,0.0,0.0
2022-04-19 00:00:00-04:00,162.56725028547083,165.32563584558537,161.47374802896798,164.911865234375,67723800,0.0,0.0
2022-04-20 00:00:00-04:00,166.25167331536827,166.36989994769078,163.63122097212312,164.74441528320312,67929800,0.0,0.0
2022-04-21 00:00:00-04:00,166.39945283983835,168.98050632684885,163.44404257581323,163.9464569091797,87227800,0.0,0.0
2022-04-22 00:00:00-04:00,163.9858867436895,165.37491827853887,159.09960135126914,159.38528442382812,84882400,0.0,0.0
2022-04-25 00:00:00-04:00,158.72524075058578,160.74477425226587,156.10478821517142,160.45909118652344,96046400,0.0,0.0
2022-04-26 00:00:00-04:00,159.83847598954657,159.9271347106133,154.39066965914986,154.469482421875,95623200,0.0,0.0
2022-04-27 00:00:00-04:00,153.59268025761008,157.4150007741114,153.07055896241795,154.2428741455078,88063200,0.0,0.0
2022-04-28 00:00:00-04:00,156.88301430273702,162.07468874953122,156.5677633537738,161.207763671875,130216800,0.0,0.0
2022-04-29 00:00:00-04:00,159.43456534336957,163.72976318035495,154.91279020979022,155.3068389892578,131747600,0.0,0.0
2022-05-02 00:00:00-04:00,154.38079215381563,155.87818924361486,150.99191920912216,155.61221313476562,123055300,0.0,0.0
2022-05-03 00:00:00-04:00,155.7993550756251,158.32131752473302,153.99656823554054,157.10958862304688,88966500,0.0,0.0
2022-05-04 00:00:00-04:00,157.29680399181643,164.00558374657948,156.89289426291103,163.55242919921875,108256500,0.0,0.0
2022-05-05 00:00:00-04:00,161.41468171268338,161.64125898319347,152.64695457490816,154.43991088867188,130525300,0.0,0.0
2022-05-06 00:00:00-04:00,153.91700145474738,157.30099321709514,152.1115504938457,155.1699676513672,116124600,0.23,0.0
2022-05-09 00:00:00-04:00,152.85149635884284,153.73943124959115,149.45765905699372,150.02000427246094,131577900,0.0,0.0
2022-05-10 00:00:00-04:00,153.43359356023947,154.6372276027927,150.87832879863976,152.4371337890625,115366700,0.0,0.0
2022-05-11 00:00:00-04:00,151.44068137940286,153.36451764343903,143.85384613812707,144.5345916748047,142689800,0.0,0.0
2022-05-12 00:00:00-04:00,140.8546349911873,144.23861168034963,136.9378943865604,140.64744567871094,182602000,0.0,0.0
2022-05-13 00:00:00-04:00,142.65021698133427,146.11313742780084,141.19007646669226,145.13641357421875,113990900,0.0,0.0
2022-05-16 00:00:00-04:00,143.59735411573675,145.54092647551983,142.24572332922702,143.5874786376953,86643800,0.0,0.0
2022-05-17 00:00:00-04:00,146.8629014733066,147.7606965668223,144.7121404280755,147.23780822753906,78336300,0.0,0.0
2022-05-18 00:00:00-04:00,144.87990321822826,145.38305576655117,138.02313063348345,138.93080139160156,109742900,0.0,0.0
2022-05-19 00:00:00-04:00,138.00338064120726,139.75949903200933,134.76738618709481,135.50732421875,136095600,0.0,0.0
2022-05-20 00:00:00-04:00,137.22398633811162,138.8123874278818,130.8309252366742,135.74411010742188,137426100,0.0,0.0
2022-05-23 00:00:00-04:00,135.94144307204655,141.33806035762905,135.80332187322705,141.19007873535156,117726300,0.0,0.0
2022-05-24 00:00:00-04:00,138.9209191087074,140.06536039628463,135.48761030005602,138.47695922851562,104132700,0.0,0.0
2022-05-25 00:00:00-04:00,136.57285408248967,139.8877778515704,136.48406511064104,138.63482666015625,92482700,0.0,0.0
2022-05-26 00:00:00-04:00,135.5468018208196,142.40355895877516,135.30015577230265,141.85107421875,90601500,0.0,0.0
2022-05-27 00:00:00-04:00,143.43947862792666,147.67191829271428,143.31121786248204,147.63246154785156,90978500,0.0,0.0
2022-05-31 00:00:00-04:00,147.0701259070272,148.6387912999033,144.87003212276906,146.84320068359375,103718400,0.0,0.0
2022-06-01 00:00:00-04:00,147.8889577936666,149.7042840674564,145.6987397803345,146.71493530273438,74286600,0.0,0.0
2022-06-02 00:00:00-04:00,145.8467372280195,149.24058912493618,144.889749394735,149.181396484375,72348100,0.0,0.0
2022-06-03 00:00:00-04:00,144.92919288462284,145.98484505836583,142.52194041547213,143.42959594726562,88570300,0.0,0.0
2022-06-06 00:00:00-04:00,145.057502871662,146.57685127526713,142.95607328606414,144.179443359375,71598400,0.0,0.0
2022-06-07 00:00:00-04:00,142.41342781441574,147.00103808191767,142.16678177736554,146.71493530273438,67808200,0.0,0.0
2022-06-08 00:00:00-04:00,146.5866528499827,147.85933958899736,145.48168358484887,145.9749755859375,53950200,0.0,0.0
2022-06-09 00:00:00-04:00,145.1068474208987,145.9651711029426,140.61788501692462,140.72640991210938,69473000,0.0,0.0
2022-06-10 00:00:00-04:00,138.39804833237955,138.8716045946932,135.22124559178127,135.29031372070312,91437900,0.0,0.0
2022-06-13 00:00:00-04:00,131.0874417850336,133.3861848467611,129.6766335624987,130.11073303222656,122207100,0.0,0.0
2022-06-14 00:00:00-04:00,131.34394344124865,132.09374192288612,129.71607067613803,130.97889709472656,84784300,0.0,0.0
2022-06-15 00:00:00-04:00,132.48839269838643,135.49747768055312,130.38697847648072,133.61309814453125,91533000,0.0,0.0
2022-06-16 00:00:00-04:00,130.30804408715656,130.61388278319032,127.30881966252552,128.3151397705078,108123900,0.0,0.0
2022-06-17 00:00:00-04:00,128.32501262151087,131.2946256093659,128.06849109789493,129.79501342773438,134520300,0.0,0.0
2022-06-21 00:00:00-04:00,131.63006706526505,135.2212330849965,131.53141767403508,134.0471954345703,81000500,0.0,0.0
2022-06-22 00:00:00-04:00,132.98169507664278,135.9118517379788,132.11351110393437,133.53419494628906,73409200,0.0,0.0
2022-06-23 00:00:00-04:00,134.98446439237523,136.7307076769902,133.81042672551413,136.41500854492188,72433800,0.0,0.0
2022-06-24 00:00:00-04:00,138.02312365652875,140.00616753455043,137.89487794721208,139.759521484375,89116800,0.0,0.0
2022-06-27 00:00:00-04:00,140.78556242930944,141.56497237814864,139.07877597723802,139.759521484375,70207900,0.0,0.0
2022-06-28 00:00:00-04:00,140.22321252468137,141.4958994767852,135.47774508831563,135.59613037109375,67083400,0.0,0.0
2022-06-29 00:00:00-04:00,135.61587828995619,138.78280531761038,134.83646829837102,137.36212158203125,66242400,0.0,0.0
2022-06-30 00:00:00-04:00,135.40867636590826,136.5136458111151,131.97536769395867,134.8857879638672,98964500,0.0,0.0
2022-07-01 00:00:00-04:00,134.21491888238126,137.17467172359363,133.84002709260307,137.06614685058594,71051600,0.0,0.0
2022-07-05 00:00:00-04:00,135.92171062767136,139.71019037554066,135.09296845138468,139.66085815429688,73353800,0.0,0.0
2022-07-06 00:00:00-04:00,139.4536950090296,142.1865226454718,139.18731303635866,141.00262451171875,74064300,0.0,0.0
2022-07-07 00:00:00-04:00,141.36766640836208,144.58394105857158,141.35780598422573,144.38662719726562,66253700,0.0,0.0
2022-07-08 00:00:00-04:00,143.31120325537773,145.5704893110605,143.05469680471356,145.06732177734375,64547800,0.0,0.0
2022-07-11 00:00:00-04:00,143.71572303183265,144.67271093962017,141.85107943859236,142.92645263671875,63141600,0.0,0.0
2022-07-12 00:00:00-04:00,143.80450328591834,146.4584171134617,143.1040369550832,143.90316772460938,77588800,0.0,0.0
2022-07-13 00:00:00-04:00,141.07170136107663,144.4852747753807,140.21336274141225,143.5381622314453,71185600,0.0,0.0
2022-07-14 00:00:00-04:00,142.14706042132838,146.95172089729192,141.32819368805968,146.47816467285156,78140700,0.0,0.0
2022-07-15 00:00:00-04:00,147.77056727067165,148.83607991941642,146.21176256532723,148.15533447265625,76259900,0.0,0.0
2022-07-18 00:00:00-04:00,148.71771677345194,149.53658351575038,144.73190793272408,145.09695434570312,81420900,0.0,0.0
2022-07-19 00:00:00-04:00,145.93556143078237,149.20115335903668,144.93911661451918,148.9742431640625,82982400,0.0,0.0
2022-07-20 00:00:00-04:00,149.09260697122585,151.65773204162863,148.35266878408055,150.98684692382812,64823400,0.0,0.0
2022-07-21 00:00:00-04:00,152.4272361565415,153.4828883189876,149.90158339004353,153.26583862304688,65086600,0.0,0.0
2022-07-22 00:00:00-04:00,153.30531328387983,154.18337259135419,151.35188084612065,152.0227508544922,66675400,0.0,0.0
2022-07-25 00:00:00-04:00,151.94378681917107,152.95996707063225,150.23700082216484,150.89801025390625,53623900,0.0,0.0
2022-07-26 00:00:00-04:00,150.21729620269366,151.03616284792213,148.77689178411194,149.566162109375,55138700,0.0,0.0
2022-07-27 00:00:00-04:00,150.53302741359812,155.21930262420085,150.11866383304508,154.68653869628906,78620700,0.0,0.0
2022-07-28 00:00:00-04:00,154.87399776505708,155.52514701000848,152.33848396565298,155.23904418945312,81378700,0.0,0.0
2022-07-29 00:00:00-04:00,159.07685228933292,161.43478808024193,157.36019024896586,160.32980346679688,101786900,0.0,0.0
2022-08-01 00:00:00-04:00,158.84990860848058,161.39529752255416,158.73152332775882,159.34320068359375,67829400,0.0,0.0
2022-08-02 00:00:00-04:00,157.9521463098053,160.23115354553508,157.48845050250915,157.86334228515625,59907000,0.0,0.0
2022-08-03 00:00:00-04:00,158.6822208140143,164.3550807397493,158.59343183685212,163.90126037597656,82507500,0.0,0.0
2022-08-04 00:00:00-04:00,163.78283934395313,164.94701654031078,162.22403448507984,163.5855255126953,55474100,0.0,0.0
2022-08-05 00:00:00-04:00,161.24406948222443,163.852268903255,161.03659239277184,163.35829162597656,56697000,0.23,0.0
2022-08-08 00:00:00-04:00,164.36604175570804,165.7886991359994,162.22218156387814,162.8841094970703,60276900,0.0,0.0
2022-08-09 00:00:00-04:00,162.04431856500878,163.82263986935718,161.28358929801152,162.9334716796875,63135500,0.0,0.0
2022-08-10 00:00:00-04:00,165.6602246517888,167.30023295092772,164.8896212485773,167.20144653320312,70170500,0.0,0.0
2022-08-11 00:00:00-04:00,168.0115606543251,168.93036629204852,166.16409033464345,166.46047973632812,57149200,0.0,0.0
2022-08-12 00:00:00-04:00,167.77447257106098,170.0961570458949,167.35951833556643,170.02700805664062,68039400,0.0,0.0
2022-08-15 00:00:00-04:00,169.45398413673462,171.30145449022353,169.2860336568712,171.10386657714844,54091700,0.0,0.0
2022-08-16 00:00:00-04:00,170.6988121058942,171.61761781721378,169.59230766429783,170.94580078125,56377100,0.0,0.0
2022-08-17 00:00:00-04:00,170.6889363610423,174.02821296907027,170.49134843763704,172.44749450683594,79542000,0.0,0.0
2022-08-18 00:00:00-04:00,171.65713127395603,172.7932731631823,171.03471498116653,172.05230712890625,62290100,0.0,0.0
2022-08-19 00:00:00-04:00,170.94577013813446,171.6472244834014,169.2464871502945,169.45396423339844,70346300,0.0,0.0
2022-08-22 00:00:00-04:00,167.64600292302248,167.81395338043234,165.1267159118957,165.55154418945312,69026800,0.0,0.0
2022-08-23 00:00:00-04:00,165.0674652978081,166.6778362068351,164.64263695785368,165.2156524658203,54147100,0.0,0.0
2022-08-24 00:00:00-04:00,165.3045923923907,166.08506999483225,164.24747359700294,165.51205444335938,53841500,0.0,0.0
2022-08-25 00:00:00-04:00,166.74697509302598,168.09059394325084,166.32216185379593,167.98191833496094,51218200,0.0,0.0
2022-08-26 00:00:00-04:00,168.51543646848708,168.98965049238348,161.58986453568383,161.64913940429688,78961000,0.0,0.0
2022-08-29 00:00:00-04:00,159.2088710477823,160.9377915248913,157.89490475117088,159.4361114501953,73314000,0.0,0.0
2022-08-30 00:00:00-04:00,160.17711093628972,160.6019242494096,155.820226802932,156.9958953857422,77906200,0.0,0.0
2022-08-31 00:00:00-04:00,158.37897807534745,158.64573000223655,155.24716422627807,155.32620239257812,87991100,0.0,0.0
2022-09-01 00:00:00-04:00,154.75321986205336,156.5117779795205,152.80694794412756,156.0573272705078,74229900,0.0,0.0
2022-09-02 00:00:00-04:00,157.8257560303605,158.42840897250582,153.10333398862824,153.93321228027344,76957800,0.0,0.0
2022-09-06 00:00:00-04:00,154.58529013654928,155.19781729399773,151.8387769741272,152.6686553955078,73714800,0.0,0.0
2022-09-07 00:00:00-04:00,152.95513800164022,154.78284496179006,151.75970630582015,154.08140563964844,87449600,0.0,0.0
2022-09-08 00:00:00-04:00,152.77731191202227,154.47659517651775,150.84091409608828,152.5994873046875,84923800,0.0,0.0
2022-09-09 00:00:00-04:00,153.5973334446405,155.91903324681792,152.88600478503696,155.4744415283203,68028800,0.0,0.0
2022-09-12 00:00:00-04:00,157.66766853565863,162.28141463666398,157.38116833912534,161.46141052246094,104956000,0.0,0.0
2022-09-13 00:00:00-04:00,157.97394119387377,158.60623156162632,151.52259858891705,151.9869384765625,122656600,0.0,0.0
2022-09-14 00:00:00-04:00,152.9254988454698,155.2076868276392,151.75971955478735,153.43923950195312,87965400,0.0,0.0
2022-09-15 00:00:00-04:00,152.78720370550474,153.37010849417774,149.556602365287,150.53466796875,90481100,0.0,0.0
2022-09-16 00:00:00-04:00,149.3886474646872,149.526960529543,146.58284445976545,148.88478088378906,162278800,0.0,0.0
2022-09-19 00:00:00-04:00,147.51149362894427,152.69825509311244,147.3040316123721,152.6192169189453,81474200,0.0,0.0
2022-09-20 00:00:00-04:00,151.5522147803481,156.1758496949124,151.23607717827795,155.0100555419922,107689800,0.0,0.0
2022-09-21 00:00:00-04:00,155.44479964070396,156.82794536144797,151.7498584549159,151.868408203125,101696800,0.0,0.0
2022-09-22 00:00:00-04:00,150.54451277601925,152.609334080057,149.09221844303838,150.90017700195312,86652500,0.0,0.0
2022-09-23 00:00:00-04:00,149.3688666601967,149.64549275752094,146.77054109426695,148.61801147460938,96029900,0.0,0.0
2022-09-26 00:00:00-04:00,147.85727310751466,151.91776667858798,147.8375097966487,148.9539031982422,93339400,0.0,0.0
2022-09-27 00:00:00-04:00,150.90022869840172,152.8563750736935,148.14382623435932,149.93202209472656,84442700,0.0,0.0
2022-09-28 00:00:00-04:00,145.8616134152087,148.82547715169355,143.09533757949137,148.0351104736328,146691400,0.0,0.0
2022-09-29 00:00:00-04:00,144.34016923521585,144.9526962468605,138.98544218022843,140.76376342773438,128138200,0.0,0.0
2022-09-30 00:00:00-04:00,139.5782573024041,141.37634233062462,136.33776666307833,136.5353546142578,124925300,0.0,0.0
2022-10-03 00:00:00-04:00,136.5451981658829,141.34665764197294,136.03145760455521,140.73411560058594,114311700,0.0,0.0
2022-10-04 00:00:00-04:00,143.28303044475953,144.4586986339376,142.52230130911698,144.34014892578125,87830100,0.0,0.0
2022-10-05 00:00:00-04:00,142.33464491165762,145.60477264963058,141.28740023689022,144.63656616210938,79471000,0.0,0.0
2022-10-06 00:00:00-04:00,144.05366550708558,145.7628228353645,143.47077587995457,143.67823791503906,68402200,0.0,0.0
2022-10-07 00:00:00-04:00,140.82304314688486,141.37631039018268,137.77026702712604,138.40255737304688,85925600,0.0,0.0
2022-10-10 00:00:00-04:00,138.72857666015625,140.18087106049856,136.90086978029677,138.72857666015625,74899000,0.0,0.0
2022-10-11 00:00:00-04:00,138.21482450774118,139.647370551147,136.55506823191743,137.305908203125,77033700,0.0,0.0
2022-10-12 00:00:00-04:00,137.45413764848382,138.66931766793832,136.49582041546117,136.67364501953125,70433700,0.0,0.0
2022-10-13 00:00:00-04:00,133.36400205360843,141.86040289815247,132.7514599268568,141.26763916015625,113224000,0.0,0.0
2022-10-14 00:00:00-04:00,142.5717289499613,142.77920605337536,136.52545149320736,136.71316528320312,88598000,0.0,0.0
2022-10-17 00:00:00-04:00,139.3707551212906,141.1786986755311,138.58038846903284,140.69461059570312,85250900,0.0,0.0
2022-10-18 00:00:00-04:00,143.73752488075877,144.93294154385023,138.91630145112296,142.0184783935547,99136600,0.0,0.0
2022-10-19 00:00:00-04:00,139.9832917841237,143.20401840140053,139.79557799531165,142.1271514892578,61758300,0.0,0.0
2022-10-20 00:00:00-04:00,141.29727289667952,144.13269781047578,140.93171943907114,141.66281127929688,64522000,0.0,0.0
2022-10-21 00:00:00-04:00,141.14906919641035,146.06909396950246,140.93171797792078,145.49607849121094,86548600,0.0,0.0
2022-10-24 00:00:00-04:00,145.4170538676587,148.42042950536802,144.24138536942965,147.6498260498047,75981900,0.0,0.0
2022-10-25 00:00:00-04:00,148.2820919294288,150.65319184865695,147.56088934284634,150.50498962402344,74732300,0.0,0.0
2022-10-26 00:00:00-04:00,149.14164832129399,150.15924045749748,146.25680732789058,147.55104064941406,88194300,0.0,0.0
2022-10-27 00:00:00-04:00,146.2864321323527,147.25462333513107,142.39388893497147,143.05581665039062,109180200,0.0,0.0
2022-10-28 00:00:00-04:00,146.41488761875652,155.60286960065065,146.0394750732548,153.86407470703125,164762400,0.0,0.0
2022-10-31 00:00:00-04:00,151.3151410933819,152.38213394751943,150.09007187381837,151.4929656982422,97943200,0.0,0.0
2022-11-01 00:00:00-04:00,153.21200447728674,153.57754286316361,147.33367749566185,148.83535766601562,80379300,0.0,0.0
2022-11-02 00:00:00-04:00,147.15583065483594,150.3370455863596,143.2534131059143,143.28305053710938,93604600,0.0,0.0
2022-11-03 00:00:00-04:00,140.34885763300383,141.0799496180286,137.07872963004468,137.20716857910156,97918500,0.0,0.0
2022-11-04 00:00:00-04:00,140.61134018259497,141.18530623843904,132.9815825695617,136.93995666503906,140814800,0.23,0.0
2022-11-07 00:00:00-05:00,135.6831426800014,137.7019064381259,134.25812586250368,137.47430419921875,83374600,0.0,0.0
2022-11-08 00:00:00-05:00,138.9488277817145,139.9582022856921,136.05921655660495,138.0482940673828,89908500,0.0,0.0
2022-11-09 00:00:00-05:00,137.05869016748804,137.10817285902812,133.189376229013,133.46646118164062,74917800,0.0,0.0
2022-11-10 00:00:00-05:00,139.77019714382882,145.3415985107422,138.04829894677263,145.3415985107422,118854000,0.0,0.0
2022-11-11 00:00:00-05:00,144.30253818680043,148.44892246229622,142.86761546449372,148.14215087890625,93979700,0.0,0.0
2022-11-14 00:00:00-05:00,147.41974514991688,148.71611022108843,145.89576270136516,146.73692321777344,73374100,0.0,0.0
2022-11-15 00:00:00-05:00,150.63591345307688,151.99165162315202,147.01399786733145,148.4785919189453,89868300,0.0,0.0
2022-11-16 00:00:00-05:00,147.57808092617586,148.31037043946992,145.75721744177326,147.24160766601562,64218300,0.0,0.0
2022-11-17 00:00:00-05:00,144.90618524478106,149.90363600150542,144.62910024163597,149.15155029296875,80389400,0.0,0.0
2022-11-18 00:00:00-05:00,150.72496564987202,151.11090646498903,148.40932075917004,149.715576171875,74829600,0.0,0.0
2022-11-21 00:00:00-05:00,148.59736161936925,148.80516779562268,146.18275109529347,146.4697265625,58724100,0.0,0.0
2022-11-22 00:00:00-05:00,146.5884871676489,148.85464959506425,145.40096291048988,148.6171417236328,51804100,0.0,0.0
2022-11-23 00:00:00-05:00,147.8947576765046,150.2499952315402,147.7859017785828,149.49790954589844,58301400,0.0,0.0
2022-11-25 00:00:00-05:00,146.76662602934562,147.33070163560777,145.58900721627217,146.56871032714844,35195900,0.0,0.0
2022-11-28 00:00:00-05:00,143.6296014634591,145.1139917287284,141.8879223215426,142.71917724609375,69246000,0.0,0.0
2022-11-29 00:00:00-05:00,142.78843936121245,143.30303220881638,138.88945365820908,139.70091247558594,83763800,0.0,0.0
2022-11-30 00:00:00-05:00,139.92852238105422,147.17235443840406,139.08737692084236,146.48953247070312,111380900,0.0,0.0
2022-12-01 00:00:00-05:00,146.66766652639865,147.5780907793863,145.0843108081597,146.76661682128906,71250400,0.0,0.0
2022-12-02 00:00:00-05:00,144.44108106262544,146.45984525867783,144.1342943784221,146.27182006835938,65447400,0.0,0.0
2022-12-05 00:00:00-05:00,146.23223141172429,149.349444804822,144.25304447007545,145.10409545898438,68826400,0.0,0.0
2022-12-06 00:00:00-05:00,145.5395339297925,145.7671362234273,140.44311797232058,141.42282104492188,64727200,0.0,0.0
2022-12-07 00:00:00-05:00,140.7103196654253,141.87803289252406,138.54310721513139,139.47332763671875,69721100,0.0,0.0
2022-12-08 00:00:00-05:00,140.87852137531488,142.0264533787377,139.63163908883672,141.16549682617188,62128300,0.0,0.0
2022-12-09 00:00:00-05:00,140.8587531496634,144.05515143475162,139.43373591172943,140.68063354492188,76097000,0.0,0.0
2022-12-12 00:00:00-05:00,141.21500810490178,142.99627966046475,139.59207515427784,142.98638916015625,70462700,0.0,0.0
2022-12-13 00:00:00-05:00,147.94423760704595,148.40934778946271,142.73898090382795,143.9561767578125,93886200,0.0,0.0
2022-12-14 00:00:00-05:00,143.837425594668,145.13379070269028,139.69102628885693,141.71969604492188,82291200,0.0,0.0
2022-12-15 00:00:00-05:00,139.64154021581635,140.3243621508591,134.6144033940509,135.0795135498047,98931900,0.0,0.0
2022-12-16 00:00:00-05:00,135.2675358827307,136.2175371723463,132.33833252308642,133.11021423339844,160156900,0.0,0.0
2022-12-19 00:00:00-05:00,133.70398442417286,133.79304421919323,129.95343153387856,130.99249267578125,79592600,0.0,0.0
2022-12-20 00:00:00-05:00,130.02268410086938,131.86332854040518,128.5382939109211,130.9232177734375,77432800,0.0,0.0
2022-12-21 00:00:00-05:00,131.5961386519474,135.3862835473447,131.36853637624424,134.04043579101562,85928000,0.0,0.0
2022-12-22 00:00:00-05:00,132.95189133655217,133.1596975133203,128.94403468461323,130.85394287109375,77852100,0.0,0.0
2022-12-23 00:00:00-05:00,129.5575878594223,131.04197820854492,128.29090930283763,130.48780822753906,63814900,0.0,0.0
2022-12-27 00:00:00-05:00,130.01279129367578,130.04247788894776,127.38046911290927,128.6768341064453,69007800,0.0,0.0
2022-12-28 00:00:00-05:00,128.3205924980965,129.66644031626882,124.56014157673225,124.7283706665039,85438400,0.0,0.0
2022-12-29 00:00:00-05:00,126.65808607664381,129.12217209136242,126.40079716988618,128.26123046875,75703700,0.0,0.0
2022-12-30 00:00:00-05:00,127.073709556948,128.59767695809086,126.10390456985758,128.577880859375,77034200,0.0,0.0
2023-01-03 00:00:00-05:00,128.92424454671203,129.53778770648333,122.87782744316272,123.76846313476562,112117500,0.0,0.0
2023-01-04 00:00:00-05:00,125.56951966733021,127.32110440506466,123.77835783326215,125.04503631591797,89113600,0.0,0.0
2023-01-05 00:00:00-05:00,125.80701406050522,126.44035327195598,123.4616823884138,123.7189712524414,80962700,0.0,0.0
2023-01-06 00:00:00-05:00,124.69869219835303,128.93414406697812,123.59034464347916,128.2711181640625,87754700,0.0,0.0
2023-01-09 00:00:00-05:00,129.1122704426922,132.02167786788954,128.53830437717716,128.79559326171875,70790800,0.0,0.0
2023-01-10 00:00:00-05:00,128.90444246439094,129.89403595356941,126.78671300154889,129.3695526123047,63896200,0.0,0.0
2023-01-11 00:00:00-05:00,129.88412039525852,132.12059581330425,129.10234833363933,132.10081481933594,69458900,0.0,0.0
2023-01-12 00:00:00-05:00,132.48679292847487,132.862828219757,130.0721821844543,132.0216827392578,71379600,0.0,0.0
2023-01-13 00:00:00-05:00,130.65603409850235,133.51595882992456,130.28988932008468,133.3576202392578,57809700,0.0,0.0
2023-01-17 00:00:00-05:00,133.42689544295402,135.86128703391867,132.73418300243557,134.5253448486328,63646600,0.0,0.0
2023-01-18 00:00:00-05:00,135.39617874680306,137.16754432165283,133.62479807195606,133.8029327392578,69672800,0.0,0.0
2023-01-19 00:00:00-05:00,132.68470123913258,134.8321173698302,132.37792966331844,133.86231994628906,58280400,0.0,0.0
2023-01-20 00:00:00-05:00,133.8721833610444,136.58367449869263,132.82321685596753,136.4352264404297,80223600,0.0,0.0
2023-01-23 00:00:00-05:00,136.68263556675592,141.82853332640542,136.4649238107709,139.6415252685547,81760300,0.0,0.0
2023-01-24 00:00:00-05:00,138.8498542672173,141.67020163390134,138.83996376873685,141.0467529296875,66435100,0.0,0.0
2023-01-25 00:00:00-05:00,139.42383632315142,140.94780376437996,137.36547990253146,140.3837432861328,65799300,0.0,0.0
2023-01-26 00:00:00-05:00,141.6801265924633,142.7488895882088,140.42333837987348,142.4619140625,54105100,0.0,0.0
2023-01-27 00:00:00-05:00,141.67019877088234,145.69783617068458,141.5910294846458,144.41136169433594,70555800,0.0,0.0
2023-01-30 00:00:00-05:00,143.45148125337437,144.03533779783174,141.36343835201114,141.51187133789062,64015300,0.0,0.0
2023-01-31 00:00:00-05:00,141.21498687709317,142.83791958375357,140.79935942660674,142.78843688964844,65874500,0.0,0.0
2023-02-01 00:00:00-05:00,142.47178209857688,145.08430842068046,139.8493652771468,143.9165802001953,77663600,0.0,0.0
2023-02-02 00:00:00-05:00,147.35048573773668,149.60675801028222,146.62808661450947,149.25051879882812,118339000,0.0,0.0
2023-02-03 00:00:00-05:00,146.48951084456712,155.74221524092275,146.29159518314714,152.89218139648438,154357300,0.0,0.0
2023-02-06 00:00:00-05:00,150.98228624419954,151.50676958668788,149.2109054384384,150.15101623535156,69858300,0.0,0.0
2023-02-07 00:00:00-05:00,149.07235465259149,153.61458490158566,149.07235465259149,153.04061889648438,83322600,0.0,0.0
2023-02-08 00:00:00-05:00,152.2786602948261,152.97137275977542,149.5968551305232,150.33905029296875,64120100,0.0,0.0
2023-02-09 00:00:00-05:00,152.17967780621382,152.72395721753742,148.85464324794316,149.29995727539062,56007100,0.0,0.0
2023-02-10 00:00:00-05:00,148.13045691120595,149.9937227313933,147.89258643237176,149.66665649414062,57450700,0.23,0.0
2023-02-13 00:00:00-05:00,149.6072179924685,152.88777139634084,149.5774860679603,152.48143005371094,62199000,0.0,0.0
2023-02-14 00:00:00-05:00,150.7668093216158,152.402140794644,149.5180231156205,151.8372039794922,61707600,0.0,0.0
2023-02-15 00:00:00-05:00,151.74800433724963,154.11674338956908,151.52005454611242,153.94825744628906,65573800,0.0,0.0
2023-02-16 00:00:00-05:00,152.14441840515488,154.93933984085615,151.9858532078012,152.3426513671875,68167900,0.0,0.0
2023-02-17 00:00:00-05:00,150.99477529042434,151.63898716051196,149.50811855355659,151.1929931640625,59144100,0.0,0.0
2023-02-21 00:00:00-05:00,148.86388049557812,149.954101404135,147.08981024225724,147.1591796875,58867200,0.0,0.0
2023-02-22 00:00:00-05:00,147.54570502168832,148.61609957273427,145.85092499148843,147.58535766601562,51011300,0.0,0.0
2023-02-23 00:00:00-05:00,148.75487896664254,149.00265510528632,145.93024005993672,148.07101440429688,48394200,0.0,0.0
2023-02-24 00:00:00-05:00,145.80135816697728,145.88064832791278,144.4237237572079,145.40492248535156,55469600,0.0,0.0
2023-02-27 00:00:00-05:00,146.39603304549414,147.84303695578296,146.13833623071892,146.60415649414062,44998500,0.0,0.0
2023-02-28 00:00:00-05:00,145.741926124705,147.75386713786767,145.52388191532287,146.09872436523438,50547000,0.0,0.0
2023-03-01 00:00:00-05:00,145.52389353900261,145.92032933878704,143.7200758669538,144.0174102783203,55479000,0.0,0.0
2023-03-02 00:00:00-05:00,143.09568697761205,145.40496251022117,142.61994588104417,144.61207580566406,52238100,0.0,0.0
2023-03-03 00:00:00-05:00,146.72310034368257,149.7657983517578,146.01942463285462,149.68650817871094,70732300,0.0,0.0
2023-03-06 00:00:00-05:00,152.42195623733048,154.9096382410585,152.09490505667793,152.46160888671875,87558000,0.0,0.0
2023-03-07 00:00:00-05:00,152.33275997963113,152.65982628230532,149.7856292559754,150.25144958496094,56182000,0.0,0.0
2023-03-08 00:00:00-05:00,151.45068324166047,152.10481587149795,150.47940502111874,151.51014709472656,47204800,0.0,0.0
2023-03-09 00:00:00-05:00,152.1939933444496,153.16527144816123,148.89361378877035,149.2504119873047,53833600,0.0,0.0
2023-03-10 00:00:00-05:00,148.8738114378205,149.59731347786158,146.29693372600934,147.17901611328125,68572400,0.0,0.0
2023-03-13 00:00:00-04:00,146.49514356859967,151.77773200211703,146.38612147623616,149.13148498535156,84457100,0.0,0.0
2023-03-14 00:00:00-04:00,149.9342758651321,152.03541240200406,148.76477990534212,151.2326202392578,73695900,0.0,0.0
2023-03-15 00:00:00-04:00,149.8450679963741,151.88674052270053,148.586361246658,151.62905883789062,77167900,0.0,0.0
2023-03-16 00:00:00-04:00,150.80646037730506,155.06821263966182,150.29108181642482,154.46363830566406,76161100,0.0,0.0
2023-03-17 00:00:00-04:00,154.6915645274048,155.3456970100276,152.90757372163895,153.6211700439453,98944600,0.0,0.0
2023-03-20 00:00:00-04:00,153.69057212608058,156.41610932466375,152.77874273681294,155.9998321533203,73641400,0.0,0.0
2023-03-21 00:00:00-04:00,155.9205571770909,157.98204109629864,155.14748180357108,157.8631134033203,73938300,0.0,0.0
2023-03-22 00:00:00-04:00,157.8829348177373,160.69766769977065,156.40618380927145,156.42601013183594,75701800,0.0,0.0
2023-03-23 00:00:00-04:00,157.41713397261083,160.11293949819742,156.2773546917545,157.5162353515625,67622100,0.0,0.0
2023-03-24 00:00:00-04:00,157.44685878169065,158.91368918214428,156.4458486981132,158.82449340820312,59196500,0.0,0.0
2023-03-27 00:00:00-04:00,158.5172308555622,159.33984927406593,156.4656376088627,156.8719940185547,52390300,0.0,0.0
2023-03-28 00:00:00-04:00,156.56476504075383,157.0801435690118,154.59246181824673,156.2476043701172,45992200,0.0,0.0
2023-03-29 00:00:00-04:00,157.95230377159302,159.61736703161768,157.93249257214313,159.33985900878906,51305700,0.0,0.0
2023-03-30 00:00:00-04:00,160.09310716599592,161.02474780690227,159.83542544272464,160.9157257080078,49501700,0.0,0.0
2023-03-31 00:00:00-04:00,160.99501220511618,163.53223722356282,160.46972804690907,163.43312072753906,68749800,0.0,0.0
2023-04-03 00:00:00-04:00,162.80874098907415,164.81076119711048,162.759182739299,164.69183349609375,56976200,0.0,0.0
2023-04-04 00:00:00-04:00,165.1180039760234,165.35585936030904,163.6412529320187,164.15663146972656,46278300,0.0,0.0
2023-04-05 00:00:00-04:00,163.27456173694304,163.58180171406576,160.36071207007467,162.3032684326172,51511700,0.0,0.0
2023-04-06 00:00:00-04:00,160.98510790466275,163.4926163777719,160.55894019900367,163.19528198242188,45390100,0.0,0.0
2023-04-10 00:00:00-04:00,159.98409444358578,160.5886688232422,158.6560179778013,160.5886688232422,47716900,0.0,0.0
2023-04-11 00:00:00-04:00,160.90579790302047,160.91570350226053,159.08215439834586,159.3695831298828,47644200,0.0,0.0
2023-04-12 00:00:00-04:00,159.78587452625487,160.61839870707885,158.35868157452518,158.67584228515625,50133100,0.0,0.0
2023-04-13 00:00:00-04:00,160.19221653987137,164.32512026733755,159.98407795194623,164.08724975585938,68445600,0.0,0.0
2023-04-14 00:00:00-04:00,163.1258766656828,164.84049824090104,162.36273713306923,163.74037170410156,49386500,0.0,0.0
2023-04-17 00:00:00-04:00,163.62142359967223,163.91875794761413,162.57085534359018,163.7601776123047,41516200,0.0,0.0
2023-04-18 00:00:00-04:00,164.6224624365103,165.9208069034402,164.17645331594588,164.98916625976562,49923000,0.0,0.0
2023-04-19 00:00:00-04:00,164.32511680785814,166.6641238574634,164.06741997841854,166.1388397216797,47720200,0.0,0.0
2023-04-20 00:00:00-04:00,164.61252546197005,166.37669007657564,164.08724134206236,165.16754150390625,52456400,0.0,0.0
2023-04-21 00:00:00-04:00,163.58179491237593,164.9693351136413,163.0267788318698,163.55206298828125,58337300,0.0,0.0
2023-04-24 00:00:00-04:00,163.5322324264354,164.12690113902568,162.43210589428088,163.8592987060547,41949600,0.0,0.0
2023-04-25 00:00:00-04:00,163.72053781617427,164.83056990181737,162.27351874191552,162.31317138671875,48714100,0.0,0.0
2023-04-26 00:00:00-04:00,161.6094983031377,163.80975151595447,161.3518165759181,162.3032684326172,45498800,0.0,0.0
2023-04-27 00:00:00-04:00,163.72055333888554,167.06057063521666,163.72055333888554,166.9119110107422,64902300,0.0,0.0
2023-04-28 00:00:00-04:00,166.99119168750394,168.3390943239458,166.3866173772678,168.17059326171875,55209200,0.0,0.0
2023-05-01 00:00:00-04:00,167.77416566961222,168.93375609993646,167.13985940542491,168.08140563964844,52472900,0.0,0.0
2023-05-02 00:00:00-04:00,168.57697132129934,168.8346681861752,166.04965166358446,167.04075622558594,48425700,0.0,0.0
2023-05-03 00:00:00-04:00,167.99220106828838,169.39956754565748,165.67302032909086,165.96043395996094,65136000,0.0,0.0
2023-05-04 00:00:00-04:00,163.42321284611648,165.5540813733989,162.84837044792107,164.31520080566406,81235400,0.0,0.0
2023-05-05 00:00:00-04:00,169.45902904213452,172.74950296676494,169.24098486047572,172.0260009765625,113316400,0.0,0.0
2023-05-08 00:00:00-04:00,170.94567333669093,172.30349657417247,170.5789695681054,171.95660400390625,55962800,0.0,0.0
2023-05-09 00:00:00-04:00,171.5106167971042,171.99624826685388,170.0735184638984,170.24200439453125,45326900,0.0,0.0
2023-05-10 00:00:00-04:00,171.48089302464294,172.48190305646256,170.3708457773496,172.01608276367188,53724500,0.0,0.0
2023-05-11 00:00:00-04:00,172.30350796985275,173.03691555552936,170.63844469472525,172.2043914794922,49514700,0.0,0.0
2023-05-12 00:00:00-04:00,172.3135560619337,172.75024761525086,169.7132756322357,171.27146911621094,45497800,0.24,0.0
2023-05-15 00:00:00-04:00,171.85704787235903,171.90667467230108,170.17976198453994,170.77525329589844,37266700,0.0,0.0
2023-05-16 00:00:00-04:00,170.69585344478577,171.83719412358758,170.5072806913898,170.77525329589844,42110300,0.0,0.0
2023-05-17 00:00:00-04:00,170.41794239989213,171.62874834746046,169.13764076744155,171.39056396484375,57951600,0.0,0.0
2023-05-18 00:00:00-04:00,171.6982259620468,173.92137607373184,171.28138815560044,173.73280334472656,65496700,0.0,0.0
2023-05-19 00:00:00-04:00,175.06272037880413,175.06272037880413,173.62363419943688,173.84197998046875,55772400,0.0,0.0
2023-05-22 00:00:00-04:00,172.67084490080313,173.3953627585547,172.14483421414405,172.88919067382812,43570900,0.0,0.0
2023-05-23 00:00:00-04:00,171.82725170101335,172.07537052336497,169.99116635802292,170.26905822753906,50747300,0.0,0.0
2023-05-24 00:00:00-04:00,169.80259482166662,171.1225887831174,169.2368917775998,170.5469512939453,45143500,0.0,0.0
2023-05-25 00:00:00-04:00,171.11264080554008,172.59141905716658,170.39805750039048,171.6882781982422,56058300,0.0,0.0
2023-05-26 00:00:00-04:00,172.01583117068753,174.44739269623702,171.80740468839622,174.1099395751953,54835000,0.0,0.0
2023-05-30 00:00:00-04:00,175.6284281360517,177.64315169617504,175.24136339159378,175.9658660888672,55964400,0.0,0.0
2023-05-31 00:00:00-04:00,175.99564434702103,178.00044866577474,175.42992616469127,175.91624450683594,99625300,0.0,0.0
2023-06-01 00:00:00-04:00,176.3628631071657,178.76465158842046,175.59865286277548,178.73487854003906,68901800,0.0,0.0
2023-06-02 00:00:00-04:00,179.6678092681631,180.41216577183522,177.91112367918484,179.58840942382812,61945900,0.0,0.0
2023-06-05 00:00:00-04:00,181.2557821635985,183.55831715341373,176.70030869345317,178.22872924804688,121946500,0.0,0.0
2023-06-06 00:00:00-04:00,178.61580235581204,178.76466761106187,176.0949063111125,177.8615264892578,64848400,0.0,0.0
2023-06-07 00:00:00-04:00,177.09730925974853,179.84647030311896,175.9857416800345,176.4819793701172,61944600,0.0,0.0
2023-06-08 00:00:00-04:00,176.56135080082998,179.47923062220013,176.12467438732125,179.21127319335938,50214900,0.0,0.0
2023-06-09 00:00:00-04:00,180.13427291189814,180.85877566456503,179.2708242183914,179.5983428955078,48870700,0.0,0.0
2023-06-12 00:00:00-04:00,179.90601640267764,182.50629705263665,179.60827075983389,182.40704345703125,54274900,0.0,0.0
2023-06-13 00:00:00-04:00,181.4244766251203,182.76430911070224,181.0671849335044,181.93063354492188,54929100,0.0,0.0
2023-06-14 00:00:00-04:00,181.9902041416917,183.00253326157815,180.6503714756975,182.5658416748047,57462900,0.0,0.0
2023-06-15 00:00:00-04:00,182.57577393042644,185.1165084295681,182.39712049072034,184.61033630371094,65433200,0.0,0.0
2023-06-16 00:00:00-04:00,185.32491183758503,185.58296511233405,182.88343103661734,183.52853393554688,101235600,0.0,0.0
2023-06-20 00:00:00-04:00,183.0223827636369,184.69966852666565,183.0223827636369,183.61785888671875,49799100,0.0,0.0
2023-06-21 00:00:00-04:00,183.50867393361597,184.01484602054117,181.21605845086614,182.5757598876953,49515700,0.0,0.0
2023-06-22 00:00:00-04:00,182.35743123046893,185.64252230545932,182.28795068496888,185.5928955078125,51245300,0.0,0.0
2023-06-23 00:00:00-04:00,184.1537970097952,186.14866693334577,183.61785186115858,185.27528381347656,53079300,0.0,0.0
2023-06-26 00:00:00-04:00,185.42415928991971,186.6349803489813,183.83619277653602,183.8759002685547,48088700,0.0,0.0
2023-06-27 00:00:00-04:00,184.491243018021,186.9724314039452,184.2728972285419,186.64491271972656,50730800,0.0,0.0
2023-06-28 00:00:00-04:00,186.51586838059197,188.4710458547069,186.1883648714196,187.82594299316406,51216800,0.0,0.0
2023-06-29 00:00:00-04:00,187.65721893731777,188.63977487015424,187.51827301040888,188.1633758544922,46347300,0.0,0.0
2023-06-30 00:00:00-04:00,190.188048421843,193.0165939677774,189.820822259396,192.51043701171875,85069600,0.0,0.0
2023-07-03 00:00:00-04:00,192.32186987463191,192.42112346606635,190.31706545063716,191.01181030273438,31458200,0.0,0.0
2023-07-05 00:00:00-04:00,190.12848881584435,191.52786739350162,189.18562522356103,189.89028930664062,46920300,0.0,0.0
2023-07-06 00:00:00-04:00,188.41152151886186,190.57512571080738,187.7763378847441,190.36669921875,45094300,0.0,0.0
2023-07-07 00:00:00-04:00,189.9697113944817,191.2202248903426,188.80851704604538,189.2451934814453,46778000,0.0,0.0
2023-07-10 00:00:00-04:00,187.83586826290198,188.56038612953148,185.63257190372127,187.19076538085938,59922200,0.0,0.0
2023-07-11 00:00:00-04:00,187.7366242460387,187.87557017699805,185.19588999765614,186.6647491455078,46638100,0.0,0.0
2023-07-12 00:00:00-04:00,188.25272198118796,190.2575264802813,187.05183525729512,188.34205627441406,60750200,0.0,0.0
2023-07-13 00:00:00-04:00,189.06655459750118,189.75136501356704,188.35197113238655,189.1062469482422,41342300,0.0,0.0
2023-07-14 00:00:00-04:00,188.79856640670437,189.74141488458457,188.20309033097672,189.25511169433594,41573900,0.0,0.0
2023-07-17 00:00:00-04:00,190.45600381205304,192.85780736222108,190.3666846697001,192.53028869628906,50520200,0.0,0.0
2023-07-18 00:00:00-04:00,191.89511697543264,192.8677385882339,190.97210701546965,192.27224731445312,48353800,0.0,0.0
2023-07-19 00:00:00-04:00,191.64697698861832,196.73836472736357,191.20035101057832,193.63192749023438,80507300,0.0,0.0
2023-07-20 00:00:00-04:00,193.6220163160383,194.99163717283173,191.05150874206208,191.67677307128906,59581200,0.0,0.0
2023-07-21 00:00:00-04:00,192.6394780020551,193.50292673966078,189.79106335340356,190.4957275390625,71917800,0.0,0.0
2023-07-24 00:00:00-04:00,191.9546589402895,193.44337194871,190.80338391255776,191.29962158203125,45377800,0.0,0.0
2023-07-25 00:00:00-04:00,191.87525949316802,192.97690772743897,191.468340968804,192.16307067871094,37283200,0.0,0.0
2023-07-26 00:00:00-04:00,192.21269689922778,194.16787452666702,191.86533961729995,193.0364532470703,47471900,0.0,0.0
2023-07-27 00:00:00-04:00,194.5450012117714,195.71611472843404,191.10111090990094,191.7660675048828,47460200,0.0,0.0
2023-07-28 00:00:00-04:00,193.20517029738988,195.15042860374737,192.6791595850325,194.3564453125,48291400,0.0,0.0
2023-07-31 00:00:00-04:00,194.58472170434533,195.0114939950775,193.7907383669621,194.97178649902344,38824100,0.0,0.0
2023-08-01 00:00:00-04:00,194.76335631965225,195.24965951950642,193.81057337810935,194.13809204101562,35175100,0.0,0.0
2023-08-02 00:00:00-04:00,193.57238603724957,193.71133198080406,190.40640238454526,191.1309051513672,50389300,0.0,0.0
2023-08-03 00:00:00-04:00,190.12852085535187,190.92248906521922,189.25513765173034,189.7315216064453,61235200,0.0,0.0
2023-08-04 00:00:00-04:00,184.12402690270278,185.9700316166551,180.55110966796553,180.62059020996094,115799700,0.0,0.0
2023-08-07 00:00:00-04:00,180.75951362228392,181.75198882557945,176.0154833620489,177.5041961669922,97576100,0.0,0.0
2023-08-08 00:00:00-04:00,178.33789436874574,178.91353187709316,176.2437708178845,178.4470672607422,67823000,0.0,0.0
2023-08-09 00:00:00-04:00,179.50900875402357,179.568554851008,175.67805336031552,176.84918212890625,60378500,0.0,0.0
2023-08-10 00:00:00-04:00,178.12947648415997,179.38992445369044,176.26363307266737,176.63084411621094,54686900,0.0,0.0
2023-08-11 00:00:00-04:00,176.2233960656567,177.5153442624666,175.458153778981,176.6904754638672,51988100,0.24,0.0
2023-08-14 00:00:00-04:00,176.86936795132465,178.57873203906215,176.2134459995229,178.35015869140625,43675600,0.0,0.0
2023-08-15 00:00:00-04:00,177.7737337283927,178.37001397078072,175.9550494184861,176.35256958007812,43622600,0.0,0.0
2023-08-16 00:00:00-04:00,176.03454634490478,177.43581469068437,175.40843772025733,175.47801208496094,46964900,0.0,0.0
2023-08-17 00:00:00-04:00,176.04448461625057,176.41219151441152,172.40711609073566,172.9239044189453,66062900,0.0,0.0
2023-08-18 00:00:00-04:00,171.23443009200113,174.0171167915457,170.8965364290824,173.410888671875,61114200,0.0,0.0
2023-08-21 00:00:00-04:00,173.98729066685254,175.0407326935708,172.66551420323125,174.7525177001953,46311900,0.0,0.0
2023-08-22 00:00:00-04:00,175.96497956715007,176.58114035802282,175.15999139470742,176.13392639160156,42084200,0.0,0.0
2023-08-23 00:00:00-04:00,177.41595140978353,180.42721123128223,177.22712403410847,179.99986267089844,52722800,0.0,0.0
2023-08-24 00:00:00-04:00,179.5526776972616,179.98002632661715,174.9214929732303,175.28921508789062,54945800,0.0,0.0
2023-08-25 00:00:00-04:00,176.28299753845974,178.04204004805015,174.73264779095993,177.50538635253906,51449600,0.0,0.0
2023-08-28 00:00:00-04:00,178.97625019026674,179.4731579970015,177.4457808178697,179.0756378173828,43820700,0.0,0.0
2023-08-29 00:00:00-04:00,178.58866011417203,183.75649819628302,178.389900027249,182.9813232421875,53003900,0.0,0.0
2023-08-30 00:00:00-04:00,183.79625497655422,186.68826194099242,183.59749489432,186.48948669433594,60813900,0.0,0.0
2023-08-31 00:00:00-04:00,186.6783166282915,187.95039936926207,186.3205424096171,186.7081298828125,60794500,0.0,0.0
2023-09-01 00:00:00-04:00,188.31809755249566,188.74543092268522,187.1155741698604,188.2882843017578,45732600,0.0,0.0
2023-09-05 00:00:00-04:00,187.11559340947835,188.8050768374951,186.44973880050088,188.5268096923828,45280000,0.0,0.0
2023-09-06 00:00:00-04:00,187.23484633917346,187.68207547486304,180.34771175415628,181.77880859375,81755800,0.0,0.0
2023-09-07 00:00:00-04:00,174.0965977246818,177.10787273977496,172.46674085776903,176.46188354492188,112488800,0.0,0.0
2023-09-08 00:00:00-04:00,177.24699542212446,179.1253060568345,176.6904460199261,177.07803344726562,65551300,0.0,0.0
2023-09-11 00:00:00-04:00,178.9563786732192,179.18495201045798,176.2432512228952,178.25076293945312,58953100,0.0,0.0
2023-09-12 00:00:00-04:00,178.37996034233754,179.0160016942275,173.73884349638047,175.20968627929688,90370200,0.0,0.0
2023-09-13 00:00:00-04:00,175.41839323601963,176.20351608404937,172.90404087884383,173.13262939453125,84267900,0.0,0.0
2023-09-14 00:00:00-04:00,172.92390792735483,175.0109266750055,172.5065072107091,174.6531524658203,60895800,0.0,0.0
2023-09-15 00:00:00-04:00,175.38856818743835,175.40844874494908,172.74503028655468,173.9276580810547,109205100,0.0,0.0
2023-09-18 00:00:00-04:00,175.38856362269223,178.27063780985006,175.08048322919404,176.86935424804688,67257600,0.0,0.0
2023-09-19 00:00:00-04:00,176.42215294794642,178.51910451081574,176.03456546307592,177.9625701904297,51826900,0.0,0.0
2023-09-20 00:00:00-04:00,178.15138283667608,178.58866413640885,174.31525393141538,174.4047088623047,58436200,0.0,0.0
2023-09-21 00:00:00-04:00,173.47051558188582,175.20969287756472,172.78478039328195,172.85433959960938,63047900,0.0,0.0
2023-09-22 00:00:00-04:00,173.58976187810813,175.98486101486026,172.97360108411723,173.70901489257812,56725400,0.0,0.0
2023-09-25 00:00:00-04:00,173.12266501245767,175.87553831983675,173.07297120229282,174.9910430908203,46172700,0.0,0.0
2023-09-26 00:00:00-04:00,173.73885876847856,174.1164984027068,170.59839768303257,170.89654541015625,64588900,0.0,0.0
2023-09-27 00:00:00-04:00,171.5524350388733,171.9698357492923,168.00452141810098,169.3759765625,66921800,0.0,0.0
2023-09-28 00:00:00-04:00,168.29272705350883,170.96609339598558,166.5833630389383,169.63438415527344,56294400,0.0,0.0
2023-09-29 00:00:00-04:00,170.95614167013932,171.9996509482002,169.28652379235777,170.15115356445312,51814200,0.0,0.0
2023-10-02 00:00:00-04:00,170.16109351938684,173.22204712222216,169.87287852825236,172.67544555664062,52164500,0.0,0.0
2023-10-03 00:00:00-04:00,171.19465244741932,172.55618999324432,169.76357086656446,171.3337860107422,49594600,0.0,0.0
2023-10-04 00:00:00-04:00,170.03188549277738,173.13260007772962,169.9126324887325,172.58599853515625,53020300,0.0,0.0
2023-10-05 00:00:00-04:00,172.7151938850701,174.3649313004983,171.61205804275627,173.82827758789062,48527900,0.0,0.0
2023-10-06 00:00:00-04:00,172.7251669838355,176.88925707961673,172.10899095482606,176.39234924316406,57224100,0.0,0.0
2023-10-09 00:00:00-04:00,175.71654585737048,177.94269841319462,174.7127974917425,177.88307189941406,42390800,0.0,0.0
2023-10-10 00:00:00-04:00,176.99857381469894,178.6085503194853,176.8494923681373,177.28677368164062,43698000,0.0,0.0
2023-10-11 00:00:00-04:00,177.09792315514355,178.7377278666485,176.50164294003199,178.6880340576172,47551100,0.0,0.0
2023-10-12 00:00:00-04:00,178.95638111240146,181.21233159015208,177.9327371003315,179.59242248535156,56743100,0.0,0.0
2023-10-13 00:00:00-04:00,180.29802522104373,180.80486572035005,177.03831125012886,177.74392700195312,51427100,0.0,0.0
2023-10-16 00:00:00-04:00,175.6569128281916,177.97250506879755,175.41839161749283,177.61473083496094,52517000,0.0,0.0
2023-10-17 00:00:00-04:00,175.55750508309643,177.31656279493396,173.71895547455762,176.05441284179688,57549400,0.0,0.0
2023-10-18 00:00:00-04:00,174.4941311237392,176.48176216718392,174.027036615376,174.7525177001953,54764400,0.0,0.0
2023-10-19 00:00:00-04:00,174.9512775869872,176.74014855708347,174.10654349306773,174.3748779296875,59302900,0.0,0.0
2023-10-20 00:00:00-04:00,174.2258012947257,174.3351216115833,171.57231560127875,171.8108367919922,64189300,0.0,0.0
2023-10-23 00:00:00-04:00,169.85302851446286,172.93384778812512,168.87907830418513,171.9300994873047,55980100,0.0,0.0
2023-10-24 00:00:00-04:00,171.97979837385134,172.59595921387623,170.38968729481687,172.3673858642578,43816600,0.0,0.0
2023-10-25 00:00:00-04:00,170.81702981156988,171.98972493811345,169.59462570782657,170.04185485839844,57157000,0.0,0.0
2023-10-26 00:00:00-04:00,169.31636914836076,170.320132670232,164.64543857905852,165.85789489746094,70625300,0.0,0.0
2023-10-27 00:00:00-04:00,165.8777610074826,167.91508596598229,165.79825394187426,167.17965698242188,58499100,0.0,0.0
2023-10-30 00:00:00-04:00,167.97471206696315,170.11140947897792,167.82563063265053,169.23684692382812,51131000,0.0,0.0
2023-10-31 00:00:00-04:00,168.30268134414578,169.84308342389463,166.86163656333878,169.71389770507812,44846000,0.0,0.0
2023-11-01 00:00:00-04:00,169.94245541165574,173.15247532339345,169.0678928937645,172.8940887451172,56934900,0.0,0.0
2023-11-02 00:00:00-04:00,174.43452247323137,176.68054032302643,174.3748959621323,176.4718475341797,77334800,0.0,0.0
2023-11-03 00:00:00-04:00,173.16241138117383,175.72645709024493,172.27791622747424,175.5574951171875,79763700,0.0,0.0
2023-11-06 00:00:00-05:00,175.28918637857382,178.32031158491046,175.12023955979996,178.12155151367188,63841300,0.0,0.0
2023-11-07 00:00:00-05:00,178.07186894277902,181.31171744967662,177.8631761623555,180.695556640625,70530000,0.0,0.0
2023-11-08 00:00:00-05:00,181.22227266382137,182.31546067653568,180.466963136192,181.75892639160156,49340300,0.0,0.0
2023-11-09 00:00:00-05:00,181.8284924326774,182.9813068996389,180.68559549720575,181.28189086914062,53763500,0.0,0.0
2023-11-10 00:00:00-05:00,183.07312579736603,185.66045656490678,182.63526841968368,185.49127197265625,66133400,0.24,0.0
2023-11-13 00:00:00-05:00,184.91409464160964,185.12306234297503,183.31194313207843,183.89906311035156,43627500,0.0,0.0
2023-11-14 00:00:00-05:00,186.78494160849297,187.1929464637487,185.3917728154259,186.52621459960938,60108400,0.0,0.0
2023-11-15 00:00:00-05:00,186.93422111937653,188.57617115328318,186.86455508690236,187.0934295654297,53790500,0.0,0.0
2023-11-16 00:00:00-05:00,188.64582412031268,190.02904704723116,187.73029590080972,188.78514099121094,54412900,0.0,0.0
2023-11-17 00:00:00-05:00,189.32251104128505,189.45188213648447,187.65070850825023,188.76524353027344,50922700,0.0,0.0
2023-11-20 00:00:00-05:00,188.96425501994514,190.97441144582112,188.9543092379418,190.5166473388672,46505100,0.0,0.0
2023-11-21 00:00:00-05:00,190.47685219685218,190.586316538311,188.8149955106325,189.71060180664062,38134500,0.0,0.0
2023-11-22 00:00:00-05:00,190.55644969232256,191.98941662140743,189.89966369290923,190.3773193359375,39617700,0.0,0.0
2023-11-24 00:00:00-05:00,189.93947531002817,189.96932784078396,188.3273779116158,189.0438690185547,24048300,0.0,0.0
2023-11-27 00:00:00-05:00,188.994117188391,189.74046085550287,187.9790855494866,188.86474609375,40552600,0.0,0.0
2023-11-28 00:00:00-05:00,188.85479867311508,190.14846405510127,188.47664635938358,189.47177124023438,38415400,0.0,0.0
2023-11-29 00:00:00-05:00,189.96933244559008,191.15353347560767,188.04874872654685,188.44679260253906,43014200,0.0,0.0
2023-11-30 00:00:00-05:00,188.9145072113341,189.39217809569718,187.27255720148867,189.0239715576172,48794400,0.0,0.0
2023-12-01 00:00:00-05:00,189.40209579564836,190.62609498849437,188.30745249512026,190.3076629638672,45679300,0.0,0.0
2023-12-04 00:00:00-05:00,189.05382196941733,189.12348800008925,186.53615721754525,188.50650024414062,43389500,0.0,0.0
2023-12-05 00:00:00-05:00,189.28270844769884,193.45226890347428,189.2528407319119,192.47705078125,66628400,0.0,0.0
2023-12-06 00:00:00-05:00,193.50202134703213,193.81050761672594,191.17343287476277,191.38241577148438,41089700,0.0,0.0
2023-12-07 00:00:00-05:00,192.68602720531442,194.0493433741143,192.64621370853777,193.32290649414062,47477700,0.0,0.0
2023-12-08 00:00:00-05:00,193.25324166018223,195.03452363413496,192.72582670763535,194.75588989257812,53377300,0.0,0.0
2023-12-11 00:00:00-05:00,192.1685693679781,192.54672168765146,190.48680586341095,192.23822021484375,60943700,0.0,0.0
2023-12-12 00:00:00-05:00,192.13871428631938,193.77071848752672,190.7853438376791,193.76077270507812,52696900,0.0,0.0
2023-12-13 00:00:00-05:00,194.13888518665178,197.03470187359517,193.90006496300202,196.99490356445312,70404200,0.0,0.0
2023-12-14 00:00:00-05:00,197.05462270758053,198.64681332186495,195.20368991997998,197.14418029785156,66831600,0.0,0.0
2023-12-15 00:00:00-05:00,196.5670132843794,197.4327670575499,196.0395983209077,196.60682678222656,128256700,0.0,0.0
2023-12-18 00:00:00-05:00,195.13401948283078,195.6713953811102,193.44231035021684,194.93499755859375,55751900,0.0,0.0
2023-12-19 00:00:00-05:00,195.20370795195478,195.98984995762027,194.93501997192175,195.9799041748047,40714100,0.0,0.0
2023-12-20 00:00:00-05:00,195.94008865557052,196.71628487042167,193.88018798828125,193.88018798828125,52242800,0.0,0.0
2023-12-21 00:00:00-05:00,195.14397125694492,196.11918926884985,192.55664081053737,193.7308807373047,46482500,0.0,0.0
2023-12-22 00:00:00-05:00,194.22845757962483,194.45734722393942,192.02924020237552,192.6561737060547,37122800,0.0,0.0
2023-12-26 00:00:00-05:00,192.66613899324835,192.94477275989206,191.8899427598264,192.10887145996094,28919300,0.0,0.0
2023-12-27 00:00:00-05:00,191.55158790358445,192.5566585360189,190.15840400250286,192.20835876464844,48087700,0.0,0.0
2023-12-28 00:00:00-05:00,193.1935437488545,193.71101293849657,192.22827139973785,192.6362762451172,34049900,0.0,0.0
2023-12-29 00:00:00-05:00,192.9547010641641,193.452263485871,190.7952819760843,191.5913848876953,42628800,0.0,0.0
2024-01-02 00:00:00-05:00,186.23761848029775,187.52133810124718,182.9935167810597,184.7349853515625,82488700,0.0,0.0
2024-01-03 00:00:00-05:00,183.32190833232914,184.97381929292,182.53575116647167,183.3517608642578,58414500,0.0,0.0
2024-01-04 00:00:00-05:00,181.261998363711,182.19741821935423,179.99820064627082,181.02317810058594,71983600,0.0,0.0
2024-01-05 00:00:00-05:00,181.10277101042314,181.8690061871609,179.29163655398915,180.2967071533203,62303300,0.0,0.0
2024-01-08 00:00:00-05:00,181.20228054123743,184.6951784875532,180.6151605231867,184.65536499023438,59144500,0.0,0.0
2024-01-09 00:00:00-05:00,183.02335798455337,184.24735728099782,181.83915700040632,184.23741149902344,42841800,0.0,0.0
2024-01-10 00:00:00-05:00,183.45127673118873,185.49127057687537,183.02336513916433,185.2823028564453,46792900,0.0,0.0
2024-01-11 00:00:00-05:00,185.630561384214,186.13808471707472,182.72479898016607,184.68519592285156,49128400,0.0,0.0
2024-01-12 00:00:00-05:00,185.1529124416028,185.82960518169298,184.2871587499394,185.0135955810547,40444700,0.0,0.0
2024-01-16 00:00:00-05:00,181.2719521956393,183.36170533773222,180.04793765769844,182.7347869873047,65603000,0.0,0.0
2024-01-17 00:00:00-05:00,180.38628371133655,182.03817940296344,179.42101140332082,181.78939819335938,47317400,0.0,0.0
2024-01-18 00:00:00-05:00,185.18279289864887,188.217926944481,184.92406588558168,187.71041870117188,78005800,0.0,0.0
2024-01-19 00:00:00-05:00,188.4069897270921,191.01421197583775,187.89948151982946,190.62611389160156,68741000,0.0,0.0
2024-01-22 00:00:00-05:00,191.36250312836654,194.37773007418247,191.3226896328841,192.9447479248047,60133900,0.0,0.0
2024-01-23 00:00:00-05:00,194.06924615918857,194.79568302432682,192.8850451968675,194.22845458984375,42355600,0.0,0.0
2024-01-24 00:00:00-05:00,194.4672860626603,195.42261254918643,193.39254945946814,193.55177307128906,53631300,0.0,0.0
2024-01-25 00:00:00-05:00,194.26827279243787,195.31315691300077,192.1685587692801,193.223388671875,54822100,0.0,0.0
2024-01-26 00:00:00-05:00,193.32290534776368,193.8105067973861,191.00426266727368,191.48191833496094,44594000,0.0,0.0
2024-01-29 00:00:00-05:00,191.07392183626405,191.2629979920715,188.65577567784422,190.7952880859375,47145600,0.0,0.0
2024-01-30 00:00:00-05:00,190.00914701951908,190.86495502370778,186.55606247111587,187.12327575683594,55859400,0.0,0.0
2024-01-31 00:00:00-05:00,186.12815142243116,186.18787167030365,183.45127824224116,183.5010223388672,55467800,0.0,0.0
2024-02-01 00:00:00-05:00,183.09303209854838,186.03859323945602,182.9238626911125,185.94903564453125,64885400,0.0,0.0
2024-02-02 00:00:00-05:00,178.9831513103476,186.41673495449575,178.3761245608121,184.94395446777344,102518000,0.0,0.0
2024-02-05 00:00:00-05:00,187.23273981487074,188.3273832549743,184.9340037750539,186.76502990722656,69668800,0.0,0.0
2024-02-06 00:00:00-05:00,185.94902917871246,188.38708201253658,185.8594715869018,188.37713623046875,43490800,0.0,0.0
2024-02-07 00:00:00-05:00,189.71061746339294,190.1186223319937,187.6905150551716,188.4866180419922,53439000,0.0,0.0
2024-02-08 00:00:00-05:00,188.46669218310572,188.6159548348253,186.4366441977198,187.40191650390625,40962000,0.0,0.0
2024-02-09 00:00:00-05:00,187.96983733269659,189.30501766665418,187.32218691688763,188.16912841796875,45155200,0.24,0.0
2024-02-12 00:00:00-05:00,187.7406910525987,187.9897897322466,186.1165627960856,186.4752655029297,41781900,0.0,0.0
2024-02-13 00:00:00-05:00,185.10024282819998,185.53865891732192,182.84838113476025,184.37286376953125,56529500,0.0,0.0
2024-02-14 00:00:00-05:00,184.6518638454696,184.8610982078661,181.78224238811126,183.48606872558594,54630500,0.0,0.0
2024-02-15 00:00:00-05:00,182.88824837462906,183.82486181575325,180.69618309757163,183.19712829589844,65434500,0.0,0.0
2024-02-16 00:00:00-05:00,182.75869330174024,184.18354546694673,181.0150027746939,181.65269470214844,49701400,0.0,0.0
2024-02-20 00:00:00-05:00,181.134577279735,181.77226924950583,179.3510375405212,180.90541076660156,53665600,0.0,0.0
2024-02-21 00:00:00-05:00,181.28405435734408,182.23062628266825,180.00867035619171,181.66268920898438,41529700,0.0,0.0
2024-02-22 00:00:00-05:00,182.81850104532418,184.29317619439553,181.80218936609842,183.70529174804688,52292200,0.0,0.0
2024-02-23 00:00:00-05:00,184.3429666556088,184.37285727847149,181.57299077597804,181.86195373535156,45119700,0.0,0.0
2024-02-26 00:00:00-05:00,181.5829591995408,182.10107345002203,179.99868021477354,180.50685119628906,40867400,0.0,0.0
2024-02-27 00:00:00-05:00,180.4470750372319,183.25690001064538,178.9126187804792,181.9715576171875,54318900,0.0,0.0
2024-02-28 00:00:00-05:00,181.85199678307725,182.45979817680953,179.48058766314844,180.76593017578125,48953900,0.0,0.0
2024-02-29 00:00:00-05:00,180.61647239906964,181.91178855608587,178.88274013933005,180.0983428955078,136682600,0.0,0.0
2024-03-01 00:00:00-05:00,178.9026640457765,179.87912655443867,176.74048946042234,179.01226806640625,73488000,0.0,0.0
2024-03-04 00:00:00-05:00,175.5149217629811,176.26221779411006,173.1634296435442,174.46871948242188,81510100,0.0,0.0
2024-03-05 00:00:00-05:00,170.14434479927544,171.4197287337638,169.00845550750375,169.50665283203125,95132400,0.0,0.0
2024-03-06 00:00:00-05:00,170.44326190896186,170.6226208472031,168.0718378391885,168.51025390625,68587700,0.0,0.0
2024-03-07 00:00:00-05:00,168.5401391424349,170.1144444221278,167.88253026663398,168.39068603515625,71765100,0.0,0.0
2024-03-08 00:00:00-05:00,168.39069767067738,173.0737495355564,168.33091642363513,170.1144561767578,76114600,0.0,0.0
2024-03-11 00:00:00-04:00,172.31649942978052,173.75131021022753,171.42970876738985,172.12718200683594,60139500,0.0,0.0
2024-03-12 00:00:00-04:00,172.52572483722957,173.40255698056936,170.39344092810595,172.60543823242188,59825400,0.0,0.0
2024-03-13 00:00:00-04:00,172.14711771653415,172.56560166885345,170.14435462584885,170.51303100585938,52488700,0.0,0.0
2024-03-14 00:00:00-04:00,172.286609864896,173.68155635236576,171.4297098215142,172.37628173828125,72913500,0.0,0.0
2024-03-15 00:00:00-04:00,170.55286572568298,171.9976348876953,169.67603359258842,171.9976348876953,121664700,0.0,0.0
2024-03-18 00:00:00-04:00,174.93702524630143,177.06930930187292,172.89441306506424,173.09368896484375,75604200,0.0,0.0
2024-03-19 00:00:00-04:00,173.71144297319321,175.9732631292534,172.40616838919217,175.44517517089844,55215200,0.0,0.0
2024-03-20 00:00:00-04:00,175.08647190626633,178.0258331298828,174.45873840154812,178.0258331298828,53423100,0.0,0.0
2024-03-21 00:00:00-04:00,176.41166541450514,176.85008146724155,170.2240483134294,170.75213623046875,106181300,0.0,0.0
2024-03-22 00:00:00-04:00,171.14074502028382,172.42610267352754,169.44687710249696,171.65887451171875,71106600,0.0,0.0
2024-03-25 00:00:00-04:00,169.9550500090239,171.32010587263267,168.83907761478048,170.23403930664062,54288300,0.0,0.0
2024-03-26 00:00:00-04:00,169.38709229314748,170.80197088667242,168.96860836017046,169.09814453125,57388400,0.0,0.0
2024-03-27 00:00:00-04:00,169.79562681694486,172.97412838637234,169.4967053620682,172.68516540527344,60273300,0.0,0.0
2024-03-28 00:00:00-04:00,171.1307861915964,171.60905138066403,169.8952513157474,170.86175537109375,65672700,0.0,0.0
2024-04-01 00:00:00-04:00,170.5727983430009,170.63257958791667,168.86895684402387,169.41697692871094,46240500,0.0,0.0
2024-04-02 00:00:00-04:00,168.47041766713258,168.72947481572177,167.62347609078947,168.2312774658203,49329500,0.0,0.0
2024-04-03 00:00:00-04:00,168.1814453345995,170.0646306043195,167.97221097339488,169.03834533691406,47691700,0.0,0.0
2024-04-04 00:00:00-04:00,169.676035612487,171.30016373186453,168.2113494873047,168.2113494873047,53704400,0.0,0.0
2024-04-05 00:00:00-04:00,168.97857114439864,169.77568993392828,168.3408791535302,168.96861267089844,42055200,0.0,0.0
2024-04-08 00:00:00-04:00,168.42059262733576,168.58997789957206,167.6334475147346,167.84268188476562,37425500,0.0,0.0
2024-04-09 00:00:00-04:00,168.09178448948546,169.46681405411152,167.7430554633485,169.05828857421875,42451200,0.0,0.0
2024-04-10 00:00:00-04:00,168.1914367648804,168.48038455258805,166.5075272055357,167.17510986328125,49709300,0.0,0.0
2024-04-11 00:00:00-04:00,167.73307888899373,174.8274194382653,167.55373514215378,174.40892028808594,91070300,0.0,0.0
2024-04-12 00:00:00-04:00,173.63173034934167,177.71695459263955,173.58192277868224,175.91348266601562,101593300,0.0,0.0
2024-04-15 00:00:00-04:00,174.7277545222084,175.9931798985106,171.8780654093003,172.0673828125,73531800,0.0,0.0
2024-04-16 00:00:00-04:00,171.13079884415893,173.13354682452112,167.6633493604441,168.76934814453125,73711200,0.0,0.0
2024-04-17 00:00:00-04:00,168.99849837401,170.0347421275801,167.39430236816406,167.39430236816406,50901200,0.0,0.0
2024-04-18 00:00:00-04:00,167.4241802492927,168.0319815519269,165.94952052629202,166.437744140625,43122900,0.0,0.0
2024-04-19 00:00:00-04:00,165.610765092168,165.80006730864108,163.48843957599198,164.40512084960938,67772100,0.0,0.0
2024-04-22 00:00:00-04:00,164.92325754431266,166.65697461863107,164.17596150778874,165.24209594726562,48116400,0.0,0.0
2024-04-23 00:00:00-04:00,164.75386398167788,166.44773187185876,164.32540636965405,166.2982635498047,49537800,0.0,0.0
2024-04-24 00:00:00-04:00,165.93957460997115,168.68963384433354,165.61077772251915,168.41064453125,48251800,0.0,0.0
2024-04-25 00:00:00-04:00,168.91879363485126,169.9949017439694,167.54376407257087,169.27749633789062,50558300,0.0,0.0
2024-04-26 00:00:00-04:00,169.26753170576032,170.72225941243215,168.57004327249933,168.6896209716797,44838400,0.0,0.0
2024-04-29 00:00:00-04:00,172.74492977704497,175.39534310552878,172.47591417733986,172.8744659423828,68169400,0.0,0.0
2024-04-30 00:00:00-04:00,172.7050959791447,174.3591148377481,169.38709978825105,169.71591186523438,65934800,0.0,0.0
2024-05-01 00:00:00-04:00,168.96861026347364,172.08733045132695,168.50030355143892,168.6896209716797,50383100,0.0,0.0
2024-05-02 00:00:00-04:00,171.8880442050533,172.7947670308616,170.27388965643632,172.4061737060547,94214900,0.0,0.0
2024-05-03 00:00:00-04:00,185.9770408577792,186.32578503963057,182.0014362443012,182.71884155273438,163224100,0.0,0.0
2024-05-06 00:00:00-04:00,181.6925778578994,183.5358989126904,179.76952819965473,181.0548858642578,78569700,0.0,0.0
2024-05-07 00:00:00-04:00,182.78860333233249,184.23337259597065,180.66629297548113,181.7423858642578,77305800,0.0,0.0
2024-05-08 00:00:00-04:00,182.19076551728074,182.40997355379537,180.79580390275353,182.08116149902344,45057100,0.0,0.0
2024-05-09 00:00:00-04:00,181.90182360877466,183.99425867082294,181.45344901084354,183.9045867919922,48983000,0.0,0.0
2024-05-10 00:00:00-04:00,184.48325715706596,184.67283136158454,181.7195112814573,182.63743591308594,50759500,0.25,0.0
2024-05-13 00:00:00-04:00,185.0220348889267,186.67829703001243,184.2038757983674,185.86013793945312,72044800,0.0,0.0
2024-05-14 00:00:00-04:00,187.0873746193062,187.87560260141976,185.87012310151908,187.00755310058594,52393600,0.0,0.0
2024-05-15 00:00:00-04:00,187.48648604697289,190.2203008031565,186.9476945906926,189.2924041748047,70400000,0.0,0.0
2024-05-16 00:00:00-04:00,190.04070957734746,190.66929452090585,189.23253763528552,189.41212463378906,52845200,0.0,0.0
2024-05-17 00:00:00-04:00,189.08285791419516,190.3799308889647,188.7535998742954,189.44204711914062,41282900,0.0,0.0
2024-05-20 00:00:00-04:00,188.90328335886426,191.48744227389747,188.58399727816297,190.6094207763672,44361300,0.0,0.0
2024-05-21 00:00:00-04:00,190.65930352654095,192.295606563888,190.48968851208156,191.91647338867188,42309400,0.0,0.0
2024-05-22 00:00:00-04:00,191.83664908760778,192.38541249371693,189.84115686495446,190.4697265625,34648500,0.0,0.0
2024-05-23 00:00:00-04:00,190.54955125962866,190.5695104450197,186.20936473753514,186.45880126953125,51005900,0.0,0.0
2024-05-24 00:00:00-04:00,188.3944296603675,190.15045735054443,187.61617368042806,189.5518035888672,36294600,0.0,0.0
2024-05-28 00:00:00-04:00,191.07834591388357,192.56499305086223,188.6737894364844,189.56178283691406,52280100,0.0,0.0
2024-05-29 00:00:00-04:00,189.18265440509,191.81670371975596,189.0828736970108,189.86111450195312,53068000,0.0,0.0
2024-05-30 00:00:00-04:00,190.33005195445256,191.74684967437963,190.2003553062749,190.85885620117188,49947900,0.0,0.0
2024-05-31 00:00:00-04:00,191.00850903182757,192.13596695656702,189.48195877103,191.81668090820312,75158300,0.0,0.0
2024-06-03 00:00:00-04:00,192.46522387732944,194.55052487571635,192.08609069758458,193.59268188476562,50080500,0.0,0.0
2024-06-04 00:00:00-04:00,194.20129645164835,194.87977170290745,192.59492465346364,193.91195678710938,47471400,0.0,0.0
2024-06-05 00:00:00-04:00,194.95958593724887,196.45620511862302,194.43078171111515,195.42852783203125,54156800,0.0,0.0
2024-06-06 00:00:00-04:00,195.24895132280378,196.05712328824086,193.73237287474004,194.0416717529297,41181800,0.0,0.0
2024-06-07 00:00:00-04:00,194.2112712938544,196.4961183769711,193.7024262662087,196.44622802734375,53103900,0.0,0.0
2024-06-10 00:00:00-04:00,196.45620195884163,196.85530953542744,191.7169079607164,192.68472290039062,97262100,0.0,0.0
2024-06-11 00:00:00-04:00,193.21353266624035,206.6930926736998,193.1935887051364,206.68310546875,172373300,0.0,0.0
2024-06-12 00:00:00-04:00,206.902617394007,219.7037025197263,206.43367547843766,212.58978271484375,198134300,0.0,0.0
2024-06-13 00:00:00-04:00,214.25601418934664,216.2614784743462,211.12309188063193,213.75714111328125,97862700,0.0,0.0
2024-06-14 00:00:00-04:00,213.36801320894725,214.68503016669274,210.8237575657328,212.01107788085938,70122700,0.0,0.0
2024-06-17 00:00:00-04:00,212.88909055319678,218.45651588142053,212.2405616472853,216.18165588378906,93728300,0.0,0.0
2024-06-18 00:00:00-04:00,217.09957203800778,218.13723651623954,212.5199210550432,213.8070068359375,79943300,0.0,0.0
2024-06-20 00:00:00-04:00,213.44781843702847,213.75713252024897,208.3792815854295,209.2073974609375,86172500,0.0,0.0
2024-06-21 00:00:00-04:00,209.91581187096148,211.41243109582913,206.64320571720273,207.02235412597656,246421400,0.0,0.0
2024-06-24 00:00:00-04:00,207.25183162238307,212.22060318958276,206.1243736003879,207.67088317871094,80727000,0.0,0.0
2024-06-25 00:00:00-04:00,208.67859169129048,210.90357646615678,208.13981549353107,208.59878540039062,56713900,0.0,0.0
2024-06-26 00:00:00-04:00,211.0233076661301,214.37573529051122,210.16524538059215,212.7693634033203,66213200,0.0,0.0
2024-06-27 00:00:00-04:00,214.2061287476001,215.25376527623442,211.8714063519454,213.61746215820312,49772700,0.0,0.0
2024-06-28 00:00:00-04:00,215.28368048569334,215.58300736088682,209.8260080950157,210.14527893066406,82542700,0.0,0.0
2024-07-01 00:00:00-04:00,211.61197396968475,217.01975619065925,211.4423589537816,216.261474609375,60402900,0.0,0.0
2024-07-02 00:00:00-04:00,215.66281990345283,219.88329699479613,214.61519864650157,219.77354431152344,58046200,0.0,0.0
2024-07-03 00:00:00-04:00,219.50414962607874,221.0506591796875,218.53633465750286,221.0506591796875,37369800,0.0,0.0
2024-07-05 00:00:00-04:00,221.15041758535088,225.93960192344272,221.15041758535088,225.82984924316406,60412400,0.0,0.0
2024-07-08 00:00:00-04:00,226.57816816685514,227.33646497984205,222.74682662809306,227.30653381347656,59085900,0.0,0.0
2024-07-09 00:00:00-04:00,227.41627168952732,228.8829597417087,225.85979013808537,228.16458129882812,48076100,0.0,0.0
2024-07-10 00:00:00-04:00,228.78319647541346,232.55467572482934,228.73330612276442,232.45489501953125,62627700,0.0,0.0
2024-07-11 00:00:00-04:00,230.86848076037649,231.86622690917008,225.26115227596378,227.05709838867188,64710600,0.0,0.0
2024-07-12 00:00:00-04:00,228.40404188598967,232.11565870158282,228.1645773343909,230.0203857421875,53046500,0.0,0.0
2024-07-15 00:00:00-04:00,235.94700263838575,236.69531224247876,232.5646438368613,233.87168884277344,62631300,0.0,0.0
2024-07-16 00:00:00-04:00,234.47032795283747,235.73746973269033,231.8063477557903,234.29074096679688,43234300,0.0,0.0
2024-07-17 00:00:00-04:00,228.9328431112231,230.93832254659503,226.12917896312734,228.3641357421875,57345900,0.0,0.0
2024-07-18 00:00:00-04:00,229.76098610155705,229.92062914212065,221.7690447852705,223.6747283935547,66034600,0.0,0.0
2024-07-19 00:00:00-04:00,224.31328836166992,226.28882140195597,222.77675082247163,223.80442810058594,49151500,0.0,0.0
2024-07-22 00:00:00-04:00,226.4983442399413,227.26661302541467,222.58718122432802,223.45523071289062,48201800,0.0,0.0
2024-07-23 00:00:00-04:00,223.86429647317826,226.42851135969482,222.1781030613285,224.5028533935547,39960300,0.0,0.0
2024-07-24 00:00:00-04:00,223.49514031921132,224.29334029380243,216.64062905712152,218.0474395751953,61777600,0.0,0.0
2024-07-25 00:00:00-04:00,218.4365585703147,220.35224458682225,214.13627507494223,216.99981689453125,51391200,0.0,0.0
2024-07-26 00:00:00-04:00,218.20707238174316,218.99530033853074,215.52313289555326,217.46875,41601300,0.0,0.0
2024-07-29 00:00:00-04:00,216.47100932714253,218.80573164190093,215.26372979848315,217.7481231689453,36311800,0.0,0.0
2024-07-30 00:00:00-04:00,218.6959746261333,219.8334045947242,215.63288672795753,218.30685424804688,41643800,0.0,0.0
2024-07-31 00:00:00-04:00,220.94091084366266,223.3155515626994,220.13273889458495,221.5794677734375,50036300,0.0,0.0
2024-08-01 00:00:00-04:00,223.86429233538576,223.9740450176905,216.53086747941563,217.8678436279297,62501000,0.0,0.0
2024-08-02 00:00:00-04:00,218.65606496292435,225.09153987705304,217.2193232804361,219.36447143554688,105568600,0.0,0.0
2024-08-05 00:00:00-04:00,198.64127617987643,213.0188017705649,195.55824424838744,208.79833984375,119548600,0.0,0.0
2024-08-06 00:00:00-04:00,204.83729660703725,209.51672869129231,200.6168344706096,206.762939453125,69660500,0.0,0.0
2024-08-07 00:00:00-04:00,206.43367474426563,213.15848935419993,205.9248296826355,209.34710693359375,63516400,0.0,0.0
2024-08-08 00:00:00-04:00,212.6296774525561,213.71721707569145,208.35932525259923,212.8292236328125,47161100,0.0,0.0
2024-08-09 00:00:00-04:00,211.62197118803232,216.29141600978787,211.4922593126285,215.7526397705078,42201600,0.0,0.0
2024-08-12 00:00:00-04:00,215.83255236617862,219.26875909808805,215.36306766380915,217.2909393310547,38028100,0.25,0.0
2024-08-13 00:00:00-04:00,218.76929897291208,221.646138683676,218.76929897291208,221.02682495117188,44155300,0.0,0.0
2024-08-14 00:00:00-04:00,220.3276035510778,222.7848915052682,219.45854930599305,221.47633361816406,41960600,0.0,0.0
2024-08-15 00:00:00-04:00,224.35317447515422,225.10235023777113,222.5151850202656,224.47303771972656,46414000,0.0,0.0
2024-08-16 00:00:00-04:00,223.67391069385005,226.5807162697698,223.40420315535758,225.80157470703125,44340200,0.0,0.0
2024-08-19 00:00:00-04:00,225.4719428035102,225.74165035068273,222.79488010428776,225.64175415039062,40687800,0.0,0.0
2024-08-20 00:00:00-04:00,225.52188562847152,226.92034094772856,225.20222998863,226.2610626220703,30299000,0.0,0.0
2024-08-21 00:00:00-04:00,226.2710625686077,227.7294495174454,224.80267685471037,226.15118408203125,34765500,0.0,0.0
2024-08-22 00:00:00-04:00,227.53966079897057,228.08905941841815,223.65393636981634,224.2832489013672,43695300,0.0,0.0
2024-08-23 00:00:00-04:00,225.41200238324527,227.96918649391685,224.0834622297127,226.5906982421875,38677300,0.0,0.0
2024-08-26 00:00:00-04:00,226.5107917661563,227.03022456881217,223.64395069142014,226.93032836914062,30602200,0.0,0.0
2024-08-27 00:00:00-04:00,225.75162066501636,228.5984945445466,224.64283997153836,227.77938842773438,35934600,0.0,0.0
2024-08-28 00:00:00-04:00,227.6695099550691,229.6073802985885,225.4319662685897,226.2410888671875,38052200,0.0,0.0
2024-08-29 00:00:00-04:00,229.8471324488683,232.66402541964027,228.62847197635801,229.53746032714844,51906300,0.0,0.0
2024-08-30 00:00:00-04:00,229.93703146120657,230.14679214282077,227.23000295250677,228.7483367919922,52990800,0.0,0.0
2024-09-03 00:00:00-04:00,228.29882348382426,228.74832587928796,220.92692932694945,222.52517700195312,50190600,0.0,0.0
2024-09-04 00:00:00-04:00,221.4164072047842,221.53627045160738,217.24099295020864,220.6072998046875,43840200,0.0,0.0
2024-09-05 00:00:00-04:00,221.38642912323468,225.23218875186365,221.2765494057299,222.13560485839844,36615400,0.0,0.0
2024-09-06 00:00:00-04:00,223.7038813850335,224.99247224215048,219.5284824188554,220.57733154296875,48423000,0.0,0.0
2024-09-09 00:00:00-04:00,220.57732363843863,221.0268260349447,216.47183996524672,220.66722106933594,67180000,0.0,0.0
2024-09-10 00:00:00-04:00,218.67940838073807,221.23659254048482,216.49181271910507,219.86810302734375,51591000,0.0,0.0
2024-09-11 00:00:00-04:00,221.21662032032157,222.84481857216005,217.65053646391294,222.41529846191406,44587100,0.0,0.0
2024-09-12 00:00:00-04:00,222.25546946786713,223.30431855196207,219.57842214055833,222.52517700195312,37498200,0.0,0.0
2024-09-13 00:00:00-04:00,223.33429284055268,223.7937787761964,221.66612995902517,222.25547790527344,36766600,0.0,0.0
2024-09-16 00:00:00-04:00,216.302019591785,216.98128020943747,213.6849038037586,216.082275390625,59357400,0.0,0.0
2024-09-17 00:00:00-04:00,215.51289221314667,216.6616222741377,214.26426595466958,216.55174255371094,45519300,0.0,0.0
2024-09-18 00:00:00-04:00,217.31091546092293,222.46524827574677,217.30091669603667,220.4474639892578,59894900,0.0,0.0
2024-09-19 00:00:00-04:00,224.74274368478322,229.56743739121873,224.38313871157,228.61846923828125,66781300,0.0,0.0
2024-09-20 00:00:00-04:00,229.7172625160979,232.83382873595048,227.36983908638868,227.94920349121094,318679900,0.0,0.0
2024-09-23 00:00:00-04:00,227.09015412184934,229.19783588273827,225.56183678133013,226.2211151123047,54146000,0.0,0.0
2024-09-24 00:00:00-04:00,228.39870925768025,229.09795215651428,225.48192014495527,227.1201171875,43556100,0.0,0.0
2024-09-25 00:00:00-04:00,224.6827959331431,227.04020291666632,223.77380760174057,226.1212158203125,42308700,0.0,0.0
2024-09-26 00:00:00-04:00,227.05019905798116,228.24887720276465,225.16227678839184,227.26995849609375,36636700,0.0,0.0
2024-09-27 00:00:00-04:00,228.20893469195548,229.26776733886913,227.05020584581527,227.53965759277344,34026000,0.0,0.0
2024-09-30 00:00:00-04:00,229.78718847660608,232.7439422607422,229.39761768078608,232.7439422607422,54541900,0.0,0.0
2024-10-01 00:00:00-04:00,229.2677705196639,229.3976172900359,223.49412373913023,225.96141052246094,63285000,0.0,0.0
2024-10-02 00:00:00-04:00,225.64175566026316,227.12012493395358,222.77491454853467,226.53077697753906,32880600,0.0,0.0
2024-10-03 00:00:00-04:00,224.8925655126969,226.56072831643584,223.0745736591087,225.42198181152344,34044200,0.0,0.0
2024-10-04 00:00:00-04:00,227.6495326914976,227.74942888869526,223.88368688105714,226.55075073242188,37245100,0.0,0.0
2024-10-07 00:00:00-04:00,224.25327473060864,225.44196936055414,221.08676038639473,221.4463653564453,39505400,0.0,0.0
2024-10-08 00:00:00-04:00,224.05349542674807,225.73164177618557,223.0046463373399,225.52188110351562,31855700,0.0,0.0
2024-10-09 00:00:00-04:00,224.9824739985636,229.49751090746852,224.58291968465133,229.28773498535156,33591100,0.0,0.0
2024-10-10 00:00:00-04:00,227.5296744960524,229.24778548023318,226.9203442604764,228.7882843017578,28183500,0.0,0.0
2024-10-11 00:00:00-04:00,229.04800351672907,229.15788323697032,227.09015084025384,227.2999267578125,31759200,0.0,0.0
2024-10-14 00:00:00-04:00,228.44865815944695,231.47532700331138,228.34877720356226,231.04580688476562,39882100,0.0,0.0
2024-10-15 00:00:00-04:00,233.3532605949055,237.22900130875718,232.11461788171079,233.59300231933594,64751400,0.0,0.0
2024-10-16 00:00:00-04:00,231.34547369396782,231.86489123072647,229.5873982094942,231.5252685546875,34082200,0.0,0.0
2024-10-17 00:00:00-04:00,233.17345903647427,233.59301088010824,230.26666863657624,231.89486694335938,32993800,0.0,0.0
2024-10-18 00:00:00-04:00,235.9204255737285,235.9204255737285,233.75281228137578,234.74172973632812,46431500,0.0,0.0
2024-10-21 00:00:00-04:00,234.19234018879644,236.5897117727769,234.19234018879644,236.22010803222656,36254500,0.0,0.0
2024-10-22 00:00:00-04:00,233.6329632952546,235.96040454410334,232.3443876620224,235.60079956054688,38846600,0.0,0.0
2024-10-23 00:00:00-04:00,233.822752128634,234.88158476901867,227.50969037853835,230.5063934326172,52287000,0.0,0.0
2024-10-24 00:00:00-04:00,229.7272566761152,230.56634513279107,228.15898997077215,230.31661987304688,31109500,0.0,0.0
2024-10-25 00:00:00-04:00,229.4875225740561,232.96369380669327,229.3177112321018,231.1556854248047,38802300,0.0,0.0
2024-10-28 00:00:00-04:00,233.06359498314518,234.472033847566,232.29443692443334,233.14349365234375,36087100,0.0,0.0
2024-10-29 00:00:00-04:00,232.84382710997653,234.07247106119948,232.06468555632105,233.41319274902344,35417200,0.0,0.0
2024-10-30 00:00:00-04:00,232.35435817157438,233.21341362628857,229.29772360355057,229.8471221923828,47070900,0.0,0.0
2024-10-31 00:00:00-04:00,229.08795100904055,229.57741798472995,225.1223128313268,225.66172790527344,64370100,0.0,0.0
2024-11-01 00:00:00-04:00,220.72715344034327,225.10234466312102,220.02792579428782,222.66502380371094,65276700,0.0,0.0
2024-11-04 00:00:00-05:00,220.74713841963055,222.54514803369162,219.46854635353304,221.76600646972656,44944500,0.0,0.0
2024-11-05 00:00:00-05:00,221.5562414690178,223.70387248945224,220.896963160989,223.2044219970703,28111300,0.0,0.0
2024-11-06 00:00:00-05:00,222.36535526416637,225.82155947797517,220.94691765378838,222.47523498535156,54561100,0.0,0.0
2024-11-07 00:00:00-05:00,224.38313701629485,227.629565273657,224.32320539488208,227.22999572753906,42137700,0.0,0.0
2024-11-08 00:00:00-05:00,227.1699981689453,228.66000366210938,226.41000366210938,226.9600067138672,38328800,0.25,0.0
2024-11-11 00:00:00-05:00,225.0,225.6999969482422,221.5,224.22999572753906,42005600,0.0,0.0
2024-11-12 00:00:00-05:00,224.5500030517578,225.58999633789062,223.36000061035156,224.22999572753906,40398300,0.0,0.0
2024-11-13 00:00:00-05:00,224.00999450683594,226.64999389648438,222.75999450683594,225.1199951171875,48566200,0.0,0.0
2024-11-14 00:00:00-05:00,225.02000427246094,228.8699951171875,225.0,228.22000122070312,44923900,0.0,0.0
2024-11-15 00:00:00-05:00,226.39999389648438,226.9199981689453,224.27000427246094,225.0,47923700,0.0,0.0
2024-11-18 00:00:00-05:00,225.25,229.74000549316406,225.1699981689453,228.02000427246094,44686000,0.0,0.0
2024-11-19 00:00:00-05:00,226.97999572753906,230.16000366210938,226.66000366210938,228.27999877929688,36211800,0.0,0.0
2024-11-20 00:00:00-05:00,228.05999755859375,229.92999267578125,225.88999938964844,229.0,35169600,0.0,0.0
2024-11-21 00:00:00-05:00,228.8800048828125,230.16000366210938,225.7100067138672,228.52000427246094,42108300,0.0,0.0
2024-11-22 00:00:00-05:00,228.05999755859375,230.72000122070312,228.05999755859375,229.8699951171875,38168300,0.0,0.0
2024-11-25 00:00:00-05:00,231.4600067138672,233.25,229.74000549316406,232.8699951171875,90152800,0.0,0.0
2024-11-26 00:00:00-05:00,233.3300018310547,235.57000732421875,233.3300018310547,235.05999755859375,45986200,0.0,0.0
2024-11-27 00:00:00-05:00,234.47000122070312,235.69000244140625,233.80999755859375,234.92999267578125,33498400,0.0,0.0
2024-11-29 00:00:00-05:00,234.80999755859375,237.80999755859375,233.97000122070312,237.3300018310547,28481400,0.0,0.0
2024-12-02 00:00:00-05:00,237.27000427246094,240.7899932861328,237.16000366210938,239.58999633789062,48137100,0.0,0.0
2024-12-03 00:00:00-05:00,239.80999755859375,242.75999450683594,238.89999389648438,242.64999389648438,38861000,0.0,0.0
2024-12-04 00:00:00-05:00,242.8699951171875,244.11000061035156,241.25,243.00999450683594,44383900,0.0,0.0
2024-12-05 00:00:00-05:00,243.99000549316406,244.5399932861328,242.1300048828125,243.0399932861328,40033900,0.0,0.0
2024-12-06 00:00:00-05:00,242.91000366210938,244.6300048828125,242.0800018310547,242.83999633789062,36870600,0.0,0.0
2024-12-09 00:00:00-05:00,241.8300018310547,247.24000549316406,241.75,246.75,44649200,0.0,0.0
2024-12-10 00:00:00-05:00,246.88999938964844,248.2100067138672,245.33999633789062,247.77000427246094,36914800,0.0,0.0
2024-12-11 00:00:00-05:00,247.9600067138672,250.8000030517578,246.25999450683594,246.49000549316406,45205800,0.0,0.0
2024-12-12 00:00:00-05:00,246.88999938964844,248.74000549316406,245.67999267578125,247.9600067138672,32777500,0.0,0.0
2024-12-13 00:00:00-05:00,247.82000732421875,249.2899932861328,246.24000549316406,248.1300048828125,33155300,0.0,0.0
2024-12-16 00:00:00-05:00,247.99000549316406,251.3800048828125,247.64999389648438,251.0399932861328,51694800,0.0,0.0
2024-12-17 00:00:00-05:00,250.0800018310547,253.8300018310547,249.77999877929688,253.47999572753906,51356400,0.0,0.0
2024-12-18 00:00:00-05:00,252.16000366210938,254.27999877929688,247.74000549316406,248.0500030517578,56774100,0.0,0.0
2024-12-19 00:00:00-05:00,247.5,252.0,247.08999633789062,249.7899932861328,60882300,0.0,0.0
2024-12-20 00:00:00-05:00,248.0399932861328,255.0,245.69000244140625,254.49000549316406,147495300,0.0,0.0
2024-12-23 00:00:00-05:00,254.77000427246094,255.64999389648438,253.4499969482422,255.27000427246094,40858800,0.0,0.0
2024-12-24 00:00:00-05:00,255.3699951171875,258.2099914550781,255.30999755859375,258.20001220703125,20965006,0.0,0.0
